names,scores,logfoldchanges,pvals,pvals_adj,pct_nz_group,pct_nz_reference,subcluster
Gpr176,39.878857,7.6335826,0.0,0.0,0.9500805152979066,0.07713464183022878,Purkinje_Aldoc_1
Rora,39.76378,1.2095975,0.0,0.0,1.0,0.9991248906113264,Purkinje_Aldoc_1
Lrp1b,39.227753,1.3198682,0.0,0.0,1.0,0.9984373046630829,Purkinje_Aldoc_1
Auts2,37.663143,0.72671586,1.9936731446854e-310,6.358393279300271e-307,1.0,0.99981247655957,Purkinje_Aldoc_1
Gria1,37.594185,1.4534882,2.67529823412129e-309,7.465754134594722e-306,1.0,0.9904363045380673,Purkinje_Aldoc_1
Col4a6,37.185253,4.369965,1.181508855824365e-302,2.3979259278435406e-299,0.9355877616747182,0.2024003000375047,Purkinje_Aldoc_1
Tenm2,36.35105,1.9439418,2.5291009115687604e-289,4.705181487564381e-286,1.0,0.9761220152519064,Purkinje_Aldoc_1
Epha5,35.737167,1.9518964,1.046988495425548e-279,1.5582678773583574e-276,0.998389694041868,0.9260532566570822,Purkinje_Aldoc_1
Abr,35.634495,1.2574492,4.0964354440618055e-278,5.7158075805424874e-275,1.0,0.9944993124140518,Purkinje_Aldoc_1
Sorcs2,35.467003,3.04225,1.5864732503015273e-275,2.0834126654695056e-272,0.9742351046698873,0.43411676459557447,Purkinje_Aldoc_1
Tmem132c,34.636265,2.5765169,7.191776223546799e-263,8.027820209534113e-260,0.9677938808373591,0.5818852356544568,Purkinje_Aldoc_1
Fstl4,34.554943,1.7273396,1.2013451043790519e-261,1.2190922479664698e-258,0.9919484702093397,0.9708088511063883,Purkinje_Aldoc_1
Slc1a6,34.06472,1.3308444,2.457419627591909e-254,1.9593533280710488e-251,0.998389694041868,0.9845605700712589,Purkinje_Aldoc_1
Cux2,33.836052,2.103941,5.820692141411867e-251,4.331565068567331e-248,0.9887278582930756,0.6760845105638205,Purkinje_Aldoc_1
Plcxd2,33.73318,3.8239944,1.8865854197160755e-249,1.3586457901664964e-246,0.8743961352657005,0.1758969871233904,Purkinje_Aldoc_1
B3galt5,33.541557,3.7024684,1.195410939755567e-246,8.08713613031607e-244,0.8679549114331723,0.19014876859607452,Purkinje_Aldoc_1
Unc5d,33.352592,1.5639559,6.680404624109509e-244,4.38647156568367e-241,1.0,0.956807100887611,Purkinje_Aldoc_1
Rps6ka5,33.159294,1.4124179,4.1604936546029644e-241,2.580083912194755e-238,0.9855072463768116,0.9525565695711964,Purkinje_Aldoc_1
Ppp3ca,32.351997,1.0183424,1.30044748322454e-229,7.444228221278938e-227,0.998389694041868,0.9939367420927616,Purkinje_Aldoc_1
Gnao1,32.032925,1.1107469,3.7959710161066116e-225,2.0177393555852405e-222,0.9935587761674718,0.9888111013876735,Purkinje_Aldoc_1
Tmem132d,31.98958,1.9953898,1.5223460798042737e-224,7.903808425960561e-222,0.966183574879227,0.7743467933491687,Purkinje_Aldoc_1
Dgkh,31.735321,1.3850397,5.06213053060368e-221,2.4045120020367483e-218,1.0,0.9941867733466684,Purkinje_Aldoc_1
Exoc6b,31.574091,0.912408,8.376109975155594e-219,3.8162582692928296e-216,1.0,0.9958119764970621,Purkinje_Aldoc_1
Cdh12,31.56575,1.2243041,1.0902539764172657e-218,4.8679840047030915e-216,0.9919484702093397,0.978809851231404,Purkinje_Aldoc_1
Sntg1,31.546309,1.7112513,2.0147951207705978e-218,8.819666876706587e-216,0.9919484702093397,0.8685460682585323,Purkinje_Aldoc_1
Ephb2,31.120243,3.1791337,1.2821953078904992e-212,5.3009278238250735e-210,0.8647342995169082,0.28041005125640706,Purkinje_Aldoc_1
Tmem132cos,30.788948,2.7420566,3.6841642771265362e-208,1.3940502963872868e-205,0.8856682769726248,0.3568571071383923,Purkinje_Aldoc_1
Fam65b,30.547045,1.3903304,6.1892776303094e-205,2.2651741491255304e-202,0.9774557165861514,0.9332416552069008,Purkinje_Aldoc_1
Negr1,30.16702,1.593512,6.41613740597272e-200,2.2736550410847774e-197,0.9758454106280193,0.864858107263408,Purkinje_Aldoc_1
Mpped2,30.09108,2.436602,6.339363093967696e-199,2.1773274011204433e-196,0.9581320450885669,0.4078634829353669,Purkinje_Aldoc_1
Slc8a1,30.083122,1.4809386,8.056499454329764e-199,2.725171974513818e-196,0.9887278582930756,0.9117389673709214,Purkinje_Aldoc_1
Celf3,30.0623,2.322686,1.5079804500174234e-198,5.02472590248343e-196,0.8985507246376812,0.4158019752469059,Purkinje_Aldoc_1
Nrxn1,29.857737,1.3405156,6.966503786886553e-196,2.287164662385916e-193,0.9935587761674718,0.9506188273534192,Purkinje_Aldoc_1
Trpc7,29.734728,5.1856995,2.7325405551098843e-194,8.841154767076546e-192,0.7278582930756844,0.046380797599699965,Purkinje_Aldoc_1
Slc6a1,29.492434,2.9785159,3.5996844718460135e-191,1.1480422261994607e-188,0.8244766505636071,0.23709213651706462,Purkinje_Aldoc_1
Car7,29.009682,1.936519,4.9669248699916254e-185,1.5400916350355975e-182,0.9162640901771336,0.6048256032004,Purkinje_Aldoc_1
Cntn5,28.894083,2.0549245,1.4168537930830498e-183,4.3330494425450805e-181,0.9629629629629629,0.7154644330541318,Purkinje_Aldoc_1
Gm26688,28.795013,2.8171415,2.4766207090009245e-182,7.4716969362764376e-180,0.8293075684380032,0.28328541067633456,Purkinje_Aldoc_1
Syndig1,28.667717,0.6640875,9.641870230821601e-181,2.8322993803038455e-178,1.0,0.9983122890361296,Purkinje_Aldoc_1
Vwa8,28.501837,1.314947,1.1115980332122016e-178,3.141319758412962e-176,0.9967793880837359,0.9824978122265283,Purkinje_Aldoc_1
Itpr1,28.498457,0.35117882,1.2241571312636797e-178,3.416163494432706e-176,1.0,1.0,Purkinje_Aldoc_1
Nlgn1,28.309172,1.5519333,2.6649016327298594e-176,7.255357189109037e-174,0.9967793880837359,0.8926740842605325,Purkinje_Aldoc_1
Olfm1,28.281921,2.3800516,5.7672175406158734e-176,1.5512425493283058e-173,0.8438003220611916,0.34448056007000877,Purkinje_Aldoc_1
Ncam1,28.271904,0.89080334,7.658305557703456e-176,2.03537704256821e-173,0.9935587761674718,0.9891861482685336,Purkinje_Aldoc_1
Pde1c,28.069118,1.5322738,2.334452154057173e-173,6.060074923177488e-171,0.9838969404186796,0.8756094511813977,Purkinje_Aldoc_1
Kcnn2,27.73946,1.7572598,2.3352588248878262e-169,5.92439241654781e-167,0.9114331723027376,0.6806475809476185,Purkinje_Aldoc_1
Xkr4,27.67221,1.0848168,1.5085818862250687e-168,3.784167484266816e-166,0.9935587761674718,0.9736842105263158,Purkinje_Aldoc_1
Opcml,27.628098,1.1294152,5.116587222080165e-168,1.269197885921552e-165,0.9951690821256038,0.9759969996249531,Purkinje_Aldoc_1
Myo1e,27.620058,4.159846,6.390746050713655e-168,1.5678396217822235e-165,0.7069243156199678,0.09663707963495437,Purkinje_Aldoc_1
Rgs6,27.537174,3.4836495,6.3035251150580674e-167,1.497087214826291e-164,0.7407407407407407,0.17008376047005877,Purkinje_Aldoc_1
Ttll4,26.67779,1.2039143,8.521632977351101e-157,1.96129336308622e-154,0.9774557165861514,0.903487935991999,Purkinje_Aldoc_1
Arhgap42,26.245358,1.955452,8.075444271889348e-152,1.7849930036626702e-149,0.8518518518518519,0.47330916364545567,Purkinje_Aldoc_1
Galm,26.231274,2.8496737,1.1691790392859327e-151,2.559011965888083e-149,0.7584541062801933,0.23309163645455683,Purkinje_Aldoc_1
Frmd6,26.148512,1.8093739,1.0246713034285513e-150,2.2209501795186808e-148,0.8663446054750402,0.5613201650206275,Purkinje_Aldoc_1
Elmo1,26.115679,0.5270765,2.419718000748172e-150,5.194250419875283e-148,0.998389694041868,0.9985623202900362,Purkinje_Aldoc_1
Col4a2,25.924334,2.4818485,3.541672720153065e-148,7.459230516737469e-146,0.7938808373590982,0.2405300662582823,Purkinje_Aldoc_1
Gm42439,25.882254,0.81569314,1.0550983744842988e-147,2.2014085243328943e-145,1.0,0.9961870233779222,Purkinje_Aldoc_1
Trpc4,25.87627,1.8907657,1.2321258991939848e-147,2.5469639536579363e-145,0.8711755233494364,0.5100012501562695,Purkinje_Aldoc_1
Cntn6,25.824339,1.583496,4.726370968994959e-147,9.680388246129583e-145,0.9822866344605475,0.8744843105388174,Purkinje_Aldoc_1
Cpne9,25.792994,1.4713587,1.062682974852712e-146,2.1567634012351633e-144,0.9629629629629629,0.7142767845980748,Purkinje_Aldoc_1
Nav3,25.397474,1.4699756,2.6892722636892265e-142,5.360536007755534e-140,0.9919484702093397,0.8212901612701587,Purkinje_Aldoc_1
Tfap2a,25.228516,2.9143689,1.9495176584639544e-140,3.8515913031157334e-138,0.7198067632850241,0.20902612826603326,Purkinje_Aldoc_1
Pigs,25.215515,1.6793927,2.7074286895966965e-140,5.3020478504601974e-138,0.9162640901771336,0.6285785723215402,Purkinje_Aldoc_1
Col4a1,25.207817,2.854857,3.288350171367073e-140,6.383688484849557e-138,0.7246376811594203,0.18583572946618326,Purkinje_Aldoc_1
Dlx4os,25.161646,1.6307986,1.0538480945435332e-139,2.0108682658704595e-137,0.8904991948470209,0.610388798599825,Purkinje_Aldoc_1
Meg3,25.106062,0.4601803,4.270259214779492e-139,8.079113302538317e-137,1.0,1.0,Purkinje_Aldoc_1
Gabbr2,25.105005,0.58179456,4.3852897084881226e-139,8.227024600167844e-137,0.998389694041868,0.9981247655956995,Purkinje_Aldoc_1
Gm37240,25.005722,0.8757541,5.2972238207955495e-138,9.855043483271721e-136,0.9887278582930756,0.9823102887860983,Purkinje_Aldoc_1
Camk2d,24.992039,1.4378612,7.461678731400888e-138,1.3767105593266514e-135,0.9710144927536232,0.7209026128266033,Purkinje_Aldoc_1
Tenm3,24.975006,1.8014749,1.1427299188822787e-137,2.0911020851677763e-135,0.9452495974235104,0.7817227153394174,Purkinje_Aldoc_1
Mllt3,24.539595,0.8090372,5.5858744123513594e-133,1.013858912648326e-130,1.0,0.9841230153769222,Purkinje_Aldoc_1
Focad,24.53275,1.625357,6.609341798082218e-133,1.1899480293724638e-130,0.8808373590982287,0.6199524940617577,Purkinje_Aldoc_1
Ntrk3,24.521849,0.9212295,8.638737970161638e-133,1.5428786014708687e-130,0.9806763285024155,0.9626203275409426,Purkinje_Aldoc_1
Kcnq3,24.442924,3.9757128,5.984379530730759e-132,1.0519785277445999e-129,0.6360708534621579,0.10251281410176272,Purkinje_Aldoc_1
Kctd12,24.409758,1.595618,1.3472443859146908e-131,2.34978366527699e-129,0.9017713365539453,0.572321540192524,Purkinje_Aldoc_1
Tmeff2,24.373611,1.0191307,3.2582959260378783e-131,5.595496657599664e-129,0.9951690821256038,0.9826228278534817,Purkinje_Aldoc_1
Prkcd,24.335249,2.1893625,8.306809178768637e-131,1.4156451520306095e-128,0.7697262479871175,0.2592824103012877,Purkinje_Aldoc_1
Colq,24.278652,2.4880867,3.295407075248075e-130,5.573482042038885e-128,0.7278582930756844,0.22127765970746344,Purkinje_Aldoc_1
Ppard,24.26848,1.1906233,4.219929919668413e-130,7.083453793729122e-128,0.9629629629629629,0.8471058882360295,Purkinje_Aldoc_1
Lrfn5,24.196499,0.7587013,2.4217178386396015e-129,4.03469035430068e-127,1.0,0.9962495311913989,Purkinje_Aldoc_1
Gng2,24.153913,2.782339,6.792224016145924e-129,1.123232601188576e-126,0.6956521739130435,0.16533316664583073,Purkinje_Aldoc_1
Lhfp,23.980654,1.7482698,4.4266718583720996e-127,7.266577149864494e-125,0.8518518518518519,0.5571321415176897,Purkinje_Aldoc_1
Cacna1c,23.736778,2.2695055,1.5047750882410602e-124,2.4168420032360912e-122,0.7439613526570048,0.32135266908363547,Purkinje_Aldoc_1
Slc24a2,23.528822,0.95623994,2.0684806610205657e-122,3.2292888641457434e-120,0.9887278582930756,0.9511813976747093,Purkinje_Aldoc_1
Ldlrad4,23.243374,1.0724844,1.6598724503955252e-119,2.520860711229939e-117,0.9549114331723028,0.8777972246530816,Purkinje_Aldoc_1
Ctnnd2,23.201456,0.5419004,4.4015982448755144e-119,6.595012135358782e-117,0.9951690821256038,0.9963745468183522,Purkinje_Aldoc_1
Anks1b,23.079758,0.28136632,7.39508920949102e-118,1.0933467986879936e-115,1.0,1.0,Purkinje_Aldoc_1
Aldoc,22.719397,1.6212332,2.8814411217735163e-114,4.1502047124899197e-112,0.9951690821256038,0.752281535191899,Purkinje_Aldoc_1
Arhgap20,22.313156,0.6504359,2.753638400878137e-110,3.866350773560025e-108,0.9967793880837359,0.9919989998749844,Purkinje_Aldoc_1
Cfap100,22.293507,2.2104304,4.2719310948954295e-110,5.960678855846279e-108,0.7069243156199678,0.30053756719589947,Purkinje_Aldoc_1
Fxyd7,22.246794,4.5421014,1.2115186982601484e-109,1.6695774653492476e-107,0.5539452495974235,0.03831728966120765,Purkinje_Aldoc_1
Pacs1,22.198763,1.8982782,3.5303221780117154e-109,4.8057586965921674e-107,0.7665056360708534,0.39342417802225277,Purkinje_Aldoc_1
Sema4d,22.176746,3.348717,5.759560634812196e-109,7.79286007104135e-107,0.5974235104669887,0.1078884860607576,Purkinje_Aldoc_1
Eda,22.141073,1.8580067,1.2717005694305723e-108,1.7000428270980554e-106,0.8389694041867954,0.5038754844355544,Purkinje_Aldoc_1
Cadm1,22.106432,2.3994145,2.740977426664822e-108,3.5995482970760085e-106,0.7085346215780999,0.29703712964120516,Purkinje_Aldoc_1
Clstn2,22.093908,0.87965816,3.6170026391445516e-108,4.722197889994276e-106,0.9951690821256038,0.9738092261532691,Purkinje_Aldoc_1
Col27a1,21.896631,6.0132732,2.7971197274794416e-106,3.6305638323243334e-104,0.5297906602254429,0.019689961245155645,Purkinje_Aldoc_1
Sept4,21.84737,1.401543,8.234153237365566e-106,1.0625865377120593e-103,0.8776167471819646,0.6661457682210277,Purkinje_Aldoc_1
Ptprn,21.624916,1.3860844,1.0470578862883105e-103,1.3434234087003755e-101,0.8969404186795491,0.6258282285285661,Purkinje_Aldoc_1
Myt1l,21.54236,1.1745405,6.244259084951447e-103,7.965890518373775e-101,0.9162640901771336,0.7320290036254532,Purkinje_Aldoc_1
Hs6st3,14.431711,4.673154,3.26871465166821e-47,3.947093908955693e-43,0.9866666666666667,0.3132857833655706,Purkinje_Aldoc_2
Syt1,14.408867,5.504407,4.551171838096096e-47,3.947093908955693e-43,0.9733333333333334,0.23029497098646035,Purkinje_Aldoc_2
Zbtb20,14.398289,3.4065704,5.304045566345836e-47,3.947093908955693e-43,0.9866666666666667,0.8445357833655706,Purkinje_Aldoc_2
Ankrd6,14.052045,4.721241,7.48411219931373e-45,3.753174017312436e-41,0.9733333333333334,0.21282640232108319,Purkinje_Aldoc_2
Cadm1,14.043819,4.1482577,8.405764876399633e-45,3.753174017312436e-41,0.9733333333333334,0.30941731141199225,Purkinje_Aldoc_2
Gng2,13.41352,3.8857381,5.038940760260778e-41,1.6070621781831694e-37,0.96,0.18163684719535783,Purkinje_Aldoc_2
Lsamp,12.800781,1.8818691,1.6230971633599178e-37,2.787357244000782e-34,1.0,0.9792674081237911,Purkinje_Aldoc_2
Nav2,12.36842,3.318594,3.873668039593903e-35,6.177117070280992e-32,0.9333333333333333,0.3977877176015474,Purkinje_Aldoc_2
St6galnac5,12.289322,3.2973368,1.0336952868662351e-34,1.53848315195258e-31,0.9333333333333333,0.1705754352030948,Purkinje_Aldoc_2
Npas3,11.758359,2.5009873,6.396528482178452e-32,7.933472131368552e-29,0.96,0.5566972920696325,Purkinje_Aldoc_2
Zeb2,11.485436,4.0163593,1.5614568871164264e-30,1.6599773811844865e-27,0.8266666666666667,0.07120406189555126,Purkinje_Aldoc_2
Tmtc2,11.39804,2.1040483,4.276391920394302e-30,4.3395658919455815e-27,0.9733333333333334,0.8102635396518375,Purkinje_Aldoc_2
Synpo2,10.991984,2.6758971,4.17643086819558e-28,3.586108428171782e-25,0.9066666666666666,0.24492263056092844,Purkinje_Aldoc_2
Hspa14,10.809557,1.9367917,3.1016496977507182e-27,2.473011767938742e-24,0.9333333333333333,0.7117383945841392,Purkinje_Aldoc_2
Cdh8,10.773084,2.627597,4.612888494713331e-27,3.551128815326728e-24,0.8933333333333333,0.3040377176015474,Purkinje_Aldoc_2
RP23-231J2.1,10.625115,2.5958104,2.2773047340788685e-26,1.5406311572215376e-23,0.9333333333333333,0.45291344294003866,Purkinje_Aldoc_2
Gpc6,10.360237,0.94526947,3.760288748727147e-25,2.2688769274414474e-22,0.9866666666666667,0.9965546421663443,Purkinje_Aldoc_2
Zak,10.234124,3.9437096,1.3945133088202732e-24,7.783127404853149e-22,0.7466666666666667,0.08401837524177949,Purkinje_Aldoc_2
Alpk2,9.908505,1.7746367,3.823236786024967e-23,1.8555165488697262e-20,0.9466666666666667,0.5322775628626693,Purkinje_Aldoc_2
Pcdh15,9.83504,1.8335937,7.95362356009452e-23,3.777971191044897e-20,0.92,0.5258704061895552,Purkinje_Aldoc_2
Me3,9.709566,1.1998341,2.7450352779172626e-22,1.27672734540631e-19,0.9733333333333334,0.870527079303675,Purkinje_Aldoc_2
Slc25a13,9.485491,2.9661586,2.4124446408688322e-21,1.0161854076867298e-18,0.7466666666666667,0.12753868471953578,Purkinje_Aldoc_2
Col4a2,9.403089,2.1314719,5.298461104617898e-21,2.1905211881591587e-18,0.8666666666666667,0.2584622823984526,Purkinje_Aldoc_2
Pde1c,9.300869,1.3397485,1.393028131258516e-20,5.6544278236993405e-18,0.9866666666666667,0.8791706963249516,Purkinje_Aldoc_2
Spock1,9.168037,1.5524015,4.817080867652621e-20,1.8227344130566906e-17,0.9333333333333333,0.7658365570599613,Purkinje_Aldoc_2
Malat1,9.020408,0.28179094,1.873913894566711e-19,6.858217655115052e-17,1.0,1.0,Purkinje_Aldoc_2
Dpp6,9.011856,1.0741669,2.0259866226808825e-19,7.295185701830758e-17,0.9866666666666667,0.9089095744680851,Purkinje_Aldoc_2
Fam117a,8.935423,1.3251929,4.056223203476235e-19,1.3931566618093378e-16,0.9866666666666667,0.9080029013539652,Purkinje_Aldoc_2
Ccdc172,8.772825,3.5632496,1.742389216521841e-18,5.805796904305986e-16,0.6533333333333333,0.07072050290135397,Purkinje_Aldoc_2
Drd3,8.371497,5.676284,5.689078419174055e-17,1.6934490094408105e-14,0.5733333333333334,0.016259671179883944,Purkinje_Aldoc_2
Cntn3,8.315545,0.789388,9.133181884350982e-17,2.6140805842068677e-14,1.0,0.9942577369439072,Purkinje_Aldoc_2
Col4a1,8.310768,2.1366181,9.508432902124065e-17,2.6870349941761993e-14,0.76,0.20345744680851063,Purkinje_Aldoc_2
Pcsk1,8.26057,1.6837919,1.4497935402223487e-16,4.0458300981829916e-14,0.84,0.47014023210831724,Purkinje_Aldoc_2
Gprin3,8.157276,2.762651,3.426639831053436e-16,9.329235881496092e-14,0.6533333333333333,0.12397243713733075,Purkinje_Aldoc_2
Sparcl1,8.108718,1.5573667,5.115684128500176e-16,1.3596148591519814e-13,0.8533333333333334,0.5120889748549323,Purkinje_Aldoc_2
Sema3a,7.9042783,1.2224116,2.6949016064923925e-15,6.836781632379849e-13,0.9733333333333334,0.8665377176015474,Purkinje_Aldoc_2
Slc7a6,7.866599,1.4868263,3.6441273209433814e-15,9.039460271117888e-13,0.88,0.3933147969052224,Purkinje_Aldoc_2
Syt4,7.848869,1.5210629,4.1980664486611104e-15,1.0299102578720801e-12,0.9066666666666666,0.5125725338491296,Purkinje_Aldoc_2
Htra1,7.7623773,1.0747453,8.335209405737985e-15,1.9587742103484266e-12,0.96,0.7837886847195358,Purkinje_Aldoc_2
Plcxd3,7.697982,1.7570109,1.3823199020481421e-14,3.1490093686964057e-12,0.8,0.37010396518375244,Purkinje_Aldoc_2
Kif26b,7.6492662,1.6477082,2.0212933094549118e-14,4.558118498341506e-12,0.8,0.34507978723404253,Purkinje_Aldoc_2
Ift57,7.6211877,0.99374944,2.513524372056422e-14,5.6114431606159624e-12,0.9733333333333334,0.8517287234042553,Purkinje_Aldoc_2
Nav3,7.596751,1.2381129,3.036572113493213e-14,6.581696352789901e-12,0.9866666666666667,0.8269463249516441,Purkinje_Aldoc_2
Tnfrsf11b,7.5586376,2.4688208,4.0731289950040765e-14,8.660248077472953e-12,0.6533333333333333,0.1816972920696325,Purkinje_Aldoc_2
Frmd4b,7.5468416,2.6690304,4.459401604964303e-14,9.304312227180191e-12,0.6266666666666667,0.1410178916827853,Purkinje_Aldoc_2
Adam12,7.4950504,1.230432,6.627287391719187e-14,1.3573778992672556e-11,0.9333333333333333,0.6934840425531915,Purkinje_Aldoc_2
Cachd1,7.4108744,2.5109255,1.2546917923953616e-13,2.4788490500200398e-11,0.6266666666666667,0.13104448742746616,Purkinje_Aldoc_2
Adcy8,7.384448,1.3019485,1.5308683757559872e-13,2.9979505691888084e-11,0.88,0.5375362669245648,Purkinje_Aldoc_2
Plcb1,7.224419,1.3035158,5.032490007141492e-13,9.441204992389396e-11,0.96,0.8542069632495164,Purkinje_Aldoc_2
Kitl,7.106544,0.62521374,1.189849026070192e-12,2.1422080247594387e-10,0.9866666666666667,0.9913563829787234,Purkinje_Aldoc_2
Lpcat3,7.0860033,2.0372767,1.3804041136628915e-12,2.4265765226396893e-10,0.64,0.16132736943907156,Purkinje_Aldoc_2
Camk2d,7.07949,1.07198,1.4468562026483413e-12,2.5235206815722045e-10,0.9733333333333334,0.7291465183752418,Purkinje_Aldoc_2
Pigk,6.9187975,0.8815609,4.554931901890297e-12,7.560773208947475e-10,0.96,0.8491295938104448,Purkinje_Aldoc_2
Xylt1,6.8839164,1.151865,5.822910467949283e-12,9.488793882990345e-10,0.9066666666666666,0.6558268858800773,Purkinje_Aldoc_2
Kcnc1,6.8164454,1.2629752,9.332070309397544e-12,1.4775777989879444e-09,0.84,0.4723766924564797,Purkinje_Aldoc_2
Aldoc,6.751688,1.4489852,1.461346509908254e-11,2.2814378205385853e-09,0.9733333333333334,0.7603965183752418,Purkinje_Aldoc_2
Caln1,6.747949,0.50005215,1.499494136377022e-11,2.324736569070626e-09,1.0,0.9927466150870407,Purkinje_Aldoc_2
Fgf10,6.6931424,1.4247841,2.1842801986755938e-11,3.2727553983511833e-09,0.76,0.2741779497098646,Purkinje_Aldoc_2
Rgs7,6.5909715,0.7364658,4.36958201825028e-11,6.334475231002436e-09,0.9866666666666667,0.9697775628626693,Purkinje_Aldoc_2
Tenm3,6.52455,1.4632014,6.820610543903558e-11,9.698734419913817e-09,0.8666666666666667,0.7874758220502901,Purkinje_Aldoc_2
Gm21798,6.498027,1.3969492,8.138022720237373e-11,1.1214898594401196e-08,0.76,0.3338974854932302,Purkinje_Aldoc_2
Dlgap1,6.357151,0.33242932,2.0553002340197538e-10,2.683308638859123e-08,1.0,0.9978239845261122,Purkinje_Aldoc_2
March11,6.27669,1.207195,3.458567184716902e-10,4.362288836090668e-08,0.84,0.5461798839458414,Purkinje_Aldoc_2
Podxl2,6.2714314,0.9546385,3.5774424372206167e-10,4.4868765399410264e-08,0.9066666666666666,0.6696083172147002,Purkinje_Aldoc_2
A330008L17Rik,6.236948,2.1759455,4.461902533935303e-10,5.473185388467342e-08,0.56,0.19614361702127658,Purkinje_Aldoc_2
Ide,6.1797414,0.8970807,6.420675597434713e-10,7.706536704985483e-08,0.9333333333333333,0.7441972920696325,Purkinje_Aldoc_2
Calb1,6.127371,0.5371989,8.934295278496236e-10,1.0553340851451241e-07,1.0,0.9986097678916828,Purkinje_Aldoc_2
Cntn4,6.103285,0.9464413,1.0391055473996287e-09,1.2082307992550369e-07,0.9866666666666667,0.9165256286266924,Purkinje_Aldoc_2
Pdzrn4,6.0093994,1.1018542,1.862118113815708e-09,2.1428756129348288e-07,0.9066666666666666,0.6041465183752418,Purkinje_Aldoc_2
Pde4b,6.0004015,1.594902,1.9682996022745856e-09,2.2534506985015447e-07,0.64,0.2660178916827853,Purkinje_Aldoc_2
Sema7a,5.9962163,1.1562856,2.0196778981941145e-09,2.300474952917531e-07,0.8,0.5348766924564797,Purkinje_Aldoc_2
Fstl5,5.967185,1.7394785,2.4138184251209695e-09,2.7216412293346286e-07,0.6,0.22273936170212766,Purkinje_Aldoc_2
Sat1,5.961299,1.0485759,2.5024063744090894e-09,2.807347854707684e-07,0.88,0.5250846228239845,Purkinje_Aldoc_2
Slit2,5.959936,1.564,2.523366699626908e-09,2.816708078458536e-07,0.6133333333333333,0.18852756286266925,Purkinje_Aldoc_2
Gm28750,5.953218,1.812613,2.629208644580613e-09,2.920252885087671e-07,0.6,0.22624516441005801,Purkinje_Aldoc_2
Cdh11,5.943991,0.9024267,2.781648751537949e-09,3.0591284915312665e-07,0.9466666666666667,0.7104690522243714,Purkinje_Aldoc_2
Clic6,5.937104,0.85086614,2.9010065985737978e-09,3.1747535447627465e-07,0.96,0.8275507736943907,Purkinje_Aldoc_2
Cep112,5.9192414,1.0437492,3.2343032422584387e-09,3.522235116264373e-07,0.8533333333333334,0.5097316247582205,Purkinje_Aldoc_2
Grik3,5.9045143,4.0793176,3.5368706876212147e-09,3.814523579765392e-07,0.44,0.05712040618955513,Purkinje_Aldoc_2
Tmem132c,5.889088,0.95641416,3.883327490331054e-09,4.168042606809653e-07,0.8933333333333333,0.5949588974854932,Purkinje_Aldoc_2
Arhgap15,5.8470545,1.0737739,5.003541777867379e-09,5.319241437661392e-07,0.8266666666666667,0.5131769825918762,Purkinje_Aldoc_2
Cox5a,5.841482,0.84181565,5.17384731631217e-09,5.474224707899014e-07,0.92,0.8170938104448743,Purkinje_Aldoc_2
Nfe2l1,5.8189154,1.2619505,5.923073999635332e-09,6.237388068012208e-07,0.72,0.44203336557059963,Purkinje_Aldoc_2
Rapgef4,5.816708,2.3285863,6.001782240595185e-09,6.290600400060447e-07,0.49333333333333335,0.10807543520309477,Purkinje_Aldoc_2
Sh3pxd2a,5.795299,0.5836364,6.8199459235843786e-09,7.114733305795385e-07,0.9733333333333334,0.9481987427466151,Purkinje_Aldoc_2
Pcyt2,5.7740955,0.9658889,7.736755409685813e-09,7.996438172279435e-07,0.88,0.6590909090909091,Purkinje_Aldoc_2
Ndufa12,5.7546163,1.1354138,8.68387099126478e-09,8.852393601825853e-07,0.7866666666666666,0.45811170212765956,Purkinje_Aldoc_2
Atp1a3,5.7415905,0.5155318,9.379153340901719e-09,9.517709015255949e-07,0.9866666666666667,0.9656673114119922,Purkinje_Aldoc_2
Corin,5.732689,0.88109666,9.885076544394962e-09,9.985716463964594e-07,0.96,0.7686774661508704,Purkinje_Aldoc_2
Ldhb,5.7231727,0.86785686,1.0455290611407474e-08,1.051416049097621e-06,0.9466666666666667,0.8542069632495164,Purkinje_Aldoc_2
Gabrb1,5.7206397,1.016487,1.0612366959277318e-08,1.062426423165319e-06,0.9066666666666666,0.5916948742746615,Purkinje_Aldoc_2
Galnt18,5.7168527,2.5632296,1.085152019000819e-08,1.0802315722568399e-06,0.4666666666666667,0.078215667311412,Purkinje_Aldoc_2
Kalrn,5.7162976,0.3337335,1.0886992329576214e-08,1.0802315722568399e-06,1.0,0.9983679883945842,Purkinje_Aldoc_2
Scg2,5.7108097,1.5229661,1.1243983182649449e-08,1.1107164803214556e-06,0.6666666666666666,0.33347437137330754,Purkinje_Aldoc_2
Atp2a3,5.7038145,0.53223,1.1715572474284669e-08,1.1471498047737072e-06,1.0,0.9706842359767892,Purkinje_Aldoc_2
Mdga2,5.6746984,0.45491812,1.3893330031035396e-08,1.342721181570845e-06,1.0,0.9986097678916828,Purkinje_Aldoc_2
Ddx24,5.6402874,0.60376215,1.6976656800070658e-08,1.6196746284682796e-06,1.0,0.9695357833655706,Purkinje_Aldoc_2
Rrbp1,5.6086144,1.0656234,2.0395284847256047e-08,1.9131291353571064e-06,0.7866666666666666,0.5307664410058027,Purkinje_Aldoc_2
Ndufa4,5.5970716,1.042774,2.1800250646183142e-08,2.0278774819834942e-06,0.84,0.6628989361702128,Purkinje_Aldoc_2
Cst3,5.592199,1.1296039,2.2421165435399994e-08,2.0694051483163283e-06,0.8,0.5649782398452611,Purkinje_Aldoc_2
Kirrel3,61.66675,1.9172238,0.0,0.0,0.9806993006993007,0.6846059490953695,Purkinje_Aldoc_3
Cux2,51.67924,1.5687544,0.0,0.0,0.9753846153846154,0.6089389757743023,Purkinje_Aldoc_3
Slc8a1,51.647514,1.1068094,0.0,0.0,0.9876923076923076,0.89458754983134,Purkinje_Aldoc_3
Ephb2,51.320354,2.4242303,0.0,0.0,0.7194405594405594,0.18790248390064399,Purkinje_Aldoc_3
Wscd2,49.6388,1.4001359,0.0,0.0,0.9493706293706293,0.5999693345599509,Purkinje_Aldoc_3
Fstl4,49.578148,1.0100093,0.0,0.0,0.9969230769230769,0.9646580803434529,Purkinje_Aldoc_3
Robo2,48.63669,0.99541485,0.0,0.0,0.9902097902097902,0.9231830726770929,Purkinje_Aldoc_3
Col4a5,46.98692,1.6290791,0.0,0.0,0.8307692307692308,0.3875344986200552,Purkinje_Aldoc_3
Kctd12,46.639057,1.4229147,0.0,0.0,0.8864335664335664,0.5019165900030665,Purkinje_Aldoc_3
Dgkb,45.697544,1.009356,0.0,0.0,0.9902097902097902,0.900720637841153,Purkinje_Aldoc_3
Nav3,44.72807,1.2642018,0.0,0.0,0.9812587412587412,0.7855719104569151,Purkinje_Aldoc_3
Rora,44.47586,0.3966364,0.0,0.0,0.9994405594405594,0.9990800367985281,Purkinje_Aldoc_3
Aldoc,41.318893,1.3863329,0.0,0.0,0.9888111888111888,0.69901870591843,Purkinje_Aldoc_3
Dync1i1,40.148766,0.4547587,0.0,0.0,0.9988811188811189,0.995476847592763,Purkinje_Aldoc_3
Syndig1,39.49242,0.40902638,0.0,0.0,0.9991608391608392,0.9981600735970562,Purkinje_Aldoc_3
Sntg1,39.21278,0.9465905,0.0,0.0,0.9742657342657343,0.8454461821527139,Purkinje_Aldoc_3
Ppp3ca,38.59226,0.49244818,0.0,0.0,0.9972027972027973,0.9932536031892057,Purkinje_Aldoc_3
Cpne9,36.572144,0.99153906,7.930360753697186e-293,5.532665744571552e-290,0.9490909090909091,0.6617601962588163,Purkinje_Aldoc_3
Plcb3,36.36922,1.1447618,1.3056283335082067e-289,8.832773498657793e-287,0.8044755244755245,0.5007666360012266,Purkinje_Aldoc_3
Lgr5,35.323616,0.9262635,2.5487948690257624e-273,1.6257670128857185e-270,0.9415384615384615,0.7661760196258817,Purkinje_Aldoc_3
Slc1a6,34.9466,0.6556585,1.4584125492722616e-267,9.044183378473122e-265,0.9972027972027973,0.9817540631708065,Purkinje_Aldoc_3
Gm43603,34.668476,1.8804454,2.353357369053833e-263,1.3825974543191268e-260,0.5625174825174826,0.21297148114075437,Purkinje_Aldoc_3
Gnao1,34.348675,0.48927867,1.4741290244440295e-258,8.43844371043922e-256,0.9938461538461538,0.9876571603802514,Purkinje_Aldoc_3
Adrbk2,34.04621,1.7552536,4.617878951656069e-254,2.4546225618028988e-251,0.5535664335664335,0.19173566390677707,Purkinje_Aldoc_3
Cntn6,34.005024,0.7571158,1.8777716098143494e-253,9.749128183512872e-251,0.973986013986014,0.8523459061637535,Purkinje_Aldoc_3
Gabbr2,33.96617,0.3481235,7.040436446937519e-253,3.5722214472245485e-250,0.9986013986013986,0.9980067463968108,Purkinje_Aldoc_3
Pigs,33.727222,0.97413886,2.3070421069572973e-249,1.1445492230627035e-246,0.8758041958041958,0.5745170193192273,Purkinje_Aldoc_3
Cdh11,33.429955,0.90449584,5.034530052929224e-245,2.4433887702531507e-242,0.8956643356643357,0.6610702238577124,Purkinje_Aldoc_3
Epha5,33.30529,0.7928877,3.2368021289230465e-243,1.537481011238447e-240,0.9896503496503497,0.9120668506593069,Purkinje_Aldoc_3
Corin,33.23827,0.9040999,3.0159512269392767e-242,1.3741043090085582e-239,0.9549650349650349,0.718721251149954,Purkinje_Aldoc_3
Ntrk3,32.89957,0.5610151,2.229149141333833e-237,9.389765015146758e-235,0.9871328671328672,0.9567617295308187,Purkinje_Aldoc_3
Lrfn5,32.87783,0.42510074,4.55954428037981e-237,1.8850338159162828e-234,0.9994405594405594,0.9955535111928856,Purkinje_Aldoc_3
Opcml,32.863743,0.68147105,7.24826348429035e-237,2.942136041577856e-234,0.9969230769230769,0.9711744863538792,Purkinje_Aldoc_3
Epha7,32.746395,0.8422571,3.417251196432072e-235,1.3623238028633215e-232,0.9432167832167833,0.7532198712051518,Purkinje_Aldoc_3
Sorcs2,32.30272,0.99106693,6.406381554686214e-229,2.5091661089187673e-226,0.7630769230769231,0.36967187979147503,Purkinje_Aldoc_3
Cacna1d,32.182133,0.745739,3.138848061926892e-227,1.2081859134916874e-224,0.9457342657342658,0.7834253296534806,Purkinje_Aldoc_3
Cdh18,30.99034,0.31188723,7.274761922368806e-211,2.7068176652813935e-208,1.0,0.9999233363998773,Purkinje_Aldoc_3
Car7,30.937378,0.90765214,3.756041445262745e-210,1.3746495945162423e-207,0.8153846153846154,0.5619441888991107,Purkinje_Aldoc_3
Cntn4,30.61383,0.841957,8.011598641035109e-206,2.8848216074372393e-203,0.9865734265734266,0.8977307574363692,Purkinje_Aldoc_3
Lrrtm4,30.596487,0.75614053,1.3630379376976787e-205,4.83013046969852e-203,0.9952447552447552,0.9298528058877645,Purkinje_Aldoc_3
Nsg2,30.012304,1.3790032,6.781175104233905e-198,2.2263196206179695e-195,0.5661538461538461,0.25,Purkinje_Aldoc_3
Dmd,29.68726,0.21194564,1.1214335262955222e-193,3.6284063006590626e-191,1.0,0.9996166819993867,Purkinje_Aldoc_3
Clstn2,29.363518,0.5230886,1.6060368778927636e-189,5.049968070275485e-187,0.9902097902097902,0.9703311867525299,Purkinje_Aldoc_3
1700047F07Rik,29.041105,0.97724587,1.992982427889152e-185,6.179629542031294e-183,0.7264335664335664,0.453311867525299,Purkinje_Aldoc_3
Sez6l,28.775858,0.5316544,4.3014824523653014e-182,1.2977107533656129e-179,0.9779020979020979,0.9285495246856792,Purkinje_Aldoc_3
Pdzrn4,28.775156,0.90085536,4.3894121293816235e-182,1.3065816771792633e-179,0.7986013986013986,0.552591229684146,Purkinje_Aldoc_3
Gm26778,28.23737,1.4011796,2.0343862166754247e-175,5.898398998347903e-173,0.5331468531468532,0.23827046918123276,Purkinje_Aldoc_3
Cdh12,27.877134,0.4636403,5.052336748890234e-171,1.3925113323330184e-168,0.9966433566433567,0.9745476847592763,Purkinje_Aldoc_3
Glp2r,27.823206,0.56222355,2.2730978697609216e-170,6.188647553952753e-168,0.9762237762237762,0.9082336706531738,Purkinje_Aldoc_3
Ttll4,27.818811,0.5361344,2.5690264718544333e-170,6.910062166765087e-168,0.9661538461538461,0.889834406623735,Purkinje_Aldoc_3
Dgkh,27.776844,0.53603494,8.261760808613349e-170,2.195759643479679e-167,0.9974825174825175,0.9935602575896965,Purkinje_Aldoc_3
Tmeff2,27.726725,0.5743389,3.326061608066745e-169,8.634223883731406e-167,0.9977622377622377,0.9790708371665133,Purkinje_Aldoc_3
Znrf3,27.589716,0.5380693,1.4784212970412416e-167,3.667306161827302e-165,0.972027972027972,0.9115302054584483,Purkinje_Aldoc_3
Lrp1b,27.484274,0.31040642,2.7067230896260545e-166,6.640394832516666e-164,0.9997202797202798,0.9981600735970562,Purkinje_Aldoc_3
Kcnd3,27.477139,0.3568594,3.293983078051883e-166,7.993279588859597e-164,0.9955244755244755,0.9898804047838087,Purkinje_Aldoc_3
Rps6ka5,27.160091,0.49250066,1.9244153525107943e-162,4.570486462213136e-160,0.9818181818181818,0.9461054891137688,Purkinje_Aldoc_3
Iltifb,26.58614,0.49550492,9.818631221326531e-156,2.283343146001196e-153,0.9840559440559441,0.9452621895124195,Purkinje_Aldoc_3
Olfm1,26.571585,1.1169785,1.4464343315533057e-155,3.3290357166935617e-153,0.5801398601398602,0.30366452008586325,Purkinje_Aldoc_3
Kcnmb4,26.026505,0.6681304,2.482654814885083e-149,5.381094052651406e-147,0.8682517482517482,0.7072983747316774,Purkinje_Aldoc_3
Rtel1,26.010574,0.58985955,3.7600185453748466e-149,8.071385963989755e-147,0.9359440559440559,0.8271235817233977,Purkinje_Aldoc_3
Gm26843,25.991413,0.9702107,6.19263871808631e-149,1.3166729464883512e-146,0.6534265734265734,0.40869365225390986,Purkinje_Aldoc_3
Eda,25.91257,0.9069757,4.80637935188117e-148,1.0122869719881804e-145,0.7208391608391609,0.46036491873658386,Purkinje_Aldoc_3
Ppard,25.896257,0.56879014,7.338438439710296e-148,1.5311274595003022e-145,0.9353846153846154,0.828426862925483,Purkinje_Aldoc_3
Cep112,25.747068,0.94967693,3.4765017296980763e-146,7.055718283228141e-144,0.6836363636363636,0.46404477154247165,Purkinje_Aldoc_3
Sh2d4b,25.609388,0.69273096,1.1991577162271842e-144,2.369132390687778e-142,0.8514685314685315,0.677476234283962,Purkinje_Aldoc_3
Anks1b,25.350943,0.13841696,8.773911361669418e-142,1.7182243083269277e-139,1.0,1.0,Purkinje_Aldoc_3
Gm20647,25.264828,0.7867978,7.783261537115454e-141,1.5109679462269784e-138,0.7734265734265734,0.5295154860472248,Purkinje_Aldoc_3
Nol4,25.163927,0.32071704,9.949432457091754e-140,1.8823820305472321e-137,0.994965034965035,0.9908003679852806,Purkinje_Aldoc_3
Gm28876,25.11067,0.7125459,3.80292665116632e-139,7.134482141788916e-137,0.8002797202797203,0.6153020545844833,Purkinje_Aldoc_3
Nell1,24.949165,0.23787218,2.180373526251877e-137,4.02287925401431e-135,0.9997202797202798,0.9988500459981601,Purkinje_Aldoc_3
Mllt3,24.619402,0.35733342,7.829805768723157e-134,1.4211415755019875e-131,0.9924475524475525,0.9825973627721558,Purkinje_Aldoc_3
Abr,24.582863,0.33119223,1.9265705541395068e-133,3.440855009693159e-131,0.9972027972027973,0.9940202391904324,Purkinje_Aldoc_3
Trabd2b,24.556532,0.6236495,3.683209886917621e-133,6.526004819479038e-131,0.9683916083916084,0.8349432689359092,Purkinje_Aldoc_3
Gm27199,24.47178,0.7434031,2.951186881728649e-132,5.187814735007251e-130,0.7510489510489511,0.5230757436369212,Purkinje_Aldoc_3
Tmtc1,24.315195,0.52320296,1.3540902345728532e-130,2.290156400518102e-128,0.9558041958041958,0.891214351425943,Purkinje_Aldoc_3
A930011G23Rik,24.04034,0.69273,1.0534756730395363e-127,1.7551376418363918e-125,0.7958041958041958,0.6115455381784729,Purkinje_Aldoc_3
Ablim2,23.911488,0.373032,2.326119166157948e-126,3.79055550251651e-124,0.9834965034965035,0.9601349279362159,Purkinje_Aldoc_3
Nrxn1,23.91017,0.48318967,2.4007354524966925e-126,3.883798476593381e-124,0.9885314685314686,0.9422723091076357,Purkinje_Aldoc_3
Spag5,23.8858,0.5689782,4.302523689785241e-126,6.91034830032054e-124,0.9563636363636364,0.8523459061637535,Purkinje_Aldoc_3
Gas7,23.646961,0.58035785,1.2684089359981875e-123,2.008314148663797e-121,0.8802797202797202,0.7385004599816007,Purkinje_Aldoc_3
Gm30382,23.391151,0.917798,5.258548131503874e-121,8.040896372316712e-119,0.6721678321678322,0.4500919963201472,Purkinje_Aldoc_3
Sh3rf1,23.015234,0.8120134,3.2809407638699055e-117,4.883133503559709e-115,0.6570629370629371,0.4341459674946335,Purkinje_Aldoc_3
Wwc2,22.86912,0.6611503,9.431568876780632e-116,1.3852616787771553e-113,0.7921678321678322,0.6179086169886537,Purkinje_Aldoc_3
Arhgap42,22.748945,0.75462633,1.469940035087602e-114,2.144863482570635e-112,0.6707692307692308,0.43721251149954,Purkinje_Aldoc_3
Dlx4os,22.480322,0.61644095,6.466823255368385e-112,9.314311559748336e-110,0.7717482517482518,0.5795001533272003,Purkinje_Aldoc_3
Mast4,22.13804,0.21682066,1.3602232036644489e-108,1.8979364388630513e-106,0.9988811188811189,0.9973934375958295,Purkinje_Aldoc_3
Mpzl1,22.131258,0.34116265,1.5810133999511392e-108,2.1923058480688937e-106,0.982937062937063,0.9651180619441889,Purkinje_Aldoc_3
Edil3,22.12927,0.38175195,1.652310280536252e-108,2.277026358825421e-106,0.9874125874125874,0.9636614535418583,Purkinje_Aldoc_3
Slc16a9,22.076933,0.71624386,5.266478134946502e-108,7.213136463968138e-106,0.7236363636363636,0.5249923336399878,Purkinje_Aldoc_3
Grid2,21.828394,0.11126541,1.2472900880409478e-105,1.6674102524259976e-103,1.0,1.0,Purkinje_Aldoc_3
A930009A15Rik,21.424204,0.7786742,7.948181361226383e-102,1.0499594608838995e-99,0.6634965034965035,0.46565470714504753,Purkinje_Aldoc_3
Mid1,21.316143,0.54732805,8.042097107784452e-101,1.0499404557385258e-98,0.8486713286713287,0.7203311867525299,Purkinje_Aldoc_3
Tmem132c,21.301018,0.60357565,1.1107954870187122e-100,1.4417737934705088e-98,0.7661538461538462,0.5497546764796075,Purkinje_Aldoc_3
Hdac7,21.144789,0.5493752,3.081714958963629e-99,3.931387797649315e-97,0.8657342657342657,0.7161146887457835,Purkinje_Aldoc_3
Man1a,20.966879,0.4891791,1.3162232656527093e-97,1.669584341232769e-95,0.9180419580419581,0.838163140141061,Purkinje_Aldoc_3
Arhgap26,20.911139,0.16947345,4.239934243943504e-97,5.347826666442865e-95,0.9994405594405594,0.999540018399264,Purkinje_Aldoc_3
Trps1,20.849148,0.56360346,1.5515909753076874e-96,1.9351546661309567e-94,0.8416783216783217,0.7144280895430849,Purkinje_Aldoc_3
Kcnmb4os2,20.804764,0.8229324,3.918921311617337e-96,4.833697142644036e-94,0.5988811188811188,0.39412756823060413,Purkinje_Aldoc_3
Arhgap20,20.768723,0.28409258,8.303589046349726e-96,1.0129924888511346e-93,0.9963636363636363,0.9910303587856486,Purkinje_Aldoc_3
Lhx5,20.519804,0.5362234,1.4328662329245453e-93,1.6925258544994958e-91,0.8531468531468531,0.704231830726771,Purkinje_Aldoc_3
Fgf10,38.470596,2.2604446,0.0,0.0,0.7484730705163798,0.21899041706033204,Purkinje_Aldoc_4
Tshz2,36.407486,2.6096013,3.2408087560283195e-290,1.8087763869583057e-286,0.6635202665186007,0.17168308813605074,Purkinje_Aldoc_4
Ncam2,33.48715,0.9924328,7.415016159840737e-246,3.3108047153688887e-242,0.9794558578567463,0.8668511270076934,Purkinje_Aldoc_4
Dgkh,33.149517,0.8619196,5.754517262036188e-241,2.1411599645826315e-237,1.0,0.9937238493723849,Purkinje_Aldoc_4
Npas3,31.134237,1.3983511,8.290748678076304e-213,2.6441566319721924e-209,0.8334258745141588,0.5251046025104602,Purkinje_Aldoc_4
Wscd2,30.942041,1.1298163,3.251000880343588e-210,9.072324331708823e-207,0.9239311493614658,0.6448913483601025,Purkinje_Aldoc_4
Gm26883,30.145401,2.5330229,1.2323018109333643e-199,3.0567931032319284e-196,0.5480288728484175,0.12599541098663788,Purkinje_Aldoc_4
Epha7,30.06835,0.98971784,1.25688015539217e-198,2.8059849469130193e-195,0.9622431982232094,0.7736536644621407,Purkinje_Aldoc_4
Col4a5,29.419102,1.3341035,3.1292975032123244e-190,6.351051523565013e-187,0.7890061077179344,0.44567418005128895,Purkinje_Aldoc_4
St6galnac5,28.048096,2.9923873,4.213921645191001e-173,6.719700052063506e-170,0.5024986118822876,0.1340936698609799,Purkinje_Aldoc_4
RP23-231J2.1,27.450857,1.7178954,6.785927765735853e-166,9.468489835628307e-163,0.714047751249306,0.42360642461870696,Purkinje_Aldoc_4
Gng2,27.308891,2.2998204,3.3262598655728815e-164,4.368161852877328e-161,0.5224875069405885,0.1441490079632879,Purkinje_Aldoc_4
Cdh10,27.221725,1.2972959,3.593230433581683e-163,4.45660385720617e-160,0.7401443642420877,0.3710352274261034,Purkinje_Aldoc_4
Slc1a6,26.166536,0.6380566,6.390603449169447e-151,6.485010091032178e-148,0.9950027762354248,0.9838709677419355,Purkinje_Aldoc_4
Pde1c,26.099646,0.8444913,3.679773522906963e-150,3.571780169517302e-147,0.9611327040533038,0.8697530031043326,Purkinje_Aldoc_4
Cdh12,25.993084,0.5512687,5.929231626388409e-149,5.294803842364849e-146,0.9938922820655192,0.9775273316237009,Purkinje_Aldoc_4
Tmeff2,25.70176,0.67409146,1.1171553677394516e-145,9.592497532608946e-143,0.9950027762354248,0.9816439465514915,Purkinje_Aldoc_4
Cdh11,25.134762,0.88971484,2.074169895919363e-139,1.596753204358613e-136,0.8906163242642976,0.6897691996220813,Purkinje_Aldoc_4
Camk2d,24.913433,0.8714022,5.321558989224448e-137,3.832380788207607e-134,0.9294836202109938,0.7060332028613848,Purkinje_Aldoc_4
Ntrk3,24.74958,0.55208194,3.132693676717541e-135,2.185543322897472e-132,0.9866740699611327,0.9604535024969632,Purkinje_Aldoc_4
Brinp3,24.67597,1.7739921,1.9375091346103603e-134,1.2933106675244753e-131,0.6946141032759579,0.47206100688352004,Purkinje_Aldoc_4
Cpne9,24.243553,0.86186093,7.732907806439111e-130,4.9324904793929475e-127,0.9278178789561354,0.698744769874477,Purkinje_Aldoc_4
Unc5d,24.17083,0.6609084,4.5101732966772286e-129,2.7969338568977535e-126,0.9827873403664631,0.9554595761911189,Purkinje_Aldoc_4
Ntm,24.144573,0.19947883,8.514104843295018e-129,5.137226773690845e-126,0.9994447529150472,0.9997975435281414,Purkinje_Aldoc_4
Pigk,22.919113,0.6989479,2.9961442288810134e-116,1.6722229977442156e-113,0.9278178789561354,0.8401268727223646,Purkinje_Aldoc_4
Kcnip4,22.201664,0.27580997,3.309713976331895e-109,1.7183573144560363e-106,0.9988895058300944,0.9992576596031854,Purkinje_Aldoc_4
Pcdh10,21.329365,1.7157215,6.062616106367691e-101,2.942345751623016e-98,0.4486396446418656,0.1381427992981509,Purkinje_Aldoc_4
Tmem132d,20.45267,0.70379823,5.6875772633645975e-93,2.4418300462425894e-90,0.9033870072182121,0.7667026589283304,Purkinje_Aldoc_4
Cux2,20.3632,0.81450814,3.5464932365075195e-92,1.4938766321703843e-89,0.9328151027207107,0.6579835335402888,Purkinje_Aldoc_4
Dmd,20.173964,0.18861881,1.6580275709466195e-90,6.8547158372932e-88,0.9994447529150472,0.9997300580375219,Purkinje_Aldoc_4
Kctd12,20.14036,0.78518975,3.2695317384630057e-90,1.3271326556579382e-87,0.8106607440310938,0.5571602105547308,Purkinje_Aldoc_4
Col4a6,20.010561,1.5472353,4.456109803852461e-89,1.776475917339396e-86,0.47529150471960024,0.19995950870562829,Purkinje_Aldoc_4
Tmem132c,19.556677,0.7688464,3.619030320221281e-85,1.3930146879127604e-82,0.7934480843975569,0.572344445944122,Purkinje_Aldoc_4
Car7,19.491617,0.7495446,1.2932638365019833e-84,4.89357883896725e-82,0.8051082731815657,0.5935348899986503,Purkinje_Aldoc_4
Gria1,19.463976,0.34953165,2.218888843279386e-84,8.256115571035382e-82,0.994447529150472,0.9903495748414091,Purkinje_Aldoc_4
Aldoc,18.810083,0.84477115,6.243875278147539e-79,2.1780393060100595e-76,0.9455857856746253,0.738966122283709,Purkinje_Aldoc_4
Zbtb20,18.420643,0.5858075,8.973303763030513e-76,3.0352879774190334e-73,0.9222654081066074,0.8358078013227156,Purkinje_Aldoc_4
Abr,18.182661,0.31417614,7.081342295104868e-74,2.324867157914944e-71,0.9933370349805664,0.9948711027129167,Purkinje_Aldoc_4
Rps6ka5,17.833284,0.41819748,3.89827872575575e-71,1.1921790760616045e-68,0.9789006107717935,0.9507355918477527,Purkinje_Aldoc_4
Cdh9,17.345533,1.3373716,2.1319079650370853e-67,6.345979375927057e-65,0.43642420877290394,0.1851127007693346,Purkinje_Aldoc_4
Cntn5,17.1336,0.7432022,8.333393790436913e-66,2.4161430697597932e-63,0.8534147695724598,0.709070049939263,Purkinje_Aldoc_4
Sorcs2,17.13111,0.87160444,8.698062644018339e-66,2.4895416477911464e-63,0.6601887840088839,0.4292752058307464,Purkinje_Aldoc_4
Gm15584,17.090195,1.5102346,1.755869805291694e-65,4.961999164954059e-63,0.39977790116601886,0.1583209609933864,Purkinje_Aldoc_4
Tspan5,16.960485,0.31341374,1.6100634819424474e-64,4.493083404295642e-62,0.9938922820655192,0.9861654744229991,Purkinje_Aldoc_4
Plcb3,16.787174,0.6868723,3.029279537781873e-63,8.349217985306212e-61,0.7501388117712382,0.5437305979214468,Purkinje_Aldoc_4
Gm27199,16.677816,0.67273235,1.9003836311589001e-62,5.173910312880786e-60,0.7445863409217102,0.5511540018895937,Purkinje_Aldoc_4
Gm16263,16.522923,2.2328482,2.509357135219878e-61,6.669214052831402e-59,0.305941143808995,0.06660817924146309,Purkinje_Aldoc_4
Lhx5,16.339537,0.56504536,5.164442167665096e-60,1.35642554580145e-57,0.8550805108273182,0.7218248076663517,Purkinje_Aldoc_4
Mpped2,16.306591,0.70846516,8.86028356242371e-60,2.300067796873364e-57,0.6679622431982232,0.3993116479956809,Purkinje_Aldoc_4
Pigs,16.213224,0.6156121,4.066622096933327e-59,1.0435326242992704e-56,0.8234314269850084,0.6169523552436226,Purkinje_Aldoc_4
Lsamp,16.026424,0.551213,8.355330052861005e-58,2.119690266251386e-55,0.994447529150472,0.9775273316237009,Purkinje_Aldoc_4
Lrrc4c,15.7611,0.51055926,5.762159600831394e-56,1.4453956526804592e-53,0.9711271515824542,0.8981643946551492,Purkinje_Aldoc_4
Syndig1,15.630955,0.22408411,4.480413483929392e-55,1.0872307720513444e-52,0.9988895058300944,0.998312862734512,Purkinje_Aldoc_4
Arhgap42,15.563356,0.68124324,1.2914481428587422e-54,3.1001698698195077e-52,0.6651860077734592,0.4658523417465245,Purkinje_Aldoc_4
Chrdl1,15.265897,1.0545981,1.2904169532790032e-52,3.0324798402056576e-50,0.4602998334258745,0.24524227291132406,Purkinje_Aldoc_4
Il22,15.101874,0.64697945,1.5739442665980626e-51,3.660240182479349e-49,0.7601332593003887,0.6237009043055743,Purkinje_Aldoc_4
Grm7,15.01143,0.14979674,6.180146428759433e-51,1.4223893713613848e-48,0.9988895058300944,0.999865029018761,Purkinje_Aldoc_4
Cadm1,14.918043,1.0716845,2.51544318958007e-50,5.730333592589292e-48,0.4836202109938923,0.2916048049669321,Purkinje_Aldoc_4
Farp1,14.903598,0.5252781,3.122977815812042e-50,7.042472700808469e-48,0.824541921154914,0.694965582399784,Purkinje_Aldoc_4
Ptprm,14.872122,0.16335076,5.000312197631136e-50,1.1163196981211512e-47,0.9988895058300944,0.9989877176407073,Purkinje_Aldoc_4
Auts2,14.763294,0.109489486,2.5263167373661305e-49,5.475730209873677e-47,1.0,0.9997975435281414,Purkinje_Aldoc_4
Gng13,14.726089,0.45652655,4.3835215940708544e-49,9.320201865488746e-47,0.9333703498056635,0.8714401403698205,Purkinje_Aldoc_4
Fam107b,14.626068,0.2489746,1.9154213807849115e-48,3.959424289446588e-46,0.9994447529150472,0.9971656093939802,Purkinje_Aldoc_4
Cpeb4,14.622874,0.27113158,2.0074393426057977e-48,4.111567277401324e-46,0.9900055524708495,0.982116344985828,Purkinje_Aldoc_4
Sntg1,14.455872,0.46148926,2.3019758886768595e-47,4.671964701337354e-45,0.9511382565241533,0.863679308948576,Purkinje_Aldoc_4
Fstl4,14.399657,0.39210328,5.200099506746001e-47,1.0458758692622024e-44,0.9844530816213215,0.9700364421649346,Purkinje_Aldoc_4
Sez6l,14.366664,0.36118767,8.376997809443759e-47,1.6697899651413564e-44,0.9666851749028318,0.9358212984208395,Purkinje_Aldoc_4
Ppm1b,14.262688,0.31992137,3.737782352660813e-46,7.256173132448056e-44,0.9561354802887285,0.9429072749358888,Purkinje_Aldoc_4
Cntnap5a,14.168895,0.34200048,1.427284558214486e-45,2.7003498103507114e-43,0.9816768461965575,0.9594412201376704,Purkinje_Aldoc_4
Ablim2,14.15843,0.29401276,1.6565420317919278e-45,3.10775637476931e-43,0.9805663520266519,0.9632878931029829,Purkinje_Aldoc_4
Cdh18,14.128883,0.17616625,2.521112720325991e-45,4.690320123439812e-43,1.0,0.9999325145093805,Purkinje_Aldoc_4
B3galt5,14.115892,0.9118994,3.031535935991786e-45,5.593309071984845e-43,0.4031093836757357,0.19267107571872047,Purkinje_Aldoc_4
Mei4,14.000938,0.41255006,1.5382679613010344e-44,2.8149042816430814e-42,0.9344808439755691,0.8670535834795519,Purkinje_Aldoc_4
Epha6,13.922734,0.22513908,4.609265526152053e-44,8.3660042984833e-42,0.9933370349805664,0.9914968281819408,Purkinje_Aldoc_4
Nav3,13.900277,0.5314431,6.309649697281946e-44,1.1359913668695118e-41,0.9211549139367018,0.8163044945336753,Purkinje_Aldoc_4
Gnaq,13.786615,0.2094653,3.068207665306831e-43,5.479818890238e-41,0.991671293725708,0.9912943717100823,Purkinje_Aldoc_4
Galnt9,13.780044,0.4492381,3.3607016171969103e-43,5.954576476501669e-41,0.8756246529705719,0.7858685382642732,Purkinje_Aldoc_4
Rgs7,13.609049,0.38070634,3.538192629355747e-42,6.12326747677264e-40,0.9927817878956136,0.9670670805776758,Purkinje_Aldoc_4
Arhgap26,13.340028,0.14121768,1.3540921066270855e-40,2.2559780806305737e-38,0.9994447529150472,0.9995276015656633,Purkinje_Aldoc_4
Itga6,13.29117,0.53495574,2.6047111995003034e-40,4.2757483477091377e-38,0.7379233759022765,0.600283439060602,Purkinje_Aldoc_4
Rspo3,13.226238,0.6720207,6.190904626031284e-40,9.943305451521469e-38,0.5991116046640755,0.421649345390741,Purkinje_Aldoc_4
Anks1b,13.136831,0.09389767,2.0253274881833036e-39,3.1841856460346657e-37,1.0,1.0,Purkinje_Aldoc_4
Ank1,13.124012,0.18095857,2.3989108658160893e-39,3.745152802751342e-37,0.9922265408106608,0.9940612768254825,Purkinje_Aldoc_4
Cttnbp2,13.023739,0.15035284,8.967064791236028e-39,1.3806187687196161e-36,0.9994447529150472,0.9989202321500877,Purkinje_Aldoc_4
Gabbr2,13.015479,0.1779598,9.991412788951319e-39,1.52779651036533e-36,0.997223764575236,0.9982453772438926,Purkinje_Aldoc_4
Ankrd44,12.85834,0.46428284,7.721644678507288e-38,1.1726919554263618e-35,0.8023320377568017,0.6869348090160615,Purkinje_Aldoc_4
Tecr,12.855709,0.234409,7.989022775409147e-38,1.2051009017635758e-35,0.9855635757912271,0.980159265757862,Purkinje_Aldoc_4
Mpzl1,12.721236,0.2728628,4.506745624359179e-37,6.576019350576384e-35,0.9850083287062743,0.9669995950870562,Purkinje_Aldoc_4
Iltifb,12.590615,0.3240709,2.3781369769979455e-36,3.403327436633278e-34,0.9777901166018879,0.9506681063571332,Purkinje_Aldoc_4
Elmo1,12.510453,0.14227301,6.54500010111028e-36,9.306823392183886e-34,1.0,0.9983803482251316,Purkinje_Aldoc_4
Cpne8,12.460553,0.2815204,1.2251825402911167e-35,1.7311519121518468e-33,0.971682398667407,0.9538399244162505,Purkinje_Aldoc_4
Sfxn5,12.432895,0.29762116,1.7324624220216804e-35,2.417326473227126e-33,0.9677956690727374,0.9435146443514645,Purkinje_Aldoc_4
Cfap100,12.370727,0.79516655,3.764007020463911e-35,5.219345138624647e-33,0.46696279844530814,0.29734107166959106,Purkinje_Aldoc_4
Cabp7,12.339799,0.78343046,5.529381891625975e-35,7.527039678692066e-33,0.45030538589672403,0.2746659468214334,Purkinje_Aldoc_4
Tmem132cos,12.319854,0.5870141,7.082241022696425e-35,9.582486717072587e-33,0.5369239311493614,0.35713321635848294,Purkinje_Aldoc_4
Cacna1c,12.235266,0.7928696,2.0144486142622517e-34,2.709190681530408e-32,0.4825097168239867,0.3194763125927926,Purkinje_Aldoc_4
Trim9,12.179836,0.18851107,3.980792868207826e-34,5.321628789385612e-32,0.9994447529150472,0.997907949790795,Purkinje_Aldoc_4
Kcnn2,12.105131,0.4206389,9.921111253474207e-34,1.3028753454930097e-31,0.781787895613548,0.6780267242542853,Purkinje_Aldoc_4
Stac,12.059894,0.21558899,1.7200437910366692e-33,2.2325568392380023e-31,0.9966685174902832,0.9917667701444189,Purkinje_Aldoc_4
Fam189a1,12.017702,0.2813263,2.8683649659031447e-33,3.701517217559983e-31,0.9500277623542477,0.9220542583344581,Purkinje_Aldoc_4
Nlgn1,50.04932,1.511277,0.0,0.0,0.9883460331689825,0.8823324993049764,Purkinje_Aldoc_5
Erc2,47.05445,1.012287,0.0,0.0,0.997310623038996,0.9873505699193773,Purkinje_Aldoc_5
Mpped2,44.97231,2.0802827,0.0,0.0,0.8780815777678171,0.35870169585765915,Purkinje_Aldoc_5
Fam117a,38.981876,1.1526695,0.0,0.0,0.9731062303899597,0.8983180428134556,Purkinje_Aldoc_5
Cntn4,35.903416,1.1352054,2.701950582749927e-282,1.0053507793315353e-278,0.9838637382339758,0.906449819293856,Purkinje_Aldoc_5
Egfem1,34.70004,1.5695428,7.867325758875763e-264,1.95153386185446e-260,0.9363514119229045,0.5207117041979428,Purkinje_Aldoc_5
Sorcs2,34.595284,1.5804867,2.9746865046057963e-262,6.64098762153244e-259,0.7884356790676826,0.40248818459827634,Purkinje_Aldoc_5
Pde1c,33.80066,0.97589487,1.928706221209928e-250,3.3121820298855113e-247,0.9654863290004483,0.8663469557964971,Purkinje_Aldoc_5
Nwd2,33.470333,0.7337675,1.3026693858495747e-245,2.077292431363697e-242,0.9910354101299865,0.9811648596052266,Purkinje_Aldoc_5
Zbtb20,33.412357,0.92958033,9.070043864616909e-245,1.3499248618504833e-241,0.9439713133124159,0.8298582151793161,Purkinje_Aldoc_5
Tenm2,32.717686,1.0181779,8.752681484397317e-235,1.0284400744166848e-231,0.9968623935454953,0.9739366138448707,Purkinje_Aldoc_5
Rgs7,32.708984,0.7475594,1.1637667664504606e-234,1.2990546530503265e-231,0.9932765575974899,0.9662218515429525,Purkinje_Aldoc_5
Aldoc,31.95573,1.4594941,4.497888615268428e-224,4.78168396837465e-221,0.9654863290004483,0.7297053099805393,Purkinje_Aldoc_5
Prkcd,31.590908,1.9368399,4.922202051218127e-219,4.578673366393528e-216,0.604661586732407,0.2277592438142897,Purkinje_Aldoc_5
Arl15,30.046272,0.63831055,2.4424534972616585e-198,1.880268080219535e-195,0.974002689376961,0.9508618293021963,Purkinje_Aldoc_5
Plcd3,28.730818,1.1235521,1.572960745646322e-181,1.0328337837221806e-178,0.796055580457194,0.5966777870447595,Purkinje_Aldoc_5
Corin,28.342215,0.9213466,1.0439771661629725e-176,6.474108398496767e-174,0.9394890183774093,0.7431887684181262,Purkinje_Aldoc_5
Eda,27.884712,1.3193927,4.088997780528734e-171,2.402286196060631e-168,0.7507844016136261,0.48005282179594105,Purkinje_Aldoc_5
Camk2d,27.605865,0.8850166,9.461693024554767e-168,5.15200723837037e-165,0.9211116091438817,0.7006533222129553,Purkinje_Aldoc_5
Pigs,27.245733,0.98084646,1.8669823614931027e-163,9.69311191170547e-161,0.8449125952487674,0.6074506533222129,Purkinje_Aldoc_5
Clstn2,26.74636,0.60666764,1.361169986207684e-157,6.3308583212680294e-155,0.9852084267144778,0.9729635807617459,Purkinje_Aldoc_5
RP23-231J2.1,26.641409,1.328439,2.2508222730168058e-156,1.0255021886755141e-153,0.6893769610040341,0.418751737559077,Purkinje_Aldoc_5
Meg3,26.603651,0.25576162,6.158823302368069e-156,2.749914604507343e-153,1.0,1.0,Purkinje_Aldoc_5
Opcml,26.457834,0.6411135,2.9648201523375654e-154,1.2728771134795414e-151,0.994621246077992,0.9739366138448707,Purkinje_Aldoc_5
Car10,25.878778,2.2418106,1.1545645560811044e-147,4.773269206390863e-145,0.5262214253697893,0.26390047261606897,Purkinje_Aldoc_5
Synpo2,25.635864,1.7363284,6.078521363848066e-145,2.3807542008404925e-142,0.5212909009412819,0.20551848762857938,Purkinje_Aldoc_5
Gpr158,25.026,0.9433254,3.187151182910273e-138,1.1858858359745309e-135,0.7772299417301658,0.5859744231303864,Purkinje_Aldoc_5
Fam19a2,24.361597,2.5992484,4.368640027516812e-131,1.5480934700684577e-128,0.42716270730614075,0.1359466221851543,Purkinje_Aldoc_5
Dgkh,24.356668,0.5425376,4.927071197115423e-131,1.7187010074312784e-128,0.9955177050649933,0.9942313038643313,Purkinje_Aldoc_5
Acp1,24.17027,1.0582592,4.571665360097666e-129,1.5464004418815212e-126,0.6786194531600179,0.4528078954684459,Purkinje_Aldoc_5
Cntn5,24.158371,0.92749983,6.097688110119718e-129,2.0318042844540705e-126,0.8874943971313313,0.6994717820405894,Purkinje_Aldoc_5
Efna5,23.779577,0.79174906,5.433739989882237e-125,1.732974932487442e-122,0.9255939040788884,0.7454823463997776,Purkinje_Aldoc_5
Dlc1,23.678322,1.0227631,6.0312194179626435e-124,1.8964362465636059e-121,0.7866427610936799,0.6626355296080066,Purkinje_Aldoc_5
Asic2,23.65003,0.78434455,1.179481769080984e-123,3.657212568712912e-121,0.916629314208875,0.8376424798443147,Purkinje_Aldoc_5
Prkcb,23.39117,1.1646404,5.25605815389467e-121,1.56455331047598e-118,0.6113850291349171,0.36857103141506814,Purkinje_Aldoc_5
Ppp2r2b,23.211416,0.4989829,3.491832229285495e-119,1.0257257173526142e-116,0.9672792469744509,0.9430080622741173,Purkinje_Aldoc_5
1700047F07Rik,22.794437,0.96800804,5.206213636495772e-115,1.4712496130983306e-112,0.7010309278350515,0.4827634139560745,Purkinje_Aldoc_5
Sorbs2,22.742134,1.1955591,1.7167739536838214e-114,4.790872314498914e-112,0.5948005378753922,0.33256880733944955,Purkinje_Aldoc_5
Rnf182,22.666399,0.71369153,9.614266891943613e-114,2.617542784910258e-111,0.8543254146122815,0.7229635807617459,Purkinje_Aldoc_5
B3galt1,22.35286,0.3323574,1.1325151623705496e-110,3.0099286904669667e-108,0.9896907216494846,0.9908256880733946,Purkinje_Aldoc_5
Tmeff2,22.323948,0.53887403,2.1631511889727408e-110,5.68145297574311e-108,0.9910354101299865,0.98185988323603,Purkinje_Aldoc_5
Tspan14,22.113604,0.6490663,2.338352667602365e-108,6.070200384211953e-106,0.8758404303003138,0.7884348067834306,Purkinje_Aldoc_5
Slc1a6,21.642147,0.5047821,7.206940576848574e-104,1.7680763558037848e-101,0.994621246077992,0.9835974423130387,Purkinje_Aldoc_5
Cntnap5b,21.582993,0.24692692,2.5951351814704014e-103,6.297434013731165e-101,0.9977588525324966,0.9998609952738393,Purkinje_Aldoc_5
Gm20647,21.209188,0.8205639,7.855727610130102e-100,1.8857969773780057e-97,0.7714029583146571,0.5526132888518209,Purkinje_Aldoc_5
Slc24a2,21.204784,0.46800143,8.626479947860687e-100,2.0487889876169132e-97,0.9762438368444644,0.9489157631359466,Purkinje_Aldoc_5
Col4a2,20.941883,1.3753536,2.2249133116175513e-97,5.174082258527274e-95,0.48543254146122816,0.22643869891576313,Purkinje_Aldoc_5
Sh2d4b,20.854376,0.6985975,1.3910282126641897e-96,3.201515963683302e-94,0.8260869565217391,0.6976647206005004,Purkinje_Aldoc_5
4921534H16Rik,20.27554,0.7223544,2.1146281836861053e-91,4.539334057768491e-89,0.8368444643657552,0.7398526549902696,Purkinje_Aldoc_5
Ccdc136,20.183905,1.0735755,1.3559791484666095e-90,2.8830699513825767e-88,0.5477364410578216,0.3199193772588268,Purkinje_Aldoc_5
Fnip2,20.157494,0.64480627,2.3130723688191558e-90,4.8716359088573257e-88,0.8265351860152398,0.7346399777592438,Purkinje_Aldoc_5
Tmem164,19.744017,0.45992368,9.030731782422516e-87,1.8328280640234788e-84,0.9489018377409234,0.913122046149569,Purkinje_Aldoc_5
Dpp6,19.665894,0.46193323,4.226509410496798e-86,8.424716302619733e-84,0.9448677722994173,0.9037392271337226,Purkinje_Aldoc_5
Pcdh9,19.154243,0.27047014,8.921345423729485e-82,1.702299457989408e-79,0.9986553115194979,0.9999304976369197,Purkinje_Aldoc_5
Trpc4,18.837406,0.72922915,3.727862411701161e-79,6.935377361769035e-77,0.7046167637830569,0.4954128440366973,Purkinje_Aldoc_5
Galm,18.761292,1.436058,1.565488587816783e-78,2.8647157969680066e-76,0.44509188704616764,0.22289407839866557,Purkinje_Aldoc_5
Celf3,18.186441,0.7414694,6.609454695255211e-74,1.1710799688220047e-71,0.6315553563424473,0.40318320822907977,Purkinje_Aldoc_5
Rora,18.103666,0.18361108,2.981402009344266e-73,5.1596744076442436e-71,0.9991035410129987,0.9991659716430359,Purkinje_Aldoc_5
Fam69c,18.033384,1.2506192,1.0656305812892565e-72,1.8300155944063577e-70,0.45405647691618106,0.24562135112593828,Purkinje_Aldoc_5
Dusp10,17.983597,0.564282,2.61937532924792e-72,4.463935437058001e-70,0.8135365307037203,0.7285932721712538,Purkinje_Aldoc_5
Scmh1,17.767088,0.30454236,1.2712121553657324e-70,2.133820403649622e-68,0.9816225907664724,0.9769252154573256,Purkinje_Aldoc_5
Ldlrad3,17.583157,0.47170818,3.3159106791716303e-69,5.4432136700372536e-67,0.9022859704168534,0.8491103697525716,Purkinje_Aldoc_5
Syt7,17.469458,0.2695252,2.4481097082572764e-68,3.9893466596236273e-66,0.9878978036754819,0.9858215179316097,Purkinje_Aldoc_5
Spag5,17.232094,0.5295579,1.525312246723643e-66,2.3980701343736146e-64,0.923352756611385,0.8671809841534612,Purkinje_Aldoc_5
Fam107b,17.113304,0.24897715,1.1810381291575235e-65,1.8438235128280917e-63,0.994621246077992,0.9978454267445093,Purkinje_Aldoc_5
Gm28376,17.050682,0.675839,3.454759440832263e-65,5.356076702540296e-63,0.7758852532496638,0.623783708646094,Purkinje_Aldoc_5
Colq,17.029568,1.1491623,4.956881549659576e-65,7.528053101778914e-63,0.4289556252801434,0.21093967194884627,Purkinje_Aldoc_5
Sorbs2os,17.027302,1.1873661,5.152657724165993e-65,7.772505654865255e-63,0.43971313312415955,0.23144286905754796,Purkinje_Aldoc_5
Mdfi,16.769955,0.87506115,4.0481334852460936e-63,5.985071527027751e-61,0.5616315553563425,0.3894912427022519,Purkinje_Aldoc_5
Gm10851,16.628502,0.6834329,4.332919348881241e-62,6.24080157830798e-60,0.7404751232631107,0.6013344453711427,Purkinje_Aldoc_5
Cdh10,16.313627,0.63024145,7.896106985697843e-60,1.0949104873025116e-57,0.6051098162259076,0.38094245204336946,Purkinje_Aldoc_5
Cpne9,16.269999,0.52876997,1.6115924689469055e-59,2.2072884582355622e-57,0.9004930524428507,0.6961356686127328,Purkinje_Aldoc_5
Cntn6,16.264978,0.4128226,1.7492623998107382e-59,2.3812367729130933e-57,0.9376961004034066,0.8693355574089519,Purkinje_Aldoc_5
Arhgef37,16.10825,0.42955348,2.232536437831528e-58,3.0024925285896906e-56,0.9345584939489019,0.8870586599944398,Purkinje_Aldoc_5
Strbp,15.97065,0.20220743,2.0464192556189158e-57,2.7033319456622658e-55,0.9905871806364859,0.9936057825966083,Purkinje_Aldoc_5
Sept4,15.939023,0.5632668,3.396198347058428e-57,4.4600075351811415e-55,0.7678171223666517,0.6595079232693911,Purkinje_Aldoc_5
Pvt1,15.931774,0.44222876,3.8138039003720753e-57,4.97913286993021e-55,0.8870461676378306,0.8347233805949402,Purkinje_Aldoc_5
Fam220a,15.839622,0.45696327,1.6581645835840028e-56,2.115344247343592e-54,0.8668758404303003,0.8131776480400333,Purkinje_Aldoc_5
Slc23a2,15.8390875,0.28077173,1.6722932307804268e-56,2.1212469532484677e-54,0.9825190497534738,0.9790102863497359,Purkinje_Aldoc_5
Kctd1,15.78071,0.34473318,4.22410265239626e-56,5.297926500828455e-54,0.9560735096369342,0.9450931331665277,Purkinje_Aldoc_5
Nav2,15.720895,0.9752908,1.0877608665503873e-55,1.3491256303187443e-53,0.5347377857463022,0.3793438976925215,Purkinje_Aldoc_5
Podxl2,15.375266,0.53959584,2.398545374717597e-53,2.8944608373281273e-51,0.7584043030031377,0.6570753405615791,Purkinje_Aldoc_5
Col4a1,15.334977,1.1497757,4.464288524484639e-53,5.358346306941913e-51,0.37696100403406546,0.1794551014734501,Purkinje_Aldoc_5
Prickle2,15.162272,0.43027154,6.2856691532148945e-52,7.424738827805424e-50,0.8556701030927835,0.7768974145120934,Purkinje_Aldoc_5
Gm13919,15.108047,0.48829815,1.4332611038396155e-51,1.6752646148282417e-49,0.8216046615867324,0.7445093133166528,Purkinje_Aldoc_5
Fjx1,14.995509,1.1579044,7.855756961750667e-51,9.134363238077272e-49,0.4164051994621246,0.2461078676675007,Purkinje_Aldoc_5
Ptprn,14.91468,0.50622916,2.6454348033515485e-50,3.0442954631352224e-48,0.7570596145226356,0.6171809841534612,Purkinje_Aldoc_5
Tenm4,14.852681,0.17132887,6.684126641818643e-50,7.652468065569292e-48,0.9892424921559838,0.9960383653044204,Purkinje_Aldoc_5
Plcxd3,14.840433,0.8826803,8.023654162726843e-50,9.092795897607957e-48,0.5087404751232631,0.3508479288295802,Purkinje_Aldoc_5
Plekhh2,14.826456,1.2001569,9.881365492554764e-50,1.1141489122287127e-47,0.37516808606006274,0.19231303864331387,Purkinje_Aldoc_5
Glp2r,14.783502,0.3808149,1.871766701514753e-49,2.0998588749405454e-47,0.9484536082474226,0.9188907422852377,Purkinje_Aldoc_5
Ogfrl1,14.63064,0.474914,1.7909504385733837e-48,1.969604361633044e-46,0.8189152846257284,0.7429802613288852,Purkinje_Aldoc_5
Dnah6,14.562515,0.3911431,4.863453962262222e-48,5.296419985731908e-46,0.8843567906768265,0.8379204892966361,Purkinje_Aldoc_5
Unc13c,14.382611,1.3961729,6.653610683647591e-47,7.141435505405407e-45,0.3657552666965486,0.20190436474840145,Purkinje_Aldoc_5
Ipo5,14.313148,0.36438653,1.8112718090621643e-46,1.9164285847067687e-44,0.9036306588973555,0.8832360300250208,Purkinje_Aldoc_5
Pacsin1,14.255934,0.34457064,4.117575927723522e-46,4.336079367284322e-44,0.9139399372478709,0.8829580205726995,Purkinje_Aldoc_5
Farp1,14.2133255,0.4820527,7.574166770808679e-46,7.938651321986092e-44,0.785298072613178,0.697178204058938,Purkinje_Aldoc_5
Rasl11b,14.119795,0.46670267,2.8682558786240004e-45,2.950866935035982e-43,0.7969520394441955,0.7363080344731721,Purkinje_Aldoc_5
Crim1,14.046319,0.8075947,8.114393685288282e-45,8.271864795619219e-43,0.5073957866427611,0.35022240756185713,Purkinje_Aldoc_5
Fstl4,14.017749,0.30597684,1.2140541760103247e-44,1.2319890672468409e-42,0.9856566562079785,0.9694189602446484,Purkinje_Aldoc_5
Mdga2,43.87384,0.8675203,0.0,0.0,0.9974473516273133,0.998737709274515,Purkinje_Aldoc_6
Rgs7,35.41083,0.9458646,1.163312734534876e-274,6.492739199622776e-271,0.9955328653477984,0.9671804411373904,Purkinje_Aldoc_6
Enox1,35.32017,1.0792572,2.8791289823163018e-273,1.2855310906042287e-269,0.9604339502233568,0.8559659845867659,Purkinje_Aldoc_6
Lrrtm4,33.872635,1.0351733,1.68512233414314e-251,5.374336587106514e-248,0.994256541161455,0.9386792452830188,Purkinje_Aldoc_6
Epha5,31.083702,1.0180295,3.9998313805998897e-212,7.441352964324378e-209,0.9853222718570517,0.9228673930374701,Purkinje_Aldoc_6
Cux2,30.998865,1.280167,5.583640138331875e-211,9.588828160635316e-208,0.9706445437141034,0.6583178315174063,Purkinje_Aldoc_6
Tmem132c,30.557497,1.2477543,4.49599086530899e-205,7.169499719144514e-202,0.8895979578813018,0.5657719904331651,Purkinje_Aldoc_6
Gria2,28.39763,0.29795483,2.1630077255314635e-177,3.01807171703062e-174,0.9993618379068283,0.9995349455221897,Purkinje_Aldoc_6
Erc2,27.759779,0.7352239,1.3278273362584648e-169,1.7437497224688368e-166,0.9955328653477984,0.9879750199309062,Purkinje_Aldoc_6
Cntnap4,26.4088,1.2282969,1.0856913172507335e-153,1.2119029328811312e-150,0.807275047862157,0.5201966516077597,Purkinje_Aldoc_6
Edil3,26.351068,0.62684035,4.989623734534551e-153,5.30444523207066e-150,0.9891512444160817,0.9666489503056073,Purkinje_Aldoc_6
Ext1,25.045246,0.5955802,1.9669426632881618e-138,1.909217172082966e-135,0.9808551372048501,0.9654530959340951,Purkinje_Aldoc_6
Ebf1,24.843151,0.32180285,3.066407958690412e-136,2.8523982365734767e-133,1.0,0.9990034546904066,Purkinje_Aldoc_6
Cpne9,24.243572,0.8911543,7.729436268138735e-130,6.9023865874478904e-127,0.9412890874282067,0.7009035344140313,Purkinje_Aldoc_6
Cntnap5b,24.174429,0.36198026,4.1337470365882006e-129,3.549457791993522e-126,1.0,0.9995349455221897,Purkinje_Aldoc_6
Aldoc,24.116789,1.1467015,1.6665299718676632e-128,1.377973393405392e-125,0.9693682195277601,0.7397023651342014,Purkinje_Aldoc_6
Nwd2,23.848171,0.6116399,1.057852645646651e-125,8.43448582645053e-123,0.990427568602425,0.9816635663034813,Purkinje_Aldoc_6
Dab1,23.483896,0.23324578,5.958278920608087e-122,4.5868474793991563e-119,1.0,0.9996678182301355,Purkinje_Aldoc_6
Adgrb3,23.279953,0.17587213,7.07736701353124e-120,5.266740619236165e-117,1.0,0.9999335636460271,Purkinje_Aldoc_6
Slc1a6,23.088211,0.6082237,6.081903787776867e-118,4.37995167942318e-115,0.99234205488194,0.984321020462397,Purkinje_Aldoc_6
Opcml,23.086502,0.6567652,6.327228907969582e-118,4.414230792825653e-115,0.9968091895341417,0.9746213127823545,Purkinje_Aldoc_6
Lrrfip1,22.950415,0.32695296,1.4595035737620444e-116,9.873762813405346e-114,0.990427568602425,0.9935556736646293,Purkinje_Aldoc_6
Vav3,22.930569,0.42338306,2.3030565954892192e-116,1.512227602773436e-113,0.9929802169751116,0.9932899282487377,Purkinje_Aldoc_6
Hecw2,22.79022,0.3913597,5.732563387782218e-115,3.6565565037782293e-112,0.990427568602425,0.9916290193994154,Purkinje_Aldoc_6
Nell1,22.732946,0.28455672,2.1164964568274185e-114,1.3125217610742255e-111,0.9987236758136566,0.9990698910443795,Purkinje_Aldoc_6
Lpgat1,22.507065,0.52607256,3.5394668176172584e-112,2.135637748737981e-109,0.9757498404594767,0.9590752059526974,Purkinje_Aldoc_6
Cdc42bpa,22.480715,0.29973906,6.409966376944202e-112,3.765855246454719e-109,0.9955328653477984,0.9964124368854638,Purkinje_Aldoc_6
Stxbp5l,22.156933,1.0595547,8.943816982828326e-109,4.991767853541059e-106,0.757498404594767,0.5155461068296572,Purkinje_Aldoc_6
Ppfia2,22.001158,0.36309522,2.8072137823088656e-107,1.5285621387815958e-104,0.9955328653477984,0.9938878554344938,Purkinje_Aldoc_6
Nav3,21.957064,0.87115866,7.413675583454076e-107,3.940721604776482e-104,0.971282705807275,0.8127159181504119,Purkinje_Aldoc_6
Slc24a2,20.769375,0.5532587,8.191680231605264e-96,3.975636112404077e-93,0.9738353541799617,0.9503720435822482,Purkinje_Aldoc_6
Pde10a,20.459667,0.5349878,4.927394698289292e-93,2.3405124816874137e-90,0.9948947032546267,0.9933563646027106,Purkinje_Aldoc_6
Camk2d,20.371428,0.75600207,2.9981215503585872e-92,1.3944388252449053e-89,0.9310784939374601,0.7093409513685889,Purkinje_Aldoc_6
Rasal2,20.2921,0.28406343,1.5100253748594004e-91,6.742263298747222e-89,0.998085513720485,0.9976082912569758,Purkinje_Aldoc_6
Prkg1,20.230494,0.3114272,5.277226923863254e-91,2.3100802171617085e-88,1.0,0.9999335636460271,Purkinje_Aldoc_6
Fgf7,20.043633,1.1941508,2.2940170848005643e-89,9.848832965033193e-87,0.6190172303765157,0.3521791124103109,Purkinje_Aldoc_6
Pde5a,19.983118,0.31091034,7.724665821858347e-89,3.253833291943162e-86,0.9955328653477984,0.9954158915758703,Purkinje_Aldoc_6
Peg3,19.809961,0.50894153,2.4427555501841115e-87,9.915366846883688e-85,0.9540523292916401,0.9200770661706086,Purkinje_Aldoc_6
Ccdc85a,19.773615,0.35304004,5.024285312064071e-87,2.0029851712826854e-84,0.9897894065092534,0.9896359287802285,Purkinje_Aldoc_6
Ppp3ca,19.713346,0.33936206,1.656400676377391e-86,6.487569315811448e-84,0.994256541161455,0.9940871644964124,Purkinje_Aldoc_6
Ctnnd2,19.587639,0.28599238,1.9711988736828167e-85,7.58741635430498e-83,0.99617102744097,0.9963460005314908,Purkinje_Aldoc_6
Syndig1,19.40212,0.28968474,7.405388286631262e-84,2.802123618627846e-81,0.9993618379068283,0.9982726547967048,Purkinje_Aldoc_6
Gria3,19.32939,0.22974914,3.0399856639252965e-83,1.1311279991188707e-80,1.0,0.9989370183364337,Purkinje_Aldoc_6
Cntn6,19.225546,0.6081779,2.2624238858564132e-82,8.280100533072856e-80,0.9629865985960434,0.8697183098591549,Purkinje_Aldoc_6
Calb1,19.129852,0.30877715,1.4247900594938953e-81,5.0489584251113033e-79,0.99617102744097,0.9988705819824608,Purkinje_Aldoc_6
1190002N15Rik,18.772083,0.5546487,1.277766268551465e-78,4.3886356839094554e-76,0.9323548181238035,0.864669146957215,Purkinje_Aldoc_6
Epha7,18.61359,0.69554645,2.493345584800206e-77,8.067237707342695e-75,0.9081046585832802,0.7822216316768535,Purkinje_Aldoc_6
Tenm3,18.478073,0.9998618,3.1005654281353726e-76,9.749313124383407e-74,0.8296107211231653,0.7834839224023386,Purkinje_Aldoc_6
Setbp1,18.448061,0.6197244,5.405001781393671e-76,1.6529680105426538e-73,0.8889597957881302,0.7628222163167685,Purkinje_Aldoc_6
Pcsk2,18.413603,1.233753,1.0219279886822074e-75,3.0830462631527406e-73,0.564773452456924,0.3117193728408185,Purkinje_Aldoc_6
Lrfn5,18.38106,0.33484003,1.8629646049912678e-75,5.545424640857341e-73,0.9974473516273133,0.996279564177518,Purkinje_Aldoc_6
Dmd,18.28239,0.1784977,1.1430557388654975e-74,3.3577262329173986e-72,1.0,0.9996678182301355,Purkinje_Aldoc_6
Plxdc2,18.21869,0.32800183,3.6682486057773634e-74,1.0499185913330723e-71,0.98851308232291,0.989968110550093,Purkinje_Aldoc_6
Adam23,18.133158,0.2549032,1.7444986002999804e-73,4.902654511946274e-71,0.9955328653477984,0.9963460005314908,Purkinje_Aldoc_6
Lrp1b,17.919655,0.30790296,8.28397761941752e-72,2.255363418945075e-69,0.9987236758136566,0.9984719638586235,Purkinje_Aldoc_6
Trim9,17.8746,0.27682334,1.8600750158592005e-71,5.003153581814055e-69,0.9987236758136566,0.9980069093808132,Purkinje_Aldoc_6
Gm42418,17.795101,0.50428015,7.71277063179233e-71,2.049852432794807e-68,0.9917038927887684,0.9838559659845868,Purkinje_Aldoc_6
Gria1,17.708311,0.3403941,3.617637207030338e-70,9.501617723170858e-68,0.9910657306955967,0.9907653467977677,Purkinje_Aldoc_6
Wdr17,17.69408,0.3896581,4.657661740608384e-70,1.2090964925474672e-67,0.9891512444160817,0.9889051288865267,Purkinje_Aldoc_6
Arhgap26,17.685598,0.19893147,5.414231089429144e-70,1.3893414835805247e-67,0.9993618379068283,0.9995349455221897,Purkinje_Aldoc_6
Tmem132cos,17.459843,0.92352384,2.8973253076230906e-68,7.350316760532443e-66,0.608806636885769,0.3524448578262025,Purkinje_Aldoc_6
Atp2a2,17.249746,0.29001182,1.1239205114703565e-66,2.8192725189410908e-64,0.9968091895341417,0.9970103640712198,Purkinje_Aldoc_6
Ank2,17.239084,0.18314485,1.3516032338415152e-66,3.352726910612425e-64,0.9993618379068283,0.9990698910443795,Purkinje_Aldoc_6
Cdh11,16.867432,0.6340206,7.812084027619228e-64,1.8957040860499922e-61,0.8621569878749202,0.6958543715120914,Purkinje_Aldoc_6
Ryr2,16.44157,0.4419716,9.638913592073123e-61,2.313857483258414e-58,0.9368219527760051,0.8883204889715652,Purkinje_Aldoc_6
Cdh10,16.365019,1.2864769,3.399246926032282e-60,7.988230276175862e-58,0.564773452456924,0.39503056072282755,Purkinje_Aldoc_6
Adgrl3,16.341139,0.82877696,5.030435323101156e-60,1.1698382144607636e-57,0.6936821952776006,0.5164762157852777,Purkinje_Aldoc_6
Ralyl,16.160557,0.9384349,9.569267086870995e-59,2.1363388771439496e-56,0.5883854499042757,0.37616263619452567,Purkinje_Aldoc_6
Dym,16.090872,0.35197443,2.956443048950693e-58,6.53491000671527e-56,0.9693682195277601,0.9559526973159713,Purkinje_Aldoc_6
AY036118,15.950619,0.48074877,2.820885506718123e-57,6.174144013478637e-55,0.9183152520740268,0.9093808131809726,Purkinje_Aldoc_6
Mllt3,15.876964,0.31117222,9.150203242981578e-57,1.964214301918882e-54,0.9859604339502234,0.9845867658782886,Purkinje_Aldoc_6
Gpm6a,15.866457,0.5140312,1.0817801202355124e-56,2.3000705889769348e-54,0.9074664964901085,0.8347727876694127,Purkinje_Aldoc_6
Fndc3b,15.846533,0.44610968,1.4855309297846764e-56,3.1287243403248016e-54,0.9463943841735801,0.8857959075205952,Purkinje_Aldoc_6
Pcdh10,15.642968,1.6011549,3.710223381116545e-55,7.599150181965769e-53,0.3822590938098277,0.14988041456284878,Purkinje_Aldoc_6
B3galt5,15.581925,1.0855482,9.66009906618353e-55,1.9255509968977434e-52,0.4390555201021059,0.19220037204358226,Purkinje_Aldoc_6
Arhgap5,15.555462,0.21263354,1.460974598781606e-54,2.8361963406782045e-52,0.99617102744097,0.9977411639649216,Purkinje_Aldoc_6
Ntrk3,15.553827,0.36558625,1.498761149217595e-54,2.884469194507139e-52,0.9821314613911933,0.9613340419877757,Purkinje_Aldoc_6
Exph5,15.513839,0.61975354,2.7964811323223334e-54,5.336020622144965e-52,0.8200382897255903,0.6801089556205155,Purkinje_Aldoc_6
Auts2,15.490222,0.1273672,4.038928255416402e-54,7.641446890014506e-52,1.0,0.9998006909380813,Purkinje_Aldoc_6
Klhl1,15.484111,0.6845208,4.4415887615982346e-54,8.332644462410134e-52,0.7594128908742821,0.5835104969439278,Purkinje_Aldoc_6
Gnaq,15.422033,0.25107387,1.1638158261676735e-53,2.165182359932776e-51,0.9936183790682833,0.9910975285676322,Purkinje_Aldoc_6
Reps2,15.381243,0.42404914,2.187086166620303e-53,4.03526435287589e-51,0.9636247606892151,0.9159580122242892,Purkinje_Aldoc_6
Cd47,15.258556,0.4333436,1.4440821022443143e-52,2.5999300752100257e-50,0.9412890874282067,0.8722428913101249,Purkinje_Aldoc_6
Nppc,15.185056,1.4259703,4.441836994903094e-52,7.8701595961279025e-50,0.406509253350351,0.1837629550890247,Purkinje_Aldoc_6
Atp6ap1l,15.15974,0.60400903,6.532666911952358e-52,1.1483605418057984e-49,0.818761965539247,0.6651607759766144,Purkinje_Aldoc_6
Asph,15.058828,0.19558163,3.0209336085706285e-51,5.2280885900263015e-49,0.9936183790682833,0.9964124368854638,Purkinje_Aldoc_6
Sos1,14.916215,0.22466016,2.5852662562777527e-50,4.4058068069771625e-48,0.9955328653477984,0.9959473824076535,Purkinje_Aldoc_6
Trpc4,14.894704,0.70133305,3.567614259962855e-50,5.988495364937649e-48,0.6968730057434588,0.5054477810257773,Purkinje_Aldoc_6
Dlg2,14.855092,0.12946895,6.447937101788161e-50,1.0662977466475608e-47,1.0,0.9999335636460271,Purkinje_Aldoc_6
Mir124-2hg,14.615503,0.5519781,2.2369553754713342e-48,3.6188426635795315e-46,0.8379068283343969,0.7148551687483391,Purkinje_Aldoc_6
Cadm2,14.607682,0.26673925,2.50908285786241e-48,4.029875885020022e-46,0.982769623484365,0.9750863672601647,Purkinje_Aldoc_6
Ppp2r2b,14.578466,0.39238027,3.850681182073727e-48,6.140461242128283e-46,0.9693682195277601,0.9438612808929046,Purkinje_Aldoc_6
Foxp2,14.575742,0.22641481,4.0074548922945713e-48,6.345136912799738e-46,0.994256541161455,0.9946186553281956,Purkinje_Aldoc_6
Alcam,14.39835,1.5799601,5.299374739308736e-47,8.103324729799146e-45,0.41161455009572434,0.21757905926122775,Purkinje_Aldoc_6
Kctd1,14.268622,0.3592569,3.432917103976925e-46,5.213596894305092e-44,0.9649010848755584,0.9446585171405794,Purkinje_Aldoc_6
Magi3,14.150423,0.8624528,1.8563696830751368e-45,2.7767348938950087e-43,0.5577536694320357,0.3713792187084773,Purkinje_Aldoc_6
Kcnc1,14.150072,0.71326447,1.865667341922738e-45,2.7767348938950087e-43,0.6432673899170389,0.4564177517937816,Purkinje_Aldoc_6
Fhod3,14.145878,0.36979133,1.9802969542446363e-45,2.9278231459279144e-43,0.9432035737077218,0.9178182301355302,Purkinje_Aldoc_6
Ift57,14.029227,0.45947555,1.0327026938849445e-44,1.4874250090955732e-42,0.9119336311423102,0.8460669678448047,Purkinje_Aldoc_6
Pcp4,14.000139,0.39939484,1.5556629566334305e-44,2.2262933017205985e-42,0.9897894065092534,0.984985384002126,Purkinje_Aldoc_6
Erc2,38.261196,2.285794,0.0,0.0,0.9981617647058824,0.9883670295489891,Purkinje_Aldoc_7
Mpped2,33.982582,3.130597,4.0291100159975924e-253,2.248747027678656e-249,0.9834558823529411,0.40964230171073096,Purkinje_Aldoc_7
Cntn5,32.07184,2.4575796,1.089195768114091e-225,4.8632591046294165e-222,0.9889705882352942,0.7157698289269051,Purkinje_Aldoc_7
Nlgn1,30.58443,1.7618383,1.9716418489442842e-205,7.336150712946857e-202,0.9926470588235294,0.8933125972006221,Purkinje_Aldoc_7
Rgs7,28.718758,1.2506373,2.225138425175343e-181,7.096602191719933e-178,0.9944852941176471,0.9690202177293935,Purkinje_Aldoc_7
Ankrd6,28.693497,4.1812453,4.5989737047728956e-181,1.283401099488186e-177,0.7996323529411765,0.1965163297045101,Purkinje_Aldoc_7
Pde1c,26.897009,1.5237819,2.380474115763666e-159,3.7960060453159883e-156,0.9871323529411765,0.8760186625194402,Purkinje_Aldoc_7
Nwd2,26.384584,1.1795193,2.059260016099863e-153,3.064865323961963e-150,0.9944852941176471,0.9820839813374805,Purkinje_Aldoc_7
Mdga2,26.374327,0.83249766,2.7002774331999964e-153,3.76773085601187e-150,0.9981617647058824,0.9986314152410576,Purkinje_Aldoc_7
RP23-231J2.1,26.160828,2.501839,7.42140112953525e-151,9.746045895110263e-148,0.8823529411764706,0.44062208398133745,Purkinje_Aldoc_7
Gpr158,25.75141,1.8851762,3.1083133862844146e-146,3.652268228884187e-143,0.8988970588235294,0.6019284603421462,Purkinje_Aldoc_7
Asic2,25.52877,1.6507376,9.450402873144337e-144,1.0549012207147366e-140,0.9613970588235294,0.8444167962674961,Purkinje_Aldoc_7
Synpo2,25.298918,2.9531279,3.283112535254744e-141,3.3316130613437345e-138,0.7702205882352942,0.23023328149300157,Purkinje_Aldoc_7
Stxbp5l,25.282497,2.0356138,4.9763583230976715e-141,4.830313024485023e-138,0.8566176470588235,0.5275894245723173,Purkinje_Aldoc_7
Zbtb20,25.255337,1.7326096,9.895378596765945e-141,9.204763632199988e-138,0.9613970588235294,0.841244167962675,Purkinje_Aldoc_7
Tenm4,25.003635,0.6717977,5.581489033310832e-138,4.450240809595154e-135,0.9963235294117647,0.9950855365474339,Purkinje_Aldoc_7
Fam117a,24.982986,1.3995129,9.359314162367574e-138,7.205058230167451e-135,0.9889705882352942,0.9056298600311042,Purkinje_Aldoc_7
Kcnd2,23.903006,1.1561215,2.8500790923141767e-126,2.1209338578637997e-123,0.9797794117647058,0.9713841368584759,Purkinje_Aldoc_7
Tenm2,23.869444,1.261411,6.362355998811074e-126,4.581922505595395e-123,0.9963235294117647,0.9763608087091757,Purkinje_Aldoc_7
Slc24a2,23.572803,1.0238152,7.32831949139385e-123,4.957719171071749e-120,0.9871323529411765,0.9514152410575427,Purkinje_Aldoc_7
Prom1,23.47047,2.3661568,8.170546616105543e-122,5.211641520130179e-119,0.7702205882352942,0.34618973561430794,Purkinje_Aldoc_7
Pcdh9,23.305704,0.6245592,3.880509674851185e-120,2.3414156348933163e-117,1.0,0.999751166407465,Purkinje_Aldoc_7
Dlc1,23.287113,2.0340466,5.988663051472956e-120,3.5183395427403616e-117,0.8878676470588235,0.6722239502332815,Purkinje_Aldoc_7
Egfem1,23.028204,1.9614664,2.4326033549505748e-117,1.3576967474817895e-114,0.9522058823529411,0.5637947122861586,Purkinje_Aldoc_7
Clstn2,22.975979,1.1147698,8.105235259927551e-117,4.413399443362989e-114,0.9926470588235294,0.9739968895800933,Purkinje_Aldoc_7
Nav2,22.945744,2.4165983,1.6249415370579488e-116,8.63733805114731e-114,0.7702205882352942,0.3876827371695179,Purkinje_Aldoc_7
Mgat4c,22.476477,2.7006106,7.051855147428377e-112,3.4985036925853004e-109,0.7132352941176471,0.27315707620528773,Purkinje_Aldoc_7
Cntn4,22.427233,1.2655749,2.1351244728201625e-111,1.036231605558916e-108,0.9944852941176471,0.9142146189735614,Purkinje_Aldoc_7
Pde4d,22.250544,0.61022407,1.1143329910597703e-109,5.293081707533909e-107,0.9981617647058824,0.994339035769829,Purkinje_Aldoc_7
Lrrc4c,21.80428,1.2810177,2.1130706485476786e-105,9.434860445765384e-103,0.9797794117647058,0.9035769828926905,Purkinje_Aldoc_7
Arl15,21.374067,0.8960055,2.3293439138793588e-101,9.630111643954942e-99,0.9742647058823529,0.9532814930015552,Purkinje_Aldoc_7
Prkcd,21.2685,2.1796615,2.2228109530612167e-100,9.022591732198485e-98,0.7352941176470589,0.2628926905132193,Purkinje_Aldoc_7
Sema3a,20.762085,1.2249484,9.533757418240474e-96,3.6696747303830792e-93,0.9558823529411765,0.8640124416796268,Purkinje_Aldoc_7
Cntnap5b,19.548473,0.46996805,4.2504665764446023e-85,1.5305107470826735e-82,1.0,0.9995645412130638,Purkinje_Aldoc_7
Gm10851,19.322165,1.4856056,3.496817563667198e-83,1.23915003347413e-80,0.8474264705882353,0.6123172628304822,Purkinje_Aldoc_7
Prickle2,19.212566,1.0619044,2.9054414899109007e-82,1.0134997072228258e-79,0.8988970588235294,0.783701399688958,Purkinje_Aldoc_7
Pfkfb3,18.504217,1.2802615,1.909314592775569e-76,6.1776012005383445e-74,0.8658088235294118,0.6833592534992224,Purkinje_Aldoc_7
Gm28376,18.30295,1.4149936,7.838734825544702e-75,2.4305521525039646e-72,0.8676470588235294,0.6366407465007776,Purkinje_Aldoc_7
Camk2d,18.294323,1.1093913,9.1836189420687e-75,2.808551957283339e-72,0.9375,0.7232348367029549,Purkinje_Aldoc_7
Slit2,18.182081,2.4408069,7.156668049101898e-74,2.1303015226159984e-71,0.5974264705882353,0.17667185069984448,Purkinje_Aldoc_7
Celf3,17.990316,1.5510886,2.320257372286197e-72,6.727239718998617e-70,0.7665441176470589,0.42258164852255053,Purkinje_Aldoc_7
Col4a2,17.6092,2.2777376,2.0938686097959482e-69,5.9171666726195624e-67,0.625,0.24889580093312597,Purkinje_Aldoc_7
Cadm1,17.387274,2.116877,1.0302042880032746e-67,2.874913841209138e-65,0.6507352941176471,0.3009642301710731,Purkinje_Aldoc_7
Pcsk2,17.144226,1.9010277,6.941768720060285e-66,1.8671685141607938e-63,0.6507352941176471,0.3249144634525661,Purkinje_Aldoc_7
B3galt1,17.078585,0.5071668,2.1425541017529756e-65,5.561920967631998e-63,0.9944852941176471,0.9905443234836703,Purkinje_Aldoc_7
Nav3,17.000185,1.068076,8.186107939722463e-65,2.0767597699352727e-62,0.9742647058823529,0.8227060653188181,Purkinje_Aldoc_7
4921534H16Rik,16.902645,1.2047409,4.3016830174012654e-64,1.0790457681290253e-61,0.8878676470588235,0.7483048211508554,Purkinje_Aldoc_7
Ppp2r2b,16.872005,0.7025812,7.22996822863053e-64,1.7934337856019618e-61,0.9724264705882353,0.9453810264385692,Purkinje_Aldoc_7
Agbl4,16.530704,0.66006905,2.2055072993320088e-61,5.238079835913521e-59,0.9669117647058824,0.9484292379471229,Purkinje_Aldoc_7
Slc35f4,16.29911,2.2488427,1.001389509528256e-59,2.3532653473914017e-57,0.5827205882352942,0.2599066874027994,Purkinje_Aldoc_7
Cachd1,16.111864,2.7835755,2.1058118985176518e-58,4.846623776742946e-56,0.4963235294117647,0.12099533437013997,Purkinje_Aldoc_7
Podxl2,15.915943,1.0361954,4.912109783555948e-57,1.1077055648271367e-54,0.8363970588235294,0.6650699844479004,Purkinje_Aldoc_7
Dpp6,15.525425,0.75008726,2.3345223750999523e-54,5.109628629814356e-52,0.9466911764705882,0.9079937791601866,Purkinje_Aldoc_7
Enox1,15.209643,0.7916926,3.051990222563772e-52,6.5515078575707895e-50,0.9136029411764706,0.864199066874028,Purkinje_Aldoc_7
Gm11418,15.140926,2.9574513,8.697946935428211e-52,1.8319025031456115e-49,0.45036764705882354,0.0798755832037325,Purkinje_Aldoc_7
Vav3,15.109455,0.42933622,1.402946978806476e-51,2.9000732686902388e-49,0.9871323529411765,0.9934681181959565,Purkinje_Aldoc_7
Cntnap5c,14.765823,0.34395167,2.4333093033481364e-49,4.765230719056767e-47,0.9889705882352942,0.9970762052877138,Purkinje_Aldoc_7
Basp1,14.742953,3.0235226,3.4151950644235997e-49,6.629933027239727e-47,0.4375,0.07782270606531881,Purkinje_Aldoc_7
Gprin3,14.7289095,2.673754,4.2043518064551146e-49,8.0224063315479e-47,0.46139705882352944,0.11502332814930015,Purkinje_Aldoc_7
Fgf10,14.487016,1.6027586,1.4636475518397425e-47,2.635155773775988e-45,0.5955882352941176,0.26556765163297047,Purkinje_Aldoc_7
Nrcam,14.4780655,0.5071726,1.6672350904264767e-47,2.9776818715016877e-45,0.9779411764705882,0.9723172628304821,Purkinje_Aldoc_7
Cntn3,14.416586,0.5090865,4.0698264559083884e-47,7.154242175445257e-45,0.9944852941176471,0.9942768273716952,Purkinje_Aldoc_7
Fndc3b,14.344052,0.6939123,1.1607514178691657e-46,2.0245137034319627e-44,0.9393382352941176,0.8898911353032659,Purkinje_Aldoc_7
Frmd5,14.29488,0.30679882,2.3551055060510647e-46,4.0757930560147304e-44,0.9963235294117647,0.998755832037325,Purkinje_Aldoc_7
Ift57,14.221151,0.72968876,6.772894119118754e-46,1.1368786557092193e-43,0.9136029411764706,0.8502021772939347,Purkinje_Aldoc_7
Plcd3,14.204968,1.0983759,8.534089991742382e-46,1.4218176049675275e-43,0.7757352941176471,0.618289269051322,Purkinje_Aldoc_7
Frmd4a,14.104649,0.31317693,3.5555754467213644e-45,5.879868285041071e-43,1.0,0.9996889580093312,Purkinje_Aldoc_7
Xkr4,14.04012,0.5416867,8.856257843668471e-45,1.4431821632109388e-42,0.9889705882352942,0.9739346811819596,Purkinje_Aldoc_7
Ctnnd2,14.017558,0.32583076,1.2173175196329124e-44,1.955152059410415e-42,0.9926470588235294,0.9964541213063763,Purkinje_Aldoc_7
6430573F11Rik,13.944429,1.0283554,3.4015820916079157e-44,5.347909872897656e-42,0.7555147058823529,0.6013063763608087,Purkinje_Aldoc_7
Acp1,13.890964,1.1652541,7.186172934143623e-44,1.1141063246858082e-41,0.6893382352941176,0.4761430793157076,Purkinje_Aldoc_7
Ahi1,13.810947,0.6692459,2.1893290695514812e-43,3.3477240738175906e-41,0.9209558823529411,0.8793779160186626,Purkinje_Aldoc_7
Rph3a,13.785337,2.906821,3.123048671077303e-43,4.710950106878431e-41,0.4209558823529412,0.09387247278382582,Purkinje_Aldoc_7
Cep83,13.71075,0.8269259,8.754836651317647e-43,1.3117565653736005e-40,0.8602941176470589,0.7843234836702955,Purkinje_Aldoc_7
Ubash3b,13.698696,0.4380282,1.0336324901196608e-42,1.5282016782729424e-40,0.9926470588235294,0.989611197511664,Purkinje_Aldoc_7
Gm30524,13.611229,0.7675687,3.43419137206452e-42,5.0110014628327065e-40,0.9356617647058824,0.8586625194401244,Purkinje_Aldoc_7
Tmem164,13.592743,0.62433314,4.421952054140453e-42,6.41039477978478e-40,0.9540441176470589,0.9167029548989114,Purkinje_Aldoc_7
Aldoc,13.540712,1.0559516,8.991222668979516e-42,1.2624468307230673e-39,0.9852941176470589,0.7537791601866252,Purkinje_Aldoc_7
5330434G04Rik,13.434818,0.6724708,3.779973362082078e-41,5.209129957313728e-39,0.9522058823529411,0.8937480559875584,Purkinje_Aldoc_7
Plcxd3,13.407131,1.5441507,5.492268279833614e-41,7.522385849526714e-39,0.6066176470588235,0.3641057542768274,Purkinje_Aldoc_7
Kcnc1,13.2876835,1.1487392,2.7289662959633473e-40,3.6481540453521994e-38,0.6691176470588235,0.4674339035769829,Purkinje_Aldoc_7
Rit2,13.220193,0.67622507,6.709161137854384e-40,8.862841562283972e-38,0.8952205882352942,0.8485847589424572,Purkinje_Aldoc_7
Sorbs2,13.21754,1.4754281,6.950028499230851e-40,9.127022720313456e-38,0.6176470588235294,0.3593157076205288,Purkinje_Aldoc_7
Apba1,13.211065,0.50066817,7.574460043775298e-40,9.888878390484418e-38,0.9724264705882353,0.9536547433903577,Purkinje_Aldoc_7
Pde10a,13.204246,0.54692626,8.292586320102729e-40,1.0763487767226361e-37,0.9963235294117647,0.9934059097978227,Purkinje_Aldoc_7
Kif26b,13.115889,1.480406,2.670353128169708e-39,3.4066076335079276e-37,0.5863970588235294,0.3390357698289269,Purkinje_Aldoc_7
Cdh10,13.074376,1.3246932,4.613330866330285e-39,5.851852931296797e-37,0.6525735294117647,0.4028615863141524,Purkinje_Aldoc_7
Hecw2,13.051478,0.36147225,6.23264096571617e-39,7.861226528791722e-37,0.9889705882352942,0.991601866251944,Purkinje_Aldoc_7
Dscam,12.926978,0.4506054,3.170358026040916e-38,3.976305782660868e-36,0.9926470588235294,0.9893001555209954,Purkinje_Aldoc_7
Akap6,12.802247,0.28570575,1.5927508163638139e-37,1.9537451634792386e-35,0.9981617647058824,0.9976360808709176,Purkinje_Aldoc_7
Gm13919,12.747264,0.81387967,3.228791810518092e-37,3.9389495721211153e-35,0.8474264705882353,0.7517262830482115,Purkinje_Aldoc_7
Col4a1,12.739967,2.125766,3.5454240381482825e-37,4.30171693759024e-35,0.47794117647058826,0.1967651632970451,Purkinje_Aldoc_7
Prkcb,12.651124,1.2188989,1.1028627035733216e-36,1.3308870193121299e-34,0.6176470588235294,0.39384136858475893,Purkinje_Aldoc_7
Rasal2,12.622714,0.29365352,1.5827035352020498e-36,1.8895110386837305e-34,0.9963235294117647,0.9976982892690514,Purkinje_Aldoc_7
March11,12.612819,1.0732511,1.794570083730494e-36,2.119776567157845e-34,0.7058823529411765,0.5421461897356143,Purkinje_Aldoc_7
Meg3,12.5926695,0.24154614,2.3170237525861255e-36,2.7225029092886975e-34,1.0,1.0,Purkinje_Aldoc_7
Fstl5,12.515393,1.9073782,6.150284125647262e-36,7.151306932555996e-34,0.4742647058823529,0.21598755832037325,Purkinje_Aldoc_7
Trpc4,12.504171,0.93290216,7.083498870854851e-36,8.193736388177957e-34,0.7408088235294118,0.5161430793157076,Purkinje_Aldoc_7
Sik3,12.495521,0.38326436,7.897769107110084e-36,9.041933093140135e-34,0.9834558823529411,0.9862519440124417,Purkinje_Aldoc_7
Ano4,12.437612,0.55594283,1.633141601033913e-35,1.8321550875920658e-33,0.9044117647058824,0.9297667185069984,Purkinje_Aldoc_7
Egfem1,57.44796,2.694398,0.0,0.0,0.9888835186080231,0.5178694158075602,Purkinje_Anti_Aldoc_1
Pcdh9,52.712093,0.74243295,0.0,0.0,1.0,0.9997250859106529,Purkinje_Anti_Aldoc_1
Plcb4,51.849873,1.4480549,0.0,0.0,0.9990333494441759,0.9417182130584193,Purkinje_Anti_Aldoc_1
Ebf2,51.775314,2.1543596,0.0,0.0,0.9956500724987917,0.6582130584192439,Purkinje_Anti_Aldoc_1
Lsamp,50.258675,1.4502505,0.0,0.0,0.9995166747220879,0.9764948453608248,Purkinje_Anti_Aldoc_1
Tmtc2,50.002502,1.6443619,0.0,0.0,0.9850169163847269,0.786254295532646,Purkinje_Anti_Aldoc_1
Prkca,49.315826,1.5958524,0.0,0.0,0.9961333977767037,0.8249484536082474,Purkinje_Anti_Aldoc_1
Grip1,47.039837,0.6409807,0.0,0.0,0.9995166747220879,0.9980068728522337,Purkinje_Anti_Aldoc_1
Plcb1,46.817635,1.7829221,0.0,0.0,0.9985500241662639,0.8342268041237113,Purkinje_Anti_Aldoc_1
Rbfox1,45.7401,0.8377117,0.0,0.0,0.9995166747220879,0.9931958762886598,Purkinje_Anti_Aldoc_1
Nrxn3,44.357777,0.45422536,0.0,0.0,1.0,0.9998625429553265,Purkinje_Anti_Aldoc_1
Sv2c,44.18904,1.3429804,0.0,0.0,0.985983566940551,0.8334020618556701,Purkinje_Anti_Aldoc_1
Etl4,43.985073,1.0356845,0.0,0.0,1.0,0.9960824742268041,Purkinje_Anti_Aldoc_1
Sgcz,42.06822,0.82705677,0.0,0.0,1.0,0.9884536082474227,Purkinje_Anti_Aldoc_1
Sema3a,41.996315,1.3590385,0.0,0.0,0.9739004349927501,0.8518213058419244,Purkinje_Anti_Aldoc_1
9630028H03Rik,40.99738,1.8520151,0.0,0.0,0.971967133881102,0.6088659793814433,Purkinje_Anti_Aldoc_1
Gm14211,40.591873,1.3867761,0.0,0.0,0.9458675688738521,0.7245360824742269,Purkinje_Anti_Aldoc_1
Lhfpl3,40.12483,0.9451214,0.0,0.0,0.9980666988883519,0.9588316151202749,Purkinje_Anti_Aldoc_1
Grin2a,39.419033,2.5218678,0.0,0.0,0.7249879168680522,0.27065292096219934,Purkinje_Anti_Aldoc_1
Kcnip1,39.253765,0.4842944,0.0,0.0,1.0,0.9935395189003436,Purkinje_Anti_Aldoc_1
Cntnap2,38.639023,0.64355475,0.0,0.0,0.9990333494441759,0.9905154639175258,Purkinje_Anti_Aldoc_1
Efna5,38.292866,1.4056703,0.0,0.0,0.9352344127597874,0.7461168384879725,Purkinje_Anti_Aldoc_1
Pbx3,36.555252,1.2159623,1.4714724783082298e-292,8.64490081006085e-290,0.9473175447075882,0.8308591065292096,Purkinje_Anti_Aldoc_1
Rgs8,35.973804,0.78939235,2.1487018467588767e-283,1.199244218222298e-280,0.9937167713871435,0.9426116838487972,Purkinje_Anti_Aldoc_1
Nrg3,35.604378,0.55921036,1.1986233051926883e-277,6.371253640101611e-275,0.9990333494441759,0.994020618556701,Purkinje_Anti_Aldoc_1
Kcnd2,35.531277,0.8332494,1.617161681867513e-276,8.396077801788891e-274,0.9961333977767037,0.9681786941580756,Purkinje_Anti_Aldoc_1
Maml3,35.27217,1.259156,1.5689685233237216e-272,7.783827174044908e-270,0.8801353310778154,0.670721649484536,Purkinje_Anti_Aldoc_1
Kctd16,35.237007,1.8722031,5.4257879103729134e-272,2.633276415197289e-269,0.736587723537941,0.41532646048109967,Purkinje_Anti_Aldoc_1
Pitpnm2,35.114094,1.194715,4.108155961397776e-270,1.9513740816639436e-267,0.8627356210729821,0.6906529209621993,Purkinje_Anti_Aldoc_1
Ppm1l,35.103405,1.006207,5.980707196067293e-270,2.7816518365042146e-267,0.9453842435959401,0.8278350515463917,Purkinje_Anti_Aldoc_1
Gm44071,35.05688,0.649418,3.062965966516061e-269,1.3955248000504299e-266,0.9932334461092315,0.9841924398625429,Purkinje_Anti_Aldoc_1
Zfpm2,34.89247,1.1368515,9.670552334761877e-267,4.317901617471178e-264,0.9352344127597874,0.7268728522336769,Purkinje_Anti_Aldoc_1
Xylt1,34.638283,1.2759848,6.705996347391608e-263,2.9355170285395614e-260,0.8627356210729821,0.6276975945017182,Purkinje_Anti_Aldoc_1
Frmpd4,34.349297,0.32707307,1.4429488925966849e-258,6.194968082157883e-256,1.0,0.9999312714776633,Purkinje_Anti_Aldoc_1
Wbscr17,33.955433,1.1476185,1.0141789784017349e-252,4.192878832003469e-250,0.8844852585790237,0.7190378006872852,Purkinje_Anti_Aldoc_1
Kcnma1,33.45035,0.300645,2.5435264628134377e-245,1.0324405142238182e-242,1.0,0.9998625429553265,Purkinje_Anti_Aldoc_1
Car8,33.397625,0.37166092,1.484246873112835e-244,5.917109186115007e-242,1.0,0.9998625429553265,Purkinje_Anti_Aldoc_1
Far2,33.17902,0.8465287,2.161394856657737e-241,8.319506926704134e-239,0.9932334461092315,0.9492783505154639,Purkinje_Anti_Aldoc_1
Cadps,33.07789,0.4346723,6.18076237189296e-240,2.3387376263137346e-237,0.9995166747220879,0.9958762886597938,Purkinje_Anti_Aldoc_1
Kcnh7,32.794933,0.68611306,6.953886007896684e-236,2.545008280758909e-233,0.9961333977767037,0.9759450171821306,Purkinje_Anti_Aldoc_1
Brinp1,32.759796,1.1594385,2.202202801073037e-235,7.9297060538637985e-233,0.9110681488641856,0.6614432989690722,Purkinje_Anti_Aldoc_1
Ano3,32.477936,1.2315005,2.185078394113007e-231,7.622167991964513e-229,0.8632189463508941,0.5891408934707903,Purkinje_Anti_Aldoc_1
Efr3a,32.151863,0.7779573,8.318236261278454e-227,2.8137064323188104e-224,0.9855002416626389,0.9609621993127148,Purkinje_Anti_Aldoc_1
Dscam,31.771917,0.5670623,1.581837311586677e-221,5.193311467819495e-219,0.9946834219429677,0.988659793814433,Purkinje_Anti_Aldoc_1
Manba,31.554567,1.2023027,1.5522430949541445e-218,4.950546727835897e-216,0.820202996616723,0.600893470790378,Purkinje_Anti_Aldoc_1
Gm44040,30.962305,0.55325884,1.7351626161766433e-210,5.306507589882679e-208,0.9956500724987917,0.9908591065292096,Purkinje_Anti_Aldoc_1
Frmd4a,30.91852,0.34523055,6.734467552741742e-210,2.0317160556075593e-207,0.9995166747220879,0.9997250859106529,Purkinje_Anti_Aldoc_1
Camta1,30.826904,0.45123506,1.1427521308291668e-208,3.4015921761014866e-206,0.9946834219429677,0.9905841924398625,Purkinje_Anti_Aldoc_1
Gpc6,30.51799,0.54057914,1.5042633998959953e-204,4.305471846497191e-202,0.9985500241662639,0.9962199312714777,Purkinje_Anti_Aldoc_1
Sptan1,30.45022,0.4405862,1.1898660167789073e-203,3.362501117036596e-201,0.9990333494441759,0.9957388316151202,Purkinje_Anti_Aldoc_1
Il1rapl1,30.19313,0.41317892,2.9152344171050657e-200,7.747929566889356e-198,0.9995166747220879,0.9975945017182131,Purkinje_Anti_Aldoc_1
Galnt13,30.055443,0.43738547,1.85349121615363e-198,4.811533883794162e-196,0.9990333494441759,0.9938144329896907,Purkinje_Anti_Aldoc_1
Pcdh7,30.054373,1.2332549,1.914138362790584e-198,4.911855051643653e-196,0.8158530691155147,0.5323711340206185,Purkinje_Anti_Aldoc_1
Sorbs2,29.648764,1.6475201,3.5183992697590247e-193,8.925939056519344e-191,0.652972450459159,0.3272164948453608,Purkinje_Anti_Aldoc_1
Ttll5,29.48188,0.33565637,4.9156100766764465e-191,1.2330448872112546e-188,0.9990333494441759,0.9987628865979381,Purkinje_Anti_Aldoc_1
Nrg3os,29.4079,0.85735357,4.3521199281041423e-190,1.0795675266102775e-187,0.9275012083131948,0.8469415807560138,Purkinje_Anti_Aldoc_1
Pcsk6,29.119925,0.4317488,2.008581971805975e-186,4.927647529732791e-184,0.9975833736104398,0.9941580756013746,Purkinje_Anti_Aldoc_1
Scn9a,28.950169,0.9353804,2.7925180613655156e-184,6.776409317389689e-182,0.9076848719188013,0.7948453608247422,Purkinje_Anti_Aldoc_1
C79798,28.379839,1.4752531,3.586734284609901e-177,8.341025302491254e-175,0.6626389560173997,0.3802061855670103,Purkinje_Anti_Aldoc_1
Garnl3,27.669538,0.45360076,1.6245187594767073e-168,3.626738130531749e-166,1.0,0.9960137457044673,Purkinje_Anti_Aldoc_1
Adcy8,27.572569,1.2260783,2.3737883602712995e-167,5.247012390401659e-165,0.7317544707588207,0.5116838487972508,Purkinje_Anti_Aldoc_1
Gm20642,27.47825,0.7416478,3.194646367062405e-166,6.992203935751783e-164,0.9420009666505558,0.8719587628865979,Purkinje_Anti_Aldoc_1
Lrrc4c,26.93113,0.8311851,9.490790959141642e-160,2.0571059044935647e-157,0.9681005316578057,0.8972508591065292,Purkinje_Anti_Aldoc_1
Khdrbs2,26.030207,0.34466556,2.2542290146251342e-149,4.5750602501369203e-147,0.9990333494441759,0.9953951890034364,Purkinje_Anti_Aldoc_1
Mbnl2,25.94406,0.40284374,2.1217665084401187e-148,4.267426783867176e-146,0.9971000483325277,0.9909965635738832,Purkinje_Anti_Aldoc_1
Tenm2,25.904156,0.8816193,5.979006801729665e-148,1.1708888320053928e-145,0.9966167230546158,0.9742268041237113,Purkinje_Anti_Aldoc_1
Kcnmb1,25.724293,0.69194674,6.253032921472467e-146,1.2139039997554159e-143,0.91686805219913,0.8507903780068728,Purkinje_Anti_Aldoc_1
Thsd7a,25.335884,0.3560293,1.2858360068224617e-141,2.4535289617360218e-139,0.9995166747220879,0.9973883161512027,Purkinje_Anti_Aldoc_1
Tiam2,25.262245,1.0390061,8.308825888408292e-141,1.5587776299051693e-138,0.7525374577090382,0.5669415807560138,Purkinje_Anti_Aldoc_1
Frmpd3,25.130589,0.84952307,2.3039381712830673e-139,4.28628497282454e-137,0.958434026099565,0.8736082474226804,Purkinje_Anti_Aldoc_1
Sgpp2,25.046993,0.9897425,1.8826351945381354e-138,3.473539728765609e-136,0.7713871435476075,0.5800687285223368,Purkinje_Anti_Aldoc_1
Limch1,24.907572,0.52259445,6.1595728024950085e-137,1.1179875025666752e-134,0.9695505074915418,0.9424742268041237,Purkinje_Anti_Aldoc_1
Gm14033,24.868567,0.7041259,1.6286432200570107e-136,2.932214507078449e-134,0.9980666988883519,0.9303780068728522,Purkinje_Anti_Aldoc_1
Cacna2d2,24.646254,0.36359936,4.0367669489348426e-134,7.040689229294559e-132,0.9966167230546158,0.9918900343642612,Purkinje_Anti_Aldoc_1
Ano4,24.52902,0.5768611,7.243487353617299e-133,1.2439296551500478e-130,0.9613339777670372,0.9243298969072165,Purkinje_Anti_Aldoc_1
Abhd3,24.354061,0.6234237,5.25052421401561e-131,8.813379930669058e-129,0.9690671822136298,0.9174570446735395,Purkinje_Anti_Aldoc_1
Nrxn1,23.890924,0.5975722,3.805951302932136e-126,5.98365231253239e-124,0.9724504591590141,0.9493470790378007,Purkinje_Anti_Aldoc_1
Cntn3,23.828735,0.47294766,1.682708598978508e-125,2.627025837216447e-123,0.9985500241662639,0.9936769759450171,Purkinje_Anti_Aldoc_1
Apbb2,23.752253,0.30183578,1.0414094742897807e-124,1.6034114836909898e-122,0.9966167230546158,0.9947079037800687,Purkinje_Anti_Aldoc_1
Dgki,23.711193,0.29535308,2.764096980121054e-124,4.226607197342639e-122,0.9995166747220879,0.9970446735395189,Purkinje_Anti_Aldoc_1
Gm17171,23.572803,0.8518637,7.328555265747343e-123,1.1129931721619689e-120,0.8148864185596907,0.6588316151202749,Purkinje_Anti_Aldoc_1
Adamts3,23.444792,0.5637634,1.4939087510796383e-121,2.2534805991792518e-119,0.957950700821653,0.9121649484536083,Purkinje_Anti_Aldoc_1
Prkag2,23.41038,0.71780163,3.3504450419728515e-121,5.02004601087543e-119,0.8463025616239729,0.7940893470790378,Purkinje_Anti_Aldoc_1
Ccar1,23.352549,0.3941642,1.298406580890847e-120,1.919664034330342e-118,0.9946834219429677,0.9885223367697594,Purkinje_Anti_Aldoc_1
Cacnb4,23.118961,0.25416577,2.984908330925579e-118,4.32714795376062e-116,0.9995166747220879,0.9977319587628866,Purkinje_Anti_Aldoc_1
Sorbs2os,22.676556,1.6390008,7.63349410710113e-114,1.0718097857926586e-111,0.49685838569357177,0.2256357388316151,Purkinje_Anti_Aldoc_1
St8sia5,22.649704,0.61734325,1.4045236507367406e-113,1.9475770498570024e-111,0.9313678105364911,0.834914089347079,Purkinje_Anti_Aldoc_1
Agbl4,22.539583,0.5062178,1.6990826473153536e-112,2.3414827223034115e-110,0.9768003866602223,0.9450859106529209,Purkinje_Anti_Aldoc_1
Gm13629,22.018787,0.57419693,1.902887066595023e-107,2.51372507465881e-105,0.9284678588690188,0.8903780068728522,Purkinje_Anti_Aldoc_1
Sufu,21.99269,0.69916064,3.3833338854426243e-107,4.443113470147446e-105,0.8400193330111165,0.7578006872852233,Purkinje_Anti_Aldoc_1
Map2,21.912066,0.5701337,1.9933196292057692e-106,2.5872593443034185e-104,0.9241179313678105,0.8675601374570446,Purkinje_Anti_Aldoc_1
Cntnap5a,21.789835,0.49678382,2.896935663412173e-105,3.674664129867998e-103,0.9845335911068149,0.9586254295532646,Purkinje_Anti_Aldoc_1
Gm44188,21.77849,0.7368069,3.711026119849559e-105,4.680715148341323e-103,0.915418076365394,0.8457731958762886,Purkinje_Anti_Aldoc_1
Nr2f2,21.753893,0.8579773,6.345958924684343e-105,7.959187246830222e-103,0.7448042532624456,0.5958762886597938,Purkinje_Anti_Aldoc_1
2900055J20Rik,21.67601,2.4710371,3.4557147552204665e-104,4.309990609513795e-102,0.3765103914934751,0.09539518900343642,Purkinje_Anti_Aldoc_1
Kcng4,21.660454,1.136667,4.8444142306301694e-104,6.008419316601029e-102,0.5935234412759788,0.3493470790378007,Purkinje_Anti_Aldoc_1
Fam135b,21.542171,0.351635,6.269692464561538e-103,7.607113275616106e-101,0.9903334944417593,0.9854982817869415,Purkinje_Anti_Aldoc_1
Coro6,21.54139,1.1980209,6.376652245284381e-103,7.695068182485069e-101,0.583856935717738,0.37986254295532645,Purkinje_Anti_Aldoc_1
Grm1,21.41047,0.20815746,1.0673211154500307e-101,1.2810722528183836e-99,1.0,0.9993127147766323,Purkinje_Anti_Aldoc_1
Magi2,21.390253,0.16076376,1.6466286850546056e-101,1.96582809592749e-99,1.0,0.9999312714776633,Purkinje_Anti_Aldoc_1
9630028H03Rik,76.98905,3.0653806,0.0,0.0,0.9811411992263056,0.5457021549307057,Purkinje_Anti_Aldoc_2
Plcb4,69.67171,1.511503,0.0,0.0,0.999274661508704,0.9321477209004245,Purkinje_Anti_Aldoc_2
Plcb1,67.82496,2.0489736,0.0,0.0,0.9973404255319149,0.8074180886004967,Purkinje_Anti_Aldoc_2
Ebf2,65.01283,2.1856613,0.0,0.0,0.9896034816247582,0.6043419049907874,Purkinje_Anti_Aldoc_2
Prkca,64.758415,1.6597905,0.0,0.0,0.995164410058027,0.7969238163902908,Purkinje_Anti_Aldoc_2
Far2,56.693108,1.0950938,0.0,0.0,0.9920212765957447,0.9424016662661219,Purkinje_Anti_Aldoc_2
Brinp1,56.594044,1.557472,0.0,0.0,0.9506769825918762,0.6069855002803813,Purkinje_Anti_Aldoc_2
Lhfpl3,54.828304,0.9759784,0.0,0.0,0.9961315280464217,0.9529760474244973,Purkinje_Anti_Aldoc_2
Car8,52.720867,0.43908733,0.0,0.0,1.0,0.999839782103661,Purkinje_Anti_Aldoc_2
Gm14211,51.750927,1.3466058,0.0,0.0,0.9526112185686654,0.6856524873828407,Purkinje_Anti_Aldoc_2
Etl4,50.24531,0.94388086,0.0,0.0,0.9997582205029013,0.9955138989025074,Purkinje_Anti_Aldoc_2
Gm14033,49.08958,0.9743987,0.0,0.0,0.9978239845261122,0.9192501802451334,Purkinje_Anti_Aldoc_2
Sdk1,48.646835,1.3496608,0.0,0.0,0.9081237911025145,0.6328606905391332,Purkinje_Anti_Aldoc_2
Muc3a,48.3191,1.2232022,0.0,0.0,0.9436653771760155,0.6901385884803333,Purkinje_Anti_Aldoc_2
Lsamp,47.13549,1.1227874,0.0,0.0,0.9995164410058027,0.9726828486741969,Purkinje_Anti_Aldoc_2
Rgs8,46.655003,0.78712565,0.0,0.0,0.9946808510638298,0.9338300088119843,Purkinje_Anti_Aldoc_2
Kcng4,46.338787,1.8071445,0.0,0.0,0.7147001934235977,0.2687655211087078,Purkinje_Anti_Aldoc_2
Grin2a,46.31525,2.1856072,0.0,0.0,0.6692456479690522,0.21389089161259311,Purkinje_Anti_Aldoc_2
Kcnip1,45.614944,0.4313018,0.0,0.0,1.0,0.992469758872066,Purkinje_Anti_Aldoc_2
Zfpm2,45.431698,1.134169,0.0,0.0,0.9477756286266924,0.688215973724265,Purkinje_Anti_Aldoc_2
Pcdh7,44.478466,1.4159734,0.0,0.0,0.8363152804642167,0.4786509653128254,Purkinje_Anti_Aldoc_2
Abhd3,44.050217,0.84982705,0.0,0.0,0.9816247582205029,0.9047504606264519,Purkinje_Anti_Aldoc_2
Kcnh7,44.022038,0.7058028,0.0,0.0,0.995889748549323,0.9726828486741969,Purkinje_Anti_Aldoc_2
Tmtc2,42.20381,1.0431894,0.0,0.0,0.961073500967118,0.7612753344548586,Purkinje_Anti_Aldoc_2
Sv2c,42.150455,0.9808331,0.0,0.0,0.97678916827853,0.8111832091644636,Purkinje_Anti_Aldoc_2
Sptan1,41.84818,0.4490162,0.0,0.0,0.9985493230174082,0.9953536810061684,Purkinje_Anti_Aldoc_2
Sphkap,41.735954,0.6562094,0.0,0.0,0.9970986460348162,0.9766081871345029,Purkinje_Anti_Aldoc_2
Paxbp1,41.637836,0.4460928,0.0,0.0,0.9990328820116054,0.9971160778658976,Purkinje_Anti_Aldoc_2
Cthrc1,41.34327,1.1275338,0.0,0.0,0.8658123791102514,0.5875190258751902,Purkinje_Anti_Aldoc_2
Ano3,40.97653,1.2068005,0.0,0.0,0.8568665377176016,0.5458623728270448,Purkinje_Anti_Aldoc_2
Lingo2,40.437946,0.9512987,0.0,0.0,0.9857350096711799,0.8941760794680765,Purkinje_Anti_Aldoc_2
Samd8,40.021057,0.8847943,0.0,0.0,0.9359284332688588,0.7933189137226628,Purkinje_Anti_Aldoc_2
Rbfox1,39.925888,0.57242334,0.0,0.0,0.9990328820116054,0.992309540975727,Purkinje_Anti_Aldoc_2
St8sia5,39.030033,0.79542845,0.0,0.0,0.9533365570599613,0.8116638628534807,Purkinje_Anti_Aldoc_2
Xylt1,38.876785,1.0466651,0.0,0.0,0.8575918762088974,0.5904830569574622,Purkinje_Anti_Aldoc_2
Chst8,38.85515,0.90711,0.0,0.0,0.9538201160541586,0.7763358167107266,Purkinje_Anti_Aldoc_2
Dnm3,38.714695,0.4522045,0.0,0.0,0.995889748549323,0.988864856204438,Purkinje_Anti_Aldoc_2
Garnl3,38.636158,0.4936868,0.0,0.0,1.0,0.9953536810061684,Purkinje_Anti_Aldoc_2
Adamts3,38.555973,0.7060343,0.0,0.0,0.9755802707930368,0.8987422895137387,Purkinje_Anti_Aldoc_2
Pard3b,38.005623,1.150965,0.0,0.0,0.8034332688588007,0.5302411279339903,Purkinje_Anti_Aldoc_2
Sgcz,37.89178,0.5977621,0.0,0.0,0.999274661508704,0.9867820235520307,Purkinje_Anti_Aldoc_2
Stmn4,37.575466,1.0658698,5.409151280459e-309,1.5285987637499642e-306,0.8174564796905223,0.5644476488023712,Purkinje_Anti_Aldoc_2
Esrrb,36.786076,1.1679853,3.083022937481699e-296,8.603560884909866e-294,0.777321083172147,0.4694384362733317,Purkinje_Anti_Aldoc_2
Kitl,35.94273,0.53137857,6.574211363197253e-283,1.7266972786279844e-280,0.9985493230174082,0.9889449651526075,Purkinje_Anti_Aldoc_2
Lsmem1,35.78759,1.207563,1.7226769574492223e-280,4.471949194773708e-278,0.71784332688588,0.4054313866858928,Purkinje_Anti_Aldoc_2
Ccar1,34.84397,0.44812086,5.253812147488472e-266,1.3178804066593273e-263,0.9939555125725339,0.9877433309300648,Purkinje_Anti_Aldoc_2
Nrxn3,34.529583,0.26405483,2.8871207763972275e-261,7.005975144898708e-259,1.0,0.999839782103661,Purkinje_Anti_Aldoc_2
Trabd2b,34.525166,0.8261364,3.3629276668025055e-261,8.072834425953327e-259,0.9879110251450677,0.8224785708563647,Purkinje_Anti_Aldoc_2
Sgpp2,34.488068,0.9907777,1.2110060937484956e-260,2.876139472652677e-258,0.811411992263056,0.5351277737723303,Purkinje_Anti_Aldoc_2
Ano5,34.463894,1.3743057,2.788758474383721e-260,6.553582414801744e-258,0.6397485493230174,0.31843306897380436,Purkinje_Anti_Aldoc_2
Cadps,34.05981,0.33887738,2.905138248000145e-254,6.755959519437837e-252,0.9983075435203095,0.9956741167988464,Purkinje_Anti_Aldoc_2
Ntng1,33.792896,0.89488214,2.50798413562792e-250,5.713341411009522e-248,0.870164410058027,0.69230153008091,Purkinje_Anti_Aldoc_2
Far2os1,33.695877,1.0901905,6.642751032212774e-249,1.497973907011618e-246,0.7398452611218569,0.475446607386045,Purkinje_Anti_Aldoc_2
Tiam2,33.56423,1.0262032,5.5817322815192e-247,1.2461217318491614e-244,0.7819148936170213,0.5264760073700232,Purkinje_Anti_Aldoc_2
Nr2f2,33.442947,0.9754683,3.2591813900162083e-245,7.204081636842758e-243,0.8007736943907157,0.5526716334214532,Purkinje_Anti_Aldoc_2
Epb41l2,33.42066,1.6020092,6.871160442105124e-245,1.503908400686244e-242,0.5425531914893617,0.20812304734438836,Purkinje_Anti_Aldoc_2
Mbnl2,32.985855,0.37096807,1.2958940111628986e-238,2.7038162429169823e-236,0.995889748549323,0.9903869262196587,Purkinje_Anti_Aldoc_2
Nptn,32.88563,0.38492784,3.5274616408881487e-237,7.224823957140176e-235,0.9946808510638298,0.9875030040855564,Purkinje_Anti_Aldoc_2
Ppm1l,32.697937,0.6848595,1.670911145335482e-234,3.391190119964967e-232,0.9383462282398453,0.8107025554754466,Purkinje_Anti_Aldoc_2
Kctd16,32.52612,1.2352685,4.557279754953424e-232,9.084042011547785e-230,0.6665860735009671,0.38532404069534565,Purkinje_Anti_Aldoc_2
Manba,31.539835,0.888774,2.4716720521200314e-218,4.756903324446526e-216,0.8075435203094777,0.5687735320035248,Purkinje_Anti_Aldoc_2
Calm2,31.453722,0.37305057,3.733484138619744e-217,7.123934478178271e-215,0.9975822050290135,0.9943122646799647,Purkinje_Anti_Aldoc_2
Sema3a,31.41732,0.822754,1.1737523598683676e-216,2.2206797825475684e-214,0.9530947775628626,0.8385003604902668,Purkinje_Anti_Aldoc_2
Alpk2,31.270021,1.0395311,1.1931805304154858e-214,2.2384668354223297e-212,0.7214700193423598,0.47208203156292555,Purkinje_Anti_Aldoc_2
Lrp8,30.60399,0.45400232,1.0831060272492473e-205,1.9190747665348768e-203,0.9859767891682786,0.9619482496194824,Purkinje_Anti_Aldoc_2
Il1rapl1,30.54972,0.3339182,5.70294351948585e-205,9.94673547441575e-203,0.999274661508704,0.9973564047104061,Purkinje_Anti_Aldoc_2
Dab1,30.349577,0.21000308,2.5450289368741064e-202,4.3705977704395716e-200,0.9997582205029013,0.999679564207322,Purkinje_Anti_Aldoc_2
Stim1,30.137844,0.47760814,1.5479774826733532e-199,2.6380608626475274e-197,0.9859767891682786,0.9645117359609068,Purkinje_Anti_Aldoc_2
4930545L23Rik,30.061913,1.3378569,1.5255994630812485e-198,2.5608276701720957e-196,0.5568181818181818,0.25210285988944964,Purkinje_Anti_Aldoc_2
Pcdh9,30.003656,0.34944534,8.792987063555381e-198,1.4649510163721933e-195,1.0,0.999679564207322,Purkinje_Anti_Aldoc_2
Pitpnm2,29.42214,0.7179825,2.861408346229928e-190,4.62905371953501e-188,0.8500967117988395,0.6663462308739886,Purkinje_Anti_Aldoc_2
Kcnj3,29.354036,0.6256376,2.122257037166348e-189,3.4085890902689724e-187,0.9671179883945842,0.886245293599295,Purkinje_Anti_Aldoc_2
Opn3,29.342726,1.1183041,2.9588697143519545e-189,4.71834045520767e-187,0.621615087040619,0.3470319634703196,Purkinje_Anti_Aldoc_2
Smarca1,29.221455,0.89122486,1.0354679327241743e-187,1.6394908934799426e-185,0.7802224371373307,0.5773451894576624,Purkinje_Anti_Aldoc_2
Homer3,29.079449,0.3324426,6.531657433443443e-186,1.0056500151836199e-183,0.9956479690522244,0.9903068172714892,Purkinje_Anti_Aldoc_2
Etfa,28.990011,0.5744008,8.793056054056829e-185,1.3354080027674742e-182,0.9383462282398453,0.8452295121365057,Purkinje_Anti_Aldoc_2
Gm3294,28.525839,0.84598404,5.602075693912322e-179,8.228048675433723e-177,0.7400870406189555,0.5119762877513419,Purkinje_Anti_Aldoc_2
Cacna2d2,28.412193,0.31709212,1.429540730456057e-177,2.085914824015129e-175,0.9961315280464217,0.9912681246495233,Purkinje_Anti_Aldoc_2
Kcnma1,28.40745,0.19956753,1.6360536462656176e-177,2.3717466008363578e-175,1.0,0.999839782103661,Purkinje_Anti_Aldoc_2
Large,28.31881,0.26217055,2.02773828819464e-176,2.883392183690786e-174,0.9995164410058027,0.9990386926219659,Purkinje_Anti_Aldoc_2
Nefh,28.27575,1.0354534,6.868616564808093e-176,9.705181317046878e-174,0.6506286266924565,0.4091163983016903,Purkinje_Anti_Aldoc_2
Lrrc4c,28.15181,0.69024116,2.2771632576799327e-174,3.177354357981531e-172,0.9543036750483559,0.8900905231114316,Purkinje_Anti_Aldoc_2
Map2,27.958607,0.5399837,5.180875596404505e-172,7.09589249630249e-170,0.9424564796905223,0.8521188816790836,Purkinje_Anti_Aldoc_2
Pcsk6,27.855064,0.3166309,9.352786124254157e-171,1.2731765257559394e-168,0.9978239845261122,0.9935111751982696,Purkinje_Anti_Aldoc_2
Sufu,27.750237,0.6600483,1.731041835927716e-169,2.3421520598234096e-167,0.8650870406189555,0.7358807978851237,Purkinje_Anti_Aldoc_2
Fgf14,27.74261,0.16640122,2.1395966060474296e-169,2.877499652410173e-167,1.0,0.999839782103661,Purkinje_Anti_Aldoc_2
Efr3a,27.390354,0.4919505,3.573223161463149e-165,4.748345659503857e-163,0.9871856866537717,0.9563406232476167,Purkinje_Anti_Aldoc_2
Bicc1,27.329151,0.93515944,1.9110361817377075e-164,2.5244901039819125e-162,0.664651837524178,0.4139229351918609,Purkinje_Anti_Aldoc_2
Dgkb,27.300346,0.6500384,4.201657382242378e-164,5.517764768150652e-162,0.9881528046421664,0.897380437394857,Purkinje_Anti_Aldoc_2
Kcna1,26.695364,0.4687782,5.3277899310219975e-157,6.7581198982992105e-155,0.9574468085106383,0.9005046863734679,Purkinje_Anti_Aldoc_2
Elovl5,26.665604,0.6469876,1.1800044743543915e-156,1.4883389768339993e-154,0.8617021276595744,0.7285107746535288,Purkinje_Anti_Aldoc_2
Magi2,26.586966,0.15068385,9.605221399548298e-156,1.2046998187916617e-153,0.9997582205029013,1.0,Purkinje_Anti_Aldoc_2
Tpr,26.562292,0.43421534,1.8520578988748279e-155,2.3098990275072925e-153,0.9813829787234043,0.9467275494672754,Purkinje_Anti_Aldoc_2
Dgki,26.265148,0.25176018,4.799277096708637e-152,5.823035933914148e-150,0.9987911025145068,0.996875751021389,Purkinje_Anti_Aldoc_2
Gas6,25.965536,0.6422363,1.2141151523222197e-148,1.4341333743700293e-146,0.8326885880077369,0.6759593046543299,Purkinje_Anti_Aldoc_2
Gm13944,25.674372,0.48323178,2.2600357751265978e-145,2.6007885917371797e-143,0.9763056092843327,0.9407193783545622,Purkinje_Anti_Aldoc_2
Luc7l2,25.630533,0.23654214,6.970056359335054e-145,7.979820934469492e-143,0.9990328820116054,0.9961547704878635,Purkinje_Anti_Aldoc_2
Rbfox2,25.453333,0.2899773,6.484576990561275e-143,7.311524308802044e-141,0.9956479690522244,0.9895858367379636,Purkinje_Anti_Aldoc_2
Gm17171,25.432167,0.69804174,1.1120396057149238e-142,1.2475519697279233e-140,0.8254352030947776,0.6294961147160137,Purkinje_Anti_Aldoc_2
Gnai1,25.424267,0.5699652,1.3598659443169489e-142,1.5179503603437942e-140,0.9347195357833655,0.8147881118320917,Purkinje_Anti_Aldoc_2
