gen,lokalizacja,w_jadrze,otoczka,tylko_jadro,tez_poza,dopasowanie,uniprot_gen,n_komorek_wykryty,pct_komorek,srednia_cp10k_all,mean_Aldoc_plus,mean_Aldoc_minus,log2FC_plus_vs_minus,marker_dla,marker_logFC,marker_padj,marker_score,mean_Aldoc_1,mean_Aldoc_2,mean_Aldoc_3,mean_Aldoc_4,mean_Aldoc_5,mean_Aldoc_6,mean_Aldoc_7,mean_Anti_Aldoc_1,mean_Anti_Aldoc_2,pct_Aldoc_1,pct_Aldoc_2,pct_Aldoc_3,pct_Aldoc_4,pct_Aldoc_5,pct_Aldoc_6,pct_Aldoc_7,pct_Anti_Aldoc_1,pct_Anti_Aldoc_2,loc_txt,loc_pelny,topologia
Lypla1,otoczka,True,True,False,True,nazwa,Lypla1,259,1.56,0.005,0.005,0.005,0.0,,,,,0.003,0.006,0.007,0.005,0.004,0.005,0.007,0.004,0.006,0.8,2.67,1.85,1.5,1.34,1.59,1.29,1.06,1.81,"SUBCELLULAR LOCATION: Cytoplasm {ECO:0000250|UniProtKB:O75608}. Cell membrane {ECO:0000250|UniProtKB:O75608}. Nucleus membrane {ECO:0000250|UniProtKB:O75608}. Endoplasmic reticulum {ECO:0000250|UniProtKB:O75608}. Note=Shows predominantly a cytoplasmic localization with a weak expression in the cell membrane, nuclear membrane and endoplasmic reticulum. {ECO:0000250|UniProtKB:O75608}.","SUBCELLULAR LOCATION: Cytoplasm {ECO:0000250|UniProtKB:O75608}. Cell membrane {ECO:0000250|UniProtKB:O75608}. Nucleus membrane {ECO:0000250|UniProtKB:O75608}. Endoplasmic reticulum {ECO:0000250|UniProtKB:O75608}. Note=Shows predominantly a cytoplasmic localization with a weak expression in the cell membrane, nuclear membrane and endoplasmic reticulum. {ECO:0000250|UniProtKB:O75608}.",NIEOKRESLONY
Dst,otoczka,True,True,False,True,nazwa,Dst,16359,98.35,2.899,2.888,3.186,-0.141,,,,,2.634,3.53,2.675,2.622,2.887,2.861,3.008,3.349,3.024,96.62,98.67,98.57,97.95,97.81,98.28,97.24,98.65,98.89,"SUBCELLULAR LOCATION: Cytoplasm, cytoskeleton. Cytoplasm, cytoskeleton, stress fiber. Cell projection, axon {ECO:0000269|PubMed:17287360}. Note=Associates with axonal microtubules at the growing distal tip and intermediate filaments, but not with actin cytoskeleton, in sensory neurons (By similarity). Associates with intermediate filaments, actin and microtubule cytoskeletons. Localizes to actin s","SUBCELLULAR LOCATION: Cytoplasm, cytoskeleton. Cytoplasm, cytoskeleton, stress fiber. Cell projection, axon {ECO:0000269|PubMed:17287360}. Note=Associates with axonal microtubules at the growing distal tip and intermediate filaments, but not with actin cytoskeleton, in sensory neurons (By similarity). Associates with intermediate filaments, actin and microtubule cytoskeletons. Localizes to actin stress fibers and to actin-rich ruffling at the cortex of cells. {ECO:0000250, ECO:0000269|PubMed:14576348}.; SUBCELLULAR LOCATION: [Isoform 1]: Cytoplasm, cytoskeleton {ECO:0000269|PubMed:19932097}. Note=Colocalizes both cortical and cytoplasmic actin filaments (PubMed:19932097). Localizes to vesicule-like structures associated with microtubules (PubMed:14581450, PubMed:17287360). {ECO:0000269|PubMed:14581450, ECO:0000269|PubMed:17287360, ECO:0000269|PubMed:19932097}.; SUBCELLULAR LOCATION: [Isoform 2]: Cell membrane, sarcolemma. Cytoplasm, myofibril, sarcomere, Z line. Cytoplasm, myofibril, sarcomere, H zone. Cytoplasm, cytoskeleton. Note=Localizes to microtubules and actin microfilaments throughout the cytoplasm and at focal contact attachments at the plasma membrane.; SUBCELLULAR LOCATION: [Isoform 5]: Cytoplasm, cytoskeleton. Cell junction, hemidesmosome. Note=Colocalizes with the epidermal KRT5-KRT14 intermediate filaments network of keratins. Colocalizes with ITGB4 at the leading edge of migrating keratinocytes (By similarity). Localizes to actin and intermediate filaments cytoskeletons. {ECO:0000250}.; SUBCELLULAR LOCATION: [Isoform 6]: Nucleus. Nucleus envelope. Membrane; Single-pass membrane protein. Endoplasmic reticulum membrane; Single-pass membrane protein. Cytoplasm, cytoskeleton. Cytoplasm, cytoskeleton, stress fiber {ECO:0000269|PubMed:14576348}. Note=Associates with actin cytoskeleton in sensory neurons (By similarity). Localizes to actin and intermediate filaments cytoskeletons. Localizes to central actin stress fibers around the nucleus and is excluded form focal contact sites in myoblast cells. Translocates to the nucleus. {ECO:0000250}.; SUBCELLULAR LOCATION: [Isoform 7]: Cytoplasm, cytoskeleton. Cytoplasm, cell cortex. Cell membrane; Lipid-anchor.",NIEOKRESLONY
Unc50,otoczka,True,True,False,True,nazwa,Unc50,5836,35.08,0.178,0.193,0.164,0.222,,,,,0.166,0.261,0.186,0.169,0.198,0.181,0.188,0.157,0.171,28.94,46.67,38.33,36.18,35.88,37.79,30.15,26.85,35.83,SUBCELLULAR LOCATION: Nucleus inner membrane {ECO:0000250|UniProtKB:O55227}; Multi-pass membrane protein {ECO:0000250|UniProtKB:O55227}. Golgi apparatus membrane {ECO:0000250|UniProtKB:Q53HI1}; Multi-pass membrane protein {ECO:0000250|UniProtKB:Q53HI1}.,SUBCELLULAR LOCATION: Nucleus inner membrane {ECO:0000250|UniProtKB:O55227}; Multi-pass membrane protein {ECO:0000250|UniProtKB:O55227}. Golgi apparatus membrane {ECO:0000250|UniProtKB:Q53HI1}; Multi-pass membrane protein {ECO:0000250|UniProtKB:Q53HI1}.,INM_niedostepny
Tmem194b,otoczka,True,True,True,False,synonim,Nemp2,4057,24.39,0.114,0.126,0.107,0.217,,,,,0.154,0.141,0.109,0.121,0.113,0.123,0.121,0.102,0.112,27.33,32.0,24.88,26.97,23.32,26.96,20.4,17.82,25.68,SUBCELLULAR LOCATION: Nucleus inner membrane {ECO:0000250|UniProtKB:Q6ZQE4}; Multi-pass membrane protein {ECO:0000255}; Nucleoplasmic side {ECO:0000250|UniProtKB:B9X187}.,SUBCELLULAR LOCATION: Nucleus inner membrane {ECO:0000250|UniProtKB:Q6ZQE4}; Multi-pass membrane protein {ECO:0000255}; Nucleoplasmic side {ECO:0000250|UniProtKB:B9X187}.,INM_niedostepny
Sumo1,otoczka,True,True,False,True,nazwa,Sumo1,13439,80.79,0.825,0.805,0.902,-0.162,,,,,0.725,0.959,0.702,0.797,0.856,0.8,0.794,0.872,0.932,71.86,92.0,79.17,82.85,79.4,81.2,73.9,76.73,85.98,"SUBCELLULAR LOCATION: Nucleus membrane {ECO:0000250|UniProtKB:P63165}. Nucleus speckle {ECO:0000269|PubMed:18681895}. Cytoplasm {ECO:0000250|UniProtKB:P63165}. Nucleus, PML body {ECO:0000250|UniProtKB:P63165}. Cell membrane {ECO:0000250|UniProtKB:P63165}. Nucleus {ECO:0000250|UniProtKB:P63165}. Note=Recruited by BCL11A into the nuclear body (PubMed:18681895). In the presence of ZFHX3, sequesterd t","SUBCELLULAR LOCATION: Nucleus membrane {ECO:0000250|UniProtKB:P63165}. Nucleus speckle {ECO:0000269|PubMed:18681895}. Cytoplasm {ECO:0000250|UniProtKB:P63165}. Nucleus, PML body {ECO:0000250|UniProtKB:P63165}. Cell membrane {ECO:0000250|UniProtKB:P63165}. Nucleus {ECO:0000250|UniProtKB:P63165}. Note=Recruited by BCL11A into the nuclear body (PubMed:18681895). In the presence of ZFHX3, sequesterd to nuclear body (NB)-like dots in the nucleus some of which overlap or closely associate with PML body (By similarity). {ECO:0000250|UniProtKB:P63165, ECO:0000269|PubMed:18681895}.",NIEOKRESLONY
Des,otoczka,True,True,False,True,nazwa,Des,12,0.07,0.0,0.001,0.0,0.138,,,,,0.004,0.0,0.0,0.001,0.0,0.0,0.0,0.0,0.0,0.48,0.0,0.06,0.17,0.04,0.06,0.0,0.0,0.05,"SUBCELLULAR LOCATION: Cytoplasm, myofibril, sarcomere, Z line {ECO:0000269|PubMed:26343497, ECO:0000269|PubMed:26787680, ECO:0000269|PubMed:28469177}. Cytoplasm {ECO:0000269|PubMed:25394388, ECO:0000269|PubMed:25733715, ECO:0000269|PubMed:26787680}. Cell membrane, sarcolemma {ECO:0000269|PubMed:25394388}. Nucleus {ECO:0000269|PubMed:26787680}. Cell tip {ECO:0000269|PubMed:35959657}. Nucleus envelo","SUBCELLULAR LOCATION: Cytoplasm, myofibril, sarcomere, Z line {ECO:0000269|PubMed:26343497, ECO:0000269|PubMed:26787680, ECO:0000269|PubMed:28469177}. Cytoplasm {ECO:0000269|PubMed:25394388, ECO:0000269|PubMed:25733715, ECO:0000269|PubMed:26787680}. Cell membrane, sarcolemma {ECO:0000269|PubMed:25394388}. Nucleus {ECO:0000269|PubMed:26787680}. Cell tip {ECO:0000269|PubMed:35959657}. Nucleus envelope {ECO:0000269|PubMed:35959657}. Note=Localizes in the intercalated disks which occur at the Z line of cardiomyocytes (By similarity). Localizes in the nucleus exclusively in differentiating cardiac progenitor cells and premature cardiomyocytes (PubMed:26787680). PKP2 is required for correct anchoring of DES at the cell tip and nuclear envelope (PubMed:35959657). {ECO:0000250|UniProtKB:P17661, ECO:0000269|PubMed:26787680, ECO:0000269|PubMed:35959657}.",NIEOKRESLONY
Bok,otoczka,True,True,False,True,nazwa,Bok,1127,6.78,0.029,0.03,0.026,0.152,,,,,0.05,0.016,0.03,0.034,0.028,0.032,0.018,0.024,0.027,9.16,5.33,7.72,8.66,6.03,7.97,4.04,4.15,6.43,"SUBCELLULAR LOCATION: Mitochondrion membrane {ECO:0000269|PubMed:23429263, ECO:0000269|PubMed:26949185}; Single-pass membrane protein {ECO:0000269|PubMed:26949185}. Endoplasmic reticulum membrane {ECO:0000269|PubMed:23429263, ECO:0000269|PubMed:26949185}; Single-pass membrane protein {ECO:0000269|PubMed:26949185}. Mitochondrion inner membrane {ECO:0000250|UniProtKB:Q9UMX3}. Cytoplasm {ECO:0000250|","SUBCELLULAR LOCATION: Mitochondrion membrane {ECO:0000269|PubMed:23429263, ECO:0000269|PubMed:26949185}; Single-pass membrane protein {ECO:0000269|PubMed:26949185}. Endoplasmic reticulum membrane {ECO:0000269|PubMed:23429263, ECO:0000269|PubMed:26949185}; Single-pass membrane protein {ECO:0000269|PubMed:26949185}. Mitochondrion inner membrane {ECO:0000250|UniProtKB:Q9UMX3}. Cytoplasm {ECO:0000250|UniProtKB:Q9UMX3}. Nucleus {ECO:0000250|UniProtKB:Q9UMX3}. Mitochondrion {ECO:0000250|UniProtKB:Q9UMX3}. Endoplasmic reticulum {ECO:0000250|UniProtKB:Q9UMX3}. Mitochondrion outer membrane {ECO:0000250|UniProtKB:Q9UMX3}. Early endosome membrane {ECO:0000269|PubMed:23429263}. Recycling endosome membrane {ECO:0000269|PubMed:23429263}. Nucleus outer membrane {ECO:0000269|PubMed:23429263}. Golgi apparatus, cis-Golgi network membrane {ECO:0000269|PubMed:23429263}. Golgi apparatus, trans-Golgi network membrane {ECO:0000269|PubMed:23429263}. Membrane {ECO:0000250|UniProtKB:Q9UMX3}. Note=Nuclear and cytoplasmic compartments in the early stages of apoptosis and during apoptosis associates with mitochondria. In healthy cells, associates loosely with the membrane in a hit-and-run mode. The insertion and accumulation on membranes is enhanced through the activity of death signals, resulting in the integration of the membrane-bound protein into the membrane (By similarity). The transmembrane domain controls subcellular localization; constitutes a tail-anchor (PubMed:23429263, PubMed:26949185). Localizes in early and late endosome upon blocking of apoptosis (PubMed:23429263). Must localize to the mitochondria to induce mitochondrial outer membrane permeabilization and apoptosis (PubMed:26949185). {ECO:0000250|UniProtKB:Q9UMX3, ECO:0000269|PubMed:23429263, ECO:0000269|PubMed:26949185}.",ONM_dostepny
Bcl2,otoczka,True,True,False,True,nazwa,Bcl2,7802,46.9,0.306,0.286,0.258,0.143,,,,,0.366,0.088,0.375,0.332,0.26,0.382,0.202,0.246,0.27,45.18,24.0,57.28,51.5,41.15,56.02,30.33,34.86,44.46,SUBCELLULAR LOCATION: Mitochondrion outer membrane {ECO:0000250|UniProtKB:P10415}; Single-pass membrane protein {ECO:0000255}. Nucleus membrane {ECO:0000250|UniProtKB:P10415}; Single-pass membrane protein {ECO:0000255}. Endoplasmic reticulum membrane {ECO:0000250|UniProtKB:P10415}; Single-pass membrane protein {ECO:0000255}. Cytoplasm {ECO:0000269|PubMed:29020630}.,SUBCELLULAR LOCATION: Mitochondrion outer membrane {ECO:0000250|UniProtKB:P10415}; Single-pass membrane protein {ECO:0000255}. Nucleus membrane {ECO:0000250|UniProtKB:P10415}; Single-pass membrane protein {ECO:0000255}. Endoplasmic reticulum membrane {ECO:0000250|UniProtKB:P10415}; Single-pass membrane protein {ECO:0000255}. Cytoplasm {ECO:0000269|PubMed:29020630}.,NIEOKRESLONY
Ubxn4,otoczka,True,True,False,True,nazwa,Ubxn4,13252,79.67,0.788,0.794,0.745,0.091,,,,,0.817,0.741,0.768,0.839,0.804,0.874,0.718,0.699,0.792,77.01,88.0,82.3,83.68,77.44,83.62,67.65,70.26,81.89,SUBCELLULAR LOCATION: Endoplasmic reticulum membrane {ECO:0000250|UniProtKB:Q92575}; Peripheral membrane protein {ECO:0000250|UniProtKB:Q92575}. Nucleus envelope {ECO:0000250|UniProtKB:Q92575}. Note=Both the N- and the C-terminus face the cytosol. Also found in the nucleus envelope contiguous to the ER. {ECO:0000250|UniProtKB:Q92575}.,SUBCELLULAR LOCATION: Endoplasmic reticulum membrane {ECO:0000250|UniProtKB:Q92575}; Peripheral membrane protein {ECO:0000250|UniProtKB:Q92575}. Nucleus envelope {ECO:0000250|UniProtKB:Q92575}. Note=Both the N- and the C-terminus face the cytosol. Also found in the nucleus envelope contiguous to the ER. {ECO:0000250|UniProtKB:Q92575}.,NIEOKRESLONY
Pla2g4a,otoczka,True,True,False,True,nazwa,Pla2g4a,534,3.21,0.012,0.012,0.011,0.067,,,,,0.014,0.013,0.014,0.013,0.008,0.015,0.006,0.007,0.015,2.73,5.33,3.94,3.61,2.19,3.82,1.47,1.5,3.84,SUBCELLULAR LOCATION: Cytoplasm {ECO:0000250|UniProtKB:P47712}. Golgi apparatus membrane {ECO:0000250|UniProtKB:P47712}. Nucleus envelope {ECO:0000250|UniProtKB:P47712}. Note=Translocates to intracellular membranes in a calcium-dependent way. {ECO:0000250|UniProtKB:P47712}.,SUBCELLULAR LOCATION: Cytoplasm {ECO:0000250|UniProtKB:P47712}. Golgi apparatus membrane {ECO:0000250|UniProtKB:P47712}. Nucleus envelope {ECO:0000250|UniProtKB:P47712}. Note=Translocates to intracellular membranes in a calcium-dependent way. {ECO:0000250|UniProtKB:P47712}.,NIEOKRESLONY
Tpr,otoczka,True,True,False,True,nazwa,Tpr,15879,95.46,2.099,1.944,2.31,-0.248,,,,,1.363,2.506,1.912,1.94,1.909,2.2,1.775,2.06,2.56,88.75,97.33,95.92,95.84,93.07,95.79,90.62,94.54,98.14,"SUBCELLULAR LOCATION: Nucleus {ECO:0000250|UniProtKB:P12270}. Nucleus membrane {ECO:0000250|UniProtKB:P12270}; Peripheral membrane protein {ECO:0000250|UniProtKB:P12270}; Nucleoplasmic side {ECO:0000250|UniProtKB:P12270}. Nucleus envelope {ECO:0000269|PubMed:12424524, ECO:0000269|PubMed:12513910}. Nucleus, nuclear pore complex {ECO:0000250|UniProtKB:P12270, ECO:0000269|PubMed:12513910}. Cytoplasm ","SUBCELLULAR LOCATION: Nucleus {ECO:0000250|UniProtKB:P12270}. Nucleus membrane {ECO:0000250|UniProtKB:P12270}; Peripheral membrane protein {ECO:0000250|UniProtKB:P12270}; Nucleoplasmic side {ECO:0000250|UniProtKB:P12270}. Nucleus envelope {ECO:0000269|PubMed:12424524, ECO:0000269|PubMed:12513910}. Nucleus, nuclear pore complex {ECO:0000250|UniProtKB:P12270, ECO:0000269|PubMed:12513910}. Cytoplasm {ECO:0000250|UniProtKB:P12270}. Cytoplasm, cytoskeleton, spindle {ECO:0000250|UniProtKB:P12270}. Chromosome, centromere, kinetochore {ECO:0000250|UniProtKB:P12270}. Nucleus membrane {ECO:0000250|UniProtKB:P12270}; Peripheral membrane protein {ECO:0000250|UniProtKB:P12270}; Cytoplasmic side {ECO:0000250|UniProtKB:P12270}. Note=Detected as discrete intranuclear foci with IFI204 (By similarity). In interphase, localizes to the nucleoplasmic side of the nuclear pore complex (NPC) core structure, forming a fibrous structure called the nuclear basket. Detected exclusively to the cytoplasmic margin of NPC (By similarity). Docking to the inner nucleoplasmic side of the NPC is mediated through binding to nucleoporins. Anchored by NUP153 to the NPC. The assembly of the NPC is a stepwise process in which Trp-containing peripheral structures assemble after other components, including p62. Detected as filaments that emanate from the nuclear basket of the NPC and extend to the nucleolus to delineate a chromatin-free network extending from the nuclear envelope to the perinucleolar region. Detected in diffuse and discrete spheroidal intranuclear foci. Nucleocytoplasmic shuttling protein imported into the nucleus in a XPO1/CRM1- and Importin alpha/Importin beta receptor-dependent manner. Remains localized to the nuclear membrane after poliovirus (PV) infection. During mitosis, remains associated with the nuclear envelope until prometaphase. Associated with the mitotic spindle from late prometaphase until anaphase. Reorganized during mitosis in a viscous and dynamic nuclear-derived spindle matrix that embeds the microtubule spindle apparatus from pole to pole in a microtubule-independent manner. Recruited to the reforming nuclear envelope during telophase and cytokinesis. Detected at kinetochores during prometaphase. Colocalizes with MAD2L1 in the spindle matrix but not at kinetochore. Colocalizes with dynein, dynactin, tubulin at kinetochore during the metaphase-anaphase transition. Colocalizes with DYNLL1 at the mitotic spindle (By similarity). {ECO:0000250, ECO:0000250|UniProtKB:P12270}.",ONM+INM_mieszany
Tor1aip1,otoczka,True,True,True,False,nazwa,Tor1aip1,5888,35.4,0.206,0.203,0.2,0.02,,,,,0.206,0.171,0.189,0.235,0.216,0.199,0.205,0.183,0.217,30.23,41.33,36.34,40.01,35.03,35.12,31.99,28.15,37.62,SUBCELLULAR LOCATION: Nucleus inner membrane {ECO:0000250}; Single-pass membrane protein {ECO:0000250}.,SUBCELLULAR LOCATION: Nucleus inner membrane {ECO:0000250}; Single-pass membrane protein {ECO:0000250}.,INM_niedostepny
Tor1aip2,otoczka,True,True,False,True,nazwa,Tor1aip2,12325,74.1,0.641,0.641,0.601,0.091,,,,,0.681,0.52,0.64,0.673,0.654,0.688,0.632,0.563,0.639,71.54,78.67,76.94,79.69,71.54,78.08,67.28,62.68,75.99,SUBCELLULAR LOCATION: Endoplasmic reticulum membrane {ECO:0000250}; Single-pass membrane protein {ECO:0000250}. Nucleus envelope {ECO:0000250}.,SUBCELLULAR LOCATION: Endoplasmic reticulum membrane {ECO:0000250}; Single-pass membrane protein {ECO:0000250}. Nucleus envelope {ECO:0000250}.,NIEOKRESLONY
Ahctf1,otoczka,True,True,False,True,nazwa,Ahctf1,10083,60.62,0.412,0.417,0.416,0.003,,,,,0.395,0.439,0.405,0.422,0.416,0.412,0.429,0.426,0.406,55.47,74.67,62.73,64.48,58.62,60.93,54.41,54.9,62.26,"SUBCELLULAR LOCATION: Chromosome, centromere, kinetochore {ECO:0000250}. Nucleus, nucleoplasm {ECO:0000269|PubMed:11952839}. Nucleus, nuclear pore complex {ECO:0000269|PubMed:23499022}. Nucleus matrix {ECO:0000269|PubMed:23499022}. Cytoplasm {ECO:0000269|PubMed:11952839}. Note=Localizes to the nuclear pore complex (NPC) throughout interphase. Localizes to the kinetochore from prophase, and this ap","SUBCELLULAR LOCATION: Chromosome, centromere, kinetochore {ECO:0000250}. Nucleus, nucleoplasm {ECO:0000269|PubMed:11952839}. Nucleus, nuclear pore complex {ECO:0000269|PubMed:23499022}. Nucleus matrix {ECO:0000269|PubMed:23499022}. Cytoplasm {ECO:0000269|PubMed:11952839}. Note=Localizes to the nuclear pore complex (NPC) throughout interphase. Localizes to the kinetochore from prophase, and this appears to require the Nup107-160 subcomplex of the NPC. Localizes to the periphery of chromatin from late anaphase (By similarity). {ECO:0000250|UniProtKB:Q8WYP5}.",POR_niepewny
Lbr,otoczka,True,True,False,True,nazwa,Lbr,1562,9.39,0.039,0.046,0.037,0.253,,,,,0.047,0.065,0.038,0.036,0.034,0.048,0.055,0.037,0.037,9.81,18.67,9.95,9.38,8.09,11.98,9.74,7.15,9.48,SUBCELLULAR LOCATION: Nucleus inner membrane {ECO:0000269|PubMed:18785926}; Multi-pass membrane protein {ECO:0000255}. Nucleus {ECO:0000250|UniProtKB:Q14739}. Cytoplasm {ECO:0000250|UniProtKB:Q14739}. Endoplasmic reticulum membrane {ECO:0000250|UniProtKB:Q14739}. Note=Nucleus; nuclear rim. {ECO:0000250|UniProtKB:Q14739}.,SUBCELLULAR LOCATION: Nucleus inner membrane {ECO:0000269|PubMed:18785926}; Multi-pass membrane protein {ECO:0000255}. Nucleus {ECO:0000250|UniProtKB:Q14739}. Cytoplasm {ECO:0000250|UniProtKB:Q14739}. Endoplasmic reticulum membrane {ECO:0000250|UniProtKB:Q14739}. Note=Nucleus; nuclear rim. {ECO:0000250|UniProtKB:Q14739}.,INM_niedostepny
Brox,otoczka,True,True,True,False,nazwa,Brox,5266,31.66,0.151,0.16,0.146,0.124,,,,,0.172,0.195,0.15,0.156,0.148,0.162,0.14,0.139,0.153,27.97,44.0,33.58,34.35,29.49,35.31,26.1,23.52,33.75,"SUBCELLULAR LOCATION: Nucleus membrane {ECO:0000250|UniProtKB:Q5VW32}; Lipid-anchor {ECO:0000250|UniProtKB:Q5VW32}. Note=During nuclear envelope repair, localizes at rupture sites where it is recruited by the CHMP7/ESCRT-III axis. {ECO:0000250|UniProtKB:Q5VW32}.","SUBCELLULAR LOCATION: Nucleus membrane {ECO:0000250|UniProtKB:Q5VW32}; Lipid-anchor {ECO:0000250|UniProtKB:Q5VW32}. Note=During nuclear envelope repair, localizes at rupture sites where it is recruited by the CHMP7/ESCRT-III axis. {ECO:0000250|UniProtKB:Q5VW32}.",NIEOKRESLONY
Dtl,otoczka,True,True,False,True,nazwa,Dtl,248,1.49,0.006,0.005,0.006,-0.093,,,,,0.003,0.008,0.006,0.006,0.006,0.006,0.002,0.005,0.008,0.64,2.67,1.31,1.28,1.39,1.4,0.74,1.11,2.22,"SUBCELLULAR LOCATION: Nucleus {ECO:0000250|UniProtKB:Q9NZJ0}. Nucleus membrane {ECO:0000250|UniProtKB:Q9NZJ0}; Peripheral membrane protein {ECO:0000250|UniProtKB:Q9NZJ0}; Nucleoplasmic side {ECO:0000250|UniProtKB:Q9NZJ0}. Cytoplasm, cytoskeleton, microtubule organizing center, centrosome {ECO:0000250|UniProtKB:Q9NZJ0}. Chromosome {ECO:0000250|UniProtKB:Q9NZJ0}. Note=Nuclear matrix-associated prote","SUBCELLULAR LOCATION: Nucleus {ECO:0000250|UniProtKB:Q9NZJ0}. Nucleus membrane {ECO:0000250|UniProtKB:Q9NZJ0}; Peripheral membrane protein {ECO:0000250|UniProtKB:Q9NZJ0}; Nucleoplasmic side {ECO:0000250|UniProtKB:Q9NZJ0}. Cytoplasm, cytoskeleton, microtubule organizing center, centrosome {ECO:0000250|UniProtKB:Q9NZJ0}. Chromosome {ECO:0000250|UniProtKB:Q9NZJ0}. Note=Nuclear matrix-associated protein. Translocates from the interphase nucleus to the metaphase cytoplasm during mitosis (By similarity). {ECO:0000250|UniProtKB:Q9NZJ0}.",INM_niedostepny
Slc30a1,otoczka,True,True,False,True,nazwa,Slc30a1,462,2.78,0.011,0.017,0.005,0.848,,,,,0.018,0.028,0.012,0.014,0.012,0.016,0.018,0.003,0.007,3.22,8.0,3.44,3.61,2.95,4.08,4.23,0.72,1.93,"SUBCELLULAR LOCATION: Cell membrane {ECO:0000269|PubMed:17101726, ECO:0000269|PubMed:24602382}; Multi-pass membrane protein {ECO:0000255}. Basolateral cell membrane {ECO:0000269|PubMed:17101726, ECO:0000269|PubMed:39422023}; Multi-pass membrane protein {ECO:0000255}. Cytoplasmic vesicle membrane {ECO:0000250|UniProtKB:Q9Y6M5}; Multi-pass membrane protein {ECO:0000255}. Cytoplasm {ECO:0000269|PubMe","SUBCELLULAR LOCATION: Cell membrane {ECO:0000269|PubMed:17101726, ECO:0000269|PubMed:24602382}; Multi-pass membrane protein {ECO:0000255}. Basolateral cell membrane {ECO:0000269|PubMed:17101726, ECO:0000269|PubMed:39422023}; Multi-pass membrane protein {ECO:0000255}. Cytoplasmic vesicle membrane {ECO:0000250|UniProtKB:Q9Y6M5}; Multi-pass membrane protein {ECO:0000255}. Cytoplasm {ECO:0000269|PubMed:17101726}. Endoplasmic reticulum membrane {ECO:0000250|UniProtKB:Q9Y6M5}; Multi-pass membrane protein {ECO:0000255}. Golgi apparatus membrane {ECO:0000250|UniProtKB:Q9Y6M5}; Multi-pass membrane protein {ECO:0000255}. Nucleus membrane {ECO:0000250|UniProtKB:Q9Y6M5}; Multi-pass membrane protein {ECO:0000255}. Postsynaptic density {ECO:0000269|PubMed:24602382}. Note=Localization to the plasma membrane is regulated by cellular zinc status. Recruitment to the plasma membrane from an internal pool is stimulated by zinc while in absence of zinc the plasma membrane pool is endocytosed and degraded (By similarity). Localizes to the basolateral surface of enterocytes (By similarity). Localizes to zinc-containing intracellular vesicles in macrophages (By similarity). Localizes in the cytoplasm and to the ER, Golgi and nucleus membranes in keratinocytes (By similarity). {ECO:0000250|UniProtKB:Q62720, ECO:0000250|UniProtKB:Q9Y6M5}.",NIEOKRESLONY
Kcnh1,otoczka,True,True,False,True,nazwa,Kcnh1,1303,7.83,0.035,0.033,0.038,-0.159,,,,,0.04,0.024,0.034,0.035,0.028,0.033,0.036,0.034,0.041,6.75,6.67,7.83,7.44,7.28,8.35,5.51,5.79,9.62,"SUBCELLULAR LOCATION: Cell membrane {ECO:0000269|PubMed:19671703, ECO:0000269|PubMed:23975098}; Multi-pass membrane protein {ECO:0000250|UniProtKB:O95259}. Nucleus inner membrane {ECO:0000250|UniProtKB:O95259}; Multi-pass membrane protein {ECO:0000250|UniProtKB:O95259}. Cell projection, dendrite {ECO:0000250|UniProtKB:Q63472}. Cell projection, axon {ECO:0000250|UniProtKB:Q63472}. Presynaptic cell ","SUBCELLULAR LOCATION: Cell membrane {ECO:0000269|PubMed:19671703, ECO:0000269|PubMed:23975098}; Multi-pass membrane protein {ECO:0000250|UniProtKB:O95259}. Nucleus inner membrane {ECO:0000250|UniProtKB:O95259}; Multi-pass membrane protein {ECO:0000250|UniProtKB:O95259}. Cell projection, dendrite {ECO:0000250|UniProtKB:Q63472}. Cell projection, axon {ECO:0000250|UniProtKB:Q63472}. Presynaptic cell membrane {ECO:0000269|PubMed:25556795}. Perikaryon {ECO:0000250|UniProtKB:Q63472}. Postsynaptic density membrane {ECO:0000250|UniProtKB:Q63472}. Early endosome membrane {ECO:0000250|UniProtKB:O95259}. Note=Perinuclear KCNH1 is located to NPC-free islands. {ECO:0000250|UniProtKB:O95259}.",INM_niedostepny
Il15ra,otoczka,True,True,False,True,nazwa,Il15ra,290,1.74,0.007,0.006,0.007,-0.087,,,,,0.007,0.0,0.006,0.008,0.008,0.005,0.009,0.007,0.007,1.29,0.0,1.59,2.28,1.79,1.47,1.84,1.3,2.03,"SUBCELLULAR LOCATION: Membrane {ECO:0000250|UniProtKB:Q13261}; Single-pass type I membrane protein {ECO:0000250|UniProtKB:Q13261}. Nucleus membrane {ECO:0000250|UniProtKB:Q13261}; Single-pass type I membrane protein {ECO:0000250|UniProtKB:Q13261}. Cell surface {ECO:0000250|UniProtKB:Q13261}.; SUBCELLULAR LOCATION: [Soluble interleukin-15 receptor subunit alpha]: Secreted, extracellular space {ECO:","SUBCELLULAR LOCATION: Membrane {ECO:0000250|UniProtKB:Q13261}; Single-pass type I membrane protein {ECO:0000250|UniProtKB:Q13261}. Nucleus membrane {ECO:0000250|UniProtKB:Q13261}; Single-pass type I membrane protein {ECO:0000250|UniProtKB:Q13261}. Cell surface {ECO:0000250|UniProtKB:Q13261}.; SUBCELLULAR LOCATION: [Soluble interleukin-15 receptor subunit alpha]: Secreted, extracellular space {ECO:0000250}.",NIEOKRESLONY
Dnajc1,otoczka,True,True,False,True,nazwa,Dnajc1,15300,91.98,1.43,1.435,1.504,-0.067,,,,,1.536,1.403,1.316,1.42,1.434,1.359,1.577,1.541,1.468,90.19,92.0,92.37,92.62,90.08,90.89,90.62,90.68,93.91,SUBCELLULAR LOCATION: Endoplasmic reticulum membrane; Single-pass type I membrane protein. Nucleus membrane; Single-pass type I membrane protein. Microsome membrane; Single-pass type I membrane protein.,SUBCELLULAR LOCATION: Endoplasmic reticulum membrane; Single-pass type I membrane protein. Nucleus membrane; Single-pass type I membrane protein. Microsome membrane; Single-pass type I membrane protein.,NIEOKRESLONY
Nsmf,otoczka,True,True,False,True,nazwa,Nsmf,5595,33.64,0.173,0.166,0.197,-0.234,,,,,0.157,0.189,0.158,0.163,0.168,0.154,0.175,0.214,0.181,28.94,42.67,32.82,35.13,30.7,31.68,29.6,33.56,37.14,"SUBCELLULAR LOCATION: Nucleus. Nucleus envelope {ECO:0000250}. Nucleus membrane {ECO:0000250}. Nucleus matrix {ECO:0000250}. Cytoplasm. Cytoplasm, cell cortex {ECO:0000250}. Cytoplasm, cytoskeleton {ECO:0000250}. Cell membrane; Peripheral membrane protein. Cell projection, dendrite {ECO:0000250}. Synapse {ECO:0000250}. Synapse, synaptosome {ECO:0000250}. Postsynaptic density {ECO:0000250}. Membran","SUBCELLULAR LOCATION: Nucleus. Nucleus envelope {ECO:0000250}. Nucleus membrane {ECO:0000250}. Nucleus matrix {ECO:0000250}. Cytoplasm. Cytoplasm, cell cortex {ECO:0000250}. Cytoplasm, cytoskeleton {ECO:0000250}. Cell membrane; Peripheral membrane protein. Cell projection, dendrite {ECO:0000250}. Synapse {ECO:0000250}. Synapse, synaptosome {ECO:0000250}. Postsynaptic density {ECO:0000250}. Membrane {ECO:0000250}. Note=Found on the outside of the luteinizing-hormone-releasing hormone (LHRH) cell membrane and axons projecting from the olfactory pit and epithelium. Associates with transcriptionally active chromatin regions. Detected at the nuclear membranes of CA1 neurons. Cortical cytoskeleton. Localized in proximal apical dendrites. Colocalizes with CABP1 in dendrites and dendritic spines. Myristoylation is a prerequisite for extranuclear localization. Translocates from dendrites to the nucleus during NMDA receptor-dependent long-term potentiation (LTP) induction of synaptic transmission at Schaffer collateral/CA1 synapses of hippocampal primary neurons and in an importin-dependent manner (By similarity). {ECO:0000250}.",NIEOKRESLONY
Ptgds,otoczka,True,True,False,True,nazwa,Ptgds,7617,45.79,0.318,0.364,0.197,0.853,Aldoc_3,0.664,8.272256108019895e-71,18.05,0.368,0.55,0.436,0.362,0.277,0.397,0.155,0.074,0.32,48.39,73.33,60.5,50.33,39.9,56.53,24.45,12.02,49.03,"SUBCELLULAR LOCATION: Rough endoplasmic reticulum {ECO:0000250|UniProtKB:P41222}. Nucleus membrane {ECO:0000250|UniProtKB:P41222}. Golgi apparatus {ECO:0000250|UniProtKB:P41222}. Cytoplasm, perinuclear region {ECO:0000250|UniProtKB:P41222}. Secreted {ECO:0000250|UniProtKB:P41222}. Note=Detected on rough endoplasmic reticulum of arachnoid and menigioma cells. Localized to the nuclear envelope, Golg","SUBCELLULAR LOCATION: Rough endoplasmic reticulum {ECO:0000250|UniProtKB:P41222}. Nucleus membrane {ECO:0000250|UniProtKB:P41222}. Golgi apparatus {ECO:0000250|UniProtKB:P41222}. Cytoplasm, perinuclear region {ECO:0000250|UniProtKB:P41222}. Secreted {ECO:0000250|UniProtKB:P41222}. Note=Detected on rough endoplasmic reticulum of arachnoid and menigioma cells. Localized to the nuclear envelope, Golgi apparatus, secretory vesicles and spherical cytoplasmic structures in arachnoid trabecular cells, and to circular cytoplasmic structures in meningeal macrophages and perivascular microglial cells. In oligodendrocytes, localized to the rough endoplasmic reticulum and nuclear envelope. In retinal pigment epithelial cells, localized to distinct cytoplasmic domains including the perinuclear region. Also secreted. {ECO:0000250|UniProtKB:P41222}.",NIEOKRESLONY
Gle1,otoczka,True,True,False,True,nazwa,Gle1,6354,38.2,0.214,0.226,0.234,-0.048,,,,,0.23,0.252,0.194,0.193,0.212,0.196,0.308,0.258,0.21,35.69,50.67,37.27,37.79,37.22,37.92,41.73,37.76,39.72,"SUBCELLULAR LOCATION: Nucleus {ECO:0000250|UniProtKB:Q53GS7}. Cytoplasm {ECO:0000250|UniProtKB:Q53GS7}. Nucleus, nuclear pore complex {ECO:0000250|UniProtKB:Q53GS7}. Note=Shuttles between the nucleus and the cytoplasm. Shuttling is essential for its mRNA export function. {ECO:0000250|UniProtKB:Q53GS7}.","SUBCELLULAR LOCATION: Nucleus {ECO:0000250|UniProtKB:Q53GS7}. Cytoplasm {ECO:0000250|UniProtKB:Q53GS7}. Nucleus, nuclear pore complex {ECO:0000250|UniProtKB:Q53GS7}. Note=Shuttles between the nucleus and the cytoplasm. Shuttling is essential for its mRNA export function. {ECO:0000250|UniProtKB:Q53GS7}.",POR_niepewny
Nup188,otoczka,True,True,True,False,nazwa,Nup188,4347,26.13,0.124,0.131,0.122,0.095,,,,,0.14,0.142,0.12,0.14,0.132,0.115,0.13,0.132,0.112,25.24,40.0,27.45,29.3,26.27,24.86,22.24,22.79,26.09,"SUBCELLULAR LOCATION: Nucleus, nuclear pore complex {ECO:0000250|UniProtKB:Q5SRE5}.","SUBCELLULAR LOCATION: Nucleus, nuclear pore complex {ECO:0000250|UniProtKB:Q5SRE5}.",POR_niepewny
Tor1b,otoczka,True,True,False,True,nazwa,Tor1b,1487,8.94,0.038,0.041,0.034,0.213,,,,,0.046,0.036,0.037,0.042,0.042,0.043,0.04,0.032,0.036,9.81,10.67,9.28,10.77,9.47,9.88,9.01,6.18,8.41,SUBCELLULAR LOCATION: Endoplasmic reticulum lumen. Nucleus membrane.,SUBCELLULAR LOCATION: Endoplasmic reticulum lumen. Nucleus membrane.,NIEOKRESLONY
Tor1a,otoczka,True,True,False,True,nazwa,Tor1a,2341,14.07,0.061,0.065,0.056,0.184,,,,,0.078,0.065,0.059,0.059,0.069,0.064,0.061,0.051,0.06,13.67,21.33,15.01,14.15,15.55,14.79,11.76,9.56,14.65,"SUBCELLULAR LOCATION: Endoplasmic reticulum lumen {ECO:0000250|UniProtKB:O14656}. Nucleus membrane; Peripheral membrane protein. Cell projection, growth cone. Cytoplasmic vesicle membrane {ECO:0000250}. Synapse, synaptosome {ECO:0000250}. Cytoplasm, cytoskeleton {ECO:0000250}. Cytoplasmic vesicle, secretory vesicle {ECO:0000250}. Cytoplasmic vesicle, secretory vesicle, synaptic vesicle {ECO:000025","SUBCELLULAR LOCATION: Endoplasmic reticulum lumen {ECO:0000250|UniProtKB:O14656}. Nucleus membrane; Peripheral membrane protein. Cell projection, growth cone. Cytoplasmic vesicle membrane {ECO:0000250}. Synapse, synaptosome {ECO:0000250}. Cytoplasm, cytoskeleton {ECO:0000250}. Cytoplasmic vesicle, secretory vesicle {ECO:0000250}. Cytoplasmic vesicle, secretory vesicle, synaptic vesicle {ECO:0000250}. Note=Upon oxidative stress, redistributes to protusions from the cell surface (By similarity). Peripherally associated with the inner face of the ER membrane, probably mediated by the interaction with TOR1AIP1. The association with nucleus membrane is mediated by the interaction with TOR1AIP2. {ECO:0000250}.",NIEOKRESLONY
Nup214,otoczka,True,True,True,False,nazwa,Nup214,10715,64.42,0.459,0.427,0.499,-0.22,,,,,0.46,0.304,0.446,0.438,0.428,0.439,0.472,0.528,0.47,56.75,66.67,66.28,64.48,60.86,65.77,58.46,60.89,67.84,"SUBCELLULAR LOCATION: Nucleus, nuclear pore complex {ECO:0000250|UniProtKB:P35658}. Note=Cytoplasmic side of the nuclear pore complex. {ECO:0000250|UniProtKB:P35658}.","SUBCELLULAR LOCATION: Nucleus, nuclear pore complex {ECO:0000250|UniProtKB:P35658}. Note=Cytoplasmic side of the nuclear pore complex. {ECO:0000250|UniProtKB:P35658}.",ONM_dostepny
Plpp7,otoczka,True,True,False,True,nazwa,Plpp7,4464,26.84,0.128,0.129,0.13,-0.01,,,,,0.115,0.161,0.122,0.124,0.14,0.114,0.126,0.128,0.133,22.35,41.33,28.46,28.63,27.3,25.94,21.32,21.1,28.75,SUBCELLULAR LOCATION: Nucleus envelope. Endoplasmic reticulum membrane. Membrane; Multi-pass membrane protein. Note=Both the N- and C-terminal are exposed to the cytoplasm/nucleoplasm.,SUBCELLULAR LOCATION: Nucleus envelope. Endoplasmic reticulum membrane. Membrane; Multi-pass membrane protein. Note=Both the N- and C-terminal are exposed to the cytoplasm/nucleoplasm.,NIEOKRESLONY
Arl6ip6,otoczka,True,True,True,False,nazwa,Arl6ip6,5081,30.55,0.153,0.157,0.136,0.194,,,,,0.147,0.155,0.163,0.167,0.156,0.166,0.144,0.122,0.149,25.08,40.0,33.74,34.02,28.69,33.72,23.9,21.68,32.04,SUBCELLULAR LOCATION: Nucleus inner membrane {ECO:0000269|PubMed:31142202}; Multi-pass membrane protein {ECO:0000255}.,SUBCELLULAR LOCATION: Nucleus inner membrane {ECO:0000269|PubMed:31142202}; Multi-pass membrane protein {ECO:0000255}.,INM_niedostepny
Osbpl6,otoczka,True,True,False,True,nazwa,Osbpl6,16537,99.42,5.323,5.183,5.624,-0.118,,,,,4.131,6.162,5.069,5.394,5.266,5.164,5.095,5.576,5.671,98.55,98.67,99.5,99.45,99.06,99.04,98.9,99.76,99.71,"SUBCELLULAR LOCATION: Nucleus envelope {ECO:0000269|PubMed:14593528}. Cytoplasm, cytosol {ECO:0000269|PubMed:14593528, ECO:0000269|PubMed:30028970}. Endoplasmic reticulum membrane {ECO:0000269|PubMed:14593528, ECO:0000269|PubMed:30028970, ECO:0000269|PubMed:35518199}; Peripheral membrane protein {ECO:0000305}. Cell membrane {ECO:0000269|PubMed:14593528, ECO:0000269|PubMed:35518199}; Peripheral mem","SUBCELLULAR LOCATION: Nucleus envelope {ECO:0000269|PubMed:14593528}. Cytoplasm, cytosol {ECO:0000269|PubMed:14593528, ECO:0000269|PubMed:30028970}. Endoplasmic reticulum membrane {ECO:0000269|PubMed:14593528, ECO:0000269|PubMed:30028970, ECO:0000269|PubMed:35518199}; Peripheral membrane protein {ECO:0000305}. Cell membrane {ECO:0000269|PubMed:14593528, ECO:0000269|PubMed:35518199}; Peripheral membrane protein {ECO:0000305}. Endosome membrane {ECO:0000269|PubMed:30028970}; Peripheral membrane protein {ECO:0000305}. Note=Co-localizes with OSBPL3 at contact sites between the plasma membrane and the endoplasmic reticulum. {ECO:0000269|PubMed:30028970, ECO:0000269|PubMed:35518199}.",NIEOKRESLONY
Nup35,otoczka,True,True,True,False,nazwa,Nup35,7332,44.08,0.255,0.247,0.245,0.011,,,,,0.257,0.235,0.266,0.265,0.27,0.241,0.198,0.235,0.254,36.82,48.0,48.64,46.84,43.03,45.0,32.54,34.52,46.47,"SUBCELLULAR LOCATION: Nucleus, nuclear pore complex {ECO:0000250|UniProtKB:Q8NFH5}. Nucleus membrane {ECO:0000250|UniProtKB:Q8NFH5}; Peripheral membrane protein {ECO:0000250|UniProtKB:Q8NFH5}. Note=Tightly associated with the nuclear membrane and lamina. {ECO:0000250|UniProtKB:Q8NFH5}.","SUBCELLULAR LOCATION: Nucleus, nuclear pore complex {ECO:0000250|UniProtKB:Q8NFH5}. Nucleus membrane {ECO:0000250|UniProtKB:Q8NFH5}; Peripheral membrane protein {ECO:0000250|UniProtKB:Q8NFH5}. Note=Tightly associated with the nuclear membrane and lamina. {ECO:0000250|UniProtKB:Q8NFH5}.",POR_niepewny
Nup160,otoczka,True,True,True,False,nazwa,Nup160,8463,50.88,0.315,0.322,0.302,0.09,,,,,0.377,0.274,0.328,0.329,0.314,0.296,0.334,0.305,0.299,52.57,49.33,55.07,55.11,48.84,51.24,45.22,42.59,51.04,"SUBCELLULAR LOCATION: Nucleus, nuclear pore complex {ECO:0000269|PubMed:11564755, ECO:0000269|PubMed:11684705}.","SUBCELLULAR LOCATION: Nucleus, nuclear pore complex {ECO:0000269|PubMed:11564755, ECO:0000269|PubMed:11684705}.",POR_niepewny
Gchfr,otoczka,True,True,False,True,nazwa,Gchfr,921,5.54,0.024,0.028,0.02,0.341,,,,,0.032,0.035,0.031,0.026,0.027,0.018,0.026,0.022,0.018,5.47,12.0,8.19,6.77,6.03,3.12,4.04,3.77,4.33,"SUBCELLULAR LOCATION: Nucleus {ECO:0000250}. Nucleus membrane {ECO:0000250}. Cytoplasm, cytosol {ECO:0000250}.","SUBCELLULAR LOCATION: Nucleus {ECO:0000250}. Nucleus membrane {ECO:0000250}. Cytoplasm, cytosol {ECO:0000250}.",NIEOKRESLONY
Tmx4,otoczka,True,True,False,True,nazwa,Tmx4,12798,76.94,0.712,0.72,0.692,0.056,,,,,0.629,0.739,0.689,0.723,0.707,0.796,0.754,0.648,0.735,67.04,82.67,79.09,79.69,73.64,82.09,73.16,67.26,80.44,SUBCELLULAR LOCATION: Nucleus inner membrane {ECO:0000269|PubMed:31142202}; Single-pass type I membrane protein {ECO:0000255}. Endoplasmic reticulum membrane {ECO:0000250|UniProtKB:Q9H1E5}; Single-pass type I membrane protein {ECO:0000255}.,SUBCELLULAR LOCATION: Nucleus inner membrane {ECO:0000269|PubMed:31142202}; Single-pass type I membrane protein {ECO:0000255}. Endoplasmic reticulum membrane {ECO:0000250|UniProtKB:Q9H1E5}; Single-pass type I membrane protein {ECO:0000255}.,INM_niedostepny
Plcb1,otoczka,True,True,False,True,nazwa,Plcb1,14206,85.4,5.45,3.686,10.636,-1.526,Anti_Aldoc_2,2.051,0.0,67.84,0.153,9.558,0.744,2.529,2.965,4.445,5.408,10.614,10.659,23.95,96.0,59.91,83.24,94.1,96.75,96.51,99.86,99.73,"SUBCELLULAR LOCATION: Nucleus membrane {ECO:0000269|PubMed:18802028}; Peripheral membrane protein {ECO:0000305|PubMed:18802028}. Cytoplasm {ECO:0000250|UniProtKB:P10687}. Note=Colocalizes with the adrenergic receptors, ADREN1A and ADREN1B, at the nuclear membrane of cardiac myocytes. {ECO:0000269|PubMed:18802028}.","SUBCELLULAR LOCATION: Nucleus membrane {ECO:0000269|PubMed:18802028}; Peripheral membrane protein {ECO:0000305|PubMed:18802028}. Cytoplasm {ECO:0000250|UniProtKB:P10687}. Note=Colocalizes with the adrenergic receptors, ADREN1A and ADREN1B, at the nuclear membrane of cardiac myocytes. {ECO:0000269|PubMed:18802028}.",NIEOKRESLONY
Bcl2l1,otoczka,True,True,False,True,nazwa,Bcl2l1,14001,84.17,0.956,0.906,0.934,-0.043,,,,,0.849,0.718,0.986,0.996,0.972,0.946,0.875,0.903,0.966,74.6,85.33,87.59,87.18,84.32,85.66,74.82,75.28,86.36,"SUBCELLULAR LOCATION: Mitochondrion membrane {ECO:0000269|PubMed:7607090}; Single-pass membrane protein {ECO:0000269|PubMed:7607090}. Nucleus membrane {ECO:0000250}; Single-pass membrane protein {ECO:0000250}; Cytoplasmic side {ECO:0000250}. Cytoplasm, cytoskeleton, microtubule organizing center, centrosome {ECO:0000269|PubMed:7607090}. Note=Localizes to the centrosome when phosphorylated at Ser-4","SUBCELLULAR LOCATION: Mitochondrion membrane {ECO:0000269|PubMed:7607090}; Single-pass membrane protein {ECO:0000269|PubMed:7607090}. Nucleus membrane {ECO:0000250}; Single-pass membrane protein {ECO:0000250}; Cytoplasmic side {ECO:0000250}. Cytoplasm, cytoskeleton, microtubule organizing center, centrosome {ECO:0000269|PubMed:7607090}. Note=Localizes to the centrosome when phosphorylated at Ser-49.; SUBCELLULAR LOCATION: [Isoform Bcl-X(L)]: Mitochondrion inner membrane. Mitochondrion outer membrane. Mitochondrion matrix {ECO:0000250}. Cytoplasmic vesicle, secretory vesicle, synaptic vesicle membrane {ECO:0000250}. Cytoplasm, cytosol {ECO:0000250}. Note=After neuronal stimulation, translocates from cytosol to synaptic vesicle and mitochondrion membrane in a calmodulin-dependent manner. {ECO:0000250}.; SUBCELLULAR LOCATION: [Isoform Bcl-X(delta-TM)]: Cytoplasm.",ONM_dostepny
Chmp4b,otoczka,True,True,False,True,nazwa,Chmp4b,12265,73.73,0.634,0.67,0.584,0.195,,,,,0.698,0.711,0.616,0.626,0.67,0.741,0.626,0.533,0.635,70.1,78.67,75.85,75.36,72.39,80.31,68.01,62.24,76.4,"SUBCELLULAR LOCATION: Cytoplasm, cytosol {ECO:0000250|UniProtKB:Q9H444}. Late endosome membrane {ECO:0000250|UniProtKB:Q9H444}; Peripheral membrane protein {ECO:0000250|UniProtKB:Q9H444}. Midbody {ECO:0000250|UniProtKB:Q9H444}. Nucleus envelope {ECO:0000250|UniProtKB:Q9H444}. Note=Recruited to the nuclear envelope by CHMP7 during late anaphase. Localizes transiently to the midbody arms immediately","SUBCELLULAR LOCATION: Cytoplasm, cytosol {ECO:0000250|UniProtKB:Q9H444}. Late endosome membrane {ECO:0000250|UniProtKB:Q9H444}; Peripheral membrane protein {ECO:0000250|UniProtKB:Q9H444}. Midbody {ECO:0000250|UniProtKB:Q9H444}. Nucleus envelope {ECO:0000250|UniProtKB:Q9H444}. Note=Recruited to the nuclear envelope by CHMP7 during late anaphase. Localizes transiently to the midbody arms immediately before abscission. {ECO:0000250|UniProtKB:Q9H444}.",NIEOKRESLONY
Spag4,otoczka,True,True,False,True,nazwa,Spag4,108,0.65,0.003,0.007,0.004,0.28,,,,,0.001,0.034,0.002,0.002,0.003,0.004,0.005,0.004,0.003,0.32,5.33,0.56,0.61,0.63,0.64,0.74,0.72,0.68,"SUBCELLULAR LOCATION: Membrane {ECO:0000305}; Multi-pass membrane protein {ECO:0000305}. Cytoplasm, cytoskeleton {ECO:0000250}. Note=Expressed at the manchette between steps 9 and 12 of spermiogenesis, then localized to the posterior of the nucleus following manchette detachment from step 13 onwards (at protein level). {ECO:0000269|PubMed:38870534}.; SUBCELLULAR LOCATION: [Isoform 1]: Membrane {EC","SUBCELLULAR LOCATION: Membrane {ECO:0000305}; Multi-pass membrane protein {ECO:0000305}. Cytoplasm, cytoskeleton {ECO:0000250}. Note=Expressed at the manchette between steps 9 and 12 of spermiogenesis, then localized to the posterior of the nucleus following manchette detachment from step 13 onwards (at protein level). {ECO:0000269|PubMed:38870534}.; SUBCELLULAR LOCATION: [Isoform 1]: Membrane {ECO:0000305}; Multi-pass membrane protein {ECO:0000305}. Cytoplasm, cytoskeleton {ECO:0000250|UniProtKB:O55034}. Nucleus envelope {ECO:0000269|PubMed:26621829}. Nucleus inner membrane {ECO:0000305}. Cytoplasm, cytoskeleton, flagellum axoneme {ECO:0000250|UniProtKB:O55034}. Note=In spermatids, localized in the transient manchette and in the axoneme of elongating spermatids and epididymal sperm (By similarity). Conflictingly is not found in axoneme but only associated with the manchette where cytoplasmic microtubules contact the nuclear envelope. Localizes at the posterior lateral side of round and elongating spermatids (PubMed:26621829). {ECO:0000250|UniProtKB:O55034, ECO:0000269|PubMed:26621829}.",INM_niedostepny
Suv39h1,otoczka,True,True,True,False,nazwa,Suv39h1,774,4.65,0.019,0.022,0.017,0.245,,,,,0.026,0.021,0.015,0.018,0.024,0.021,0.029,0.015,0.019,5.14,8.0,4.19,4.94,5.0,5.86,5.15,2.99,4.91,"SUBCELLULAR LOCATION: Nucleus {ECO:0000269|PubMed:10202156, ECO:0000269|PubMed:18004385}. Chromosome {ECO:0000250|UniProtKB:O43463}. Nucleus lamina {ECO:0000250|UniProtKB:O43463}. Nucleus, nucleoplasm {ECO:0000250|UniProtKB:O43463}. Chromosome, centromere {ECO:0000269|PubMed:10202156, ECO:0000269|PubMed:18004385}. Note=Associates with centromeric constitutive heterochromatin (PubMed:10202156, PubM","SUBCELLULAR LOCATION: Nucleus {ECO:0000269|PubMed:10202156, ECO:0000269|PubMed:18004385}. Chromosome {ECO:0000250|UniProtKB:O43463}. Nucleus lamina {ECO:0000250|UniProtKB:O43463}. Nucleus, nucleoplasm {ECO:0000250|UniProtKB:O43463}. Chromosome, centromere {ECO:0000269|PubMed:10202156, ECO:0000269|PubMed:18004385}. Note=Associates with centromeric constitutive heterochromatin (PubMed:10202156, PubMed:18004385). Recruited to pericentromeric heterochromatin via its chromo domain, which specifically recognizes and binds histone H3 monoubiquitinated at 'Lys-14' (H3K14ub) (By similarity). {ECO:0000250|UniProtKB:O43463, ECO:0000269|PubMed:10202156, ECO:0000269|PubMed:18004385}.",INM_niedostepny
Ebp,otoczka,True,True,False,True,nazwa,Ebp,1917,11.52,0.051,0.058,0.042,0.387,,,,,0.062,0.055,0.056,0.051,0.057,0.057,0.065,0.041,0.042,11.9,16.0,13.47,12.65,12.42,13.19,11.58,7.48,10.11,"SUBCELLULAR LOCATION: Endoplasmic reticulum membrane {ECO:0000250|UniProtKB:Q15125}; Multi-pass membrane protein {ECO:0000250|UniProtKB:Q15125}. Nucleus envelope {ECO:0000250|UniProtKB:Q15125}. Cytoplasmic vesicle {ECO:0000250|UniProtKB:Q15125}. Note=During interphase, detected on the endoplasmic reticulum and the nuclear envelope. During mitosis, detected on cytoplasmic vesicles. {ECO:0000250|Uni","SUBCELLULAR LOCATION: Endoplasmic reticulum membrane {ECO:0000250|UniProtKB:Q15125}; Multi-pass membrane protein {ECO:0000250|UniProtKB:Q15125}. Nucleus envelope {ECO:0000250|UniProtKB:Q15125}. Cytoplasmic vesicle {ECO:0000250|UniProtKB:Q15125}. Note=During interphase, detected on the endoplasmic reticulum and the nuclear envelope. During mitosis, detected on cytoplasmic vesicles. {ECO:0000250|UniProtKB:Q15125}.",NIEOKRESLONY
Atp1b4,otoczka,True,True,True,False,nazwa,Atp1b4,12,0.07,0.0,0.0,0.001,-0.138,,,,,0.0,0.0,0.0,0.0,0.0,0.0,0.0,0.001,0.001,0.0,0.0,0.08,0.06,0.09,0.06,0.0,0.1,0.07,SUBCELLULAR LOCATION: Nucleus inner membrane {ECO:0000250}; Single-pass type II membrane protein {ECO:0000250}. Note=Detected in nuclear envelopes. {ECO:0000250}.,SUBCELLULAR LOCATION: Nucleus inner membrane {ECO:0000250}; Single-pass type II membrane protein {ECO:0000250}. Note=Detected in nuclear envelopes. {ECO:0000250}.,INM_niedostepny
Cetn2,otoczka,True,True,False,True,nazwa,Cetn2,1027,6.17,0.025,0.029,0.022,0.285,,,,,0.023,0.043,0.024,0.028,0.027,0.03,0.025,0.017,0.026,4.66,14.67,6.49,6.6,6.7,6.88,4.04,3.52,6.84,"SUBCELLULAR LOCATION: Cytoplasm, cytoskeleton, microtubule organizing center, centrosome {ECO:0000250|UniProtKB:P41208}. Cytoplasm, cytoskeleton, microtubule organizing center, centrosome, centriole {ECO:0000269|PubMed:11250075}. Nucleus {ECO:0000250|UniProtKB:P41208}. Nucleus envelope {ECO:0000250|UniProtKB:P41208}. Nucleus, nuclear pore complex {ECO:0000250|UniProtKB:P41208}. Note=Localizes to t","SUBCELLULAR LOCATION: Cytoplasm, cytoskeleton, microtubule organizing center, centrosome {ECO:0000250|UniProtKB:P41208}. Cytoplasm, cytoskeleton, microtubule organizing center, centrosome, centriole {ECO:0000269|PubMed:11250075}. Nucleus {ECO:0000250|UniProtKB:P41208}. Nucleus envelope {ECO:0000250|UniProtKB:P41208}. Nucleus, nuclear pore complex {ECO:0000250|UniProtKB:P41208}. Note=Localizes to the inner scaffold in the central region of centrioles and to the distal end of centrioles. {ECO:0000250|UniProtKB:P41208}.",POR_niepewny
Emd,otoczka,True,True,True,False,nazwa,Emd,2546,15.31,0.067,0.069,0.054,0.304,,,,,0.072,0.062,0.078,0.068,0.074,0.074,0.056,0.045,0.062,13.02,20.0,18.4,16.32,16.49,16.51,10.11,9.13,15.14,"SUBCELLULAR LOCATION: Nucleus inner membrane {ECO:0000250|UniProtKB:P50402}; Single-pass membrane protein; Nucleoplasmic side {ECO:0000250|UniProtKB:P50402}. Nucleus outer membrane. Note=Colocalized with BANF1 at the central region of the assembling nuclear rim, near spindle-attachment sites. The accumulation of different intermediates of prelamin-A/C (non-farnesylated or carboxymethylated farnesy","SUBCELLULAR LOCATION: Nucleus inner membrane {ECO:0000250|UniProtKB:P50402}; Single-pass membrane protein; Nucleoplasmic side {ECO:0000250|UniProtKB:P50402}. Nucleus outer membrane. Note=Colocalized with BANF1 at the central region of the assembling nuclear rim, near spindle-attachment sites. The accumulation of different intermediates of prelamin-A/C (non-farnesylated or carboxymethylated farnesylated prelamin-A/C) in fibroblasts modify its localization in the nucleus (By similarity). {ECO:0000250}.",ONM+INM_mieszany
Tnmd,otoczka,True,True,True,False,nazwa,Tnmd,12,0.07,0.0,0.0,0.0,0.0,,,,,0.0,0.0,0.0,0.001,0.0,0.0,0.0,0.0,0.0,0.0,0.0,0.06,0.11,0.09,0.06,0.0,0.05,0.1,SUBCELLULAR LOCATION: Membrane {ECO:0000305}; Single-pass type II membrane protein {ECO:0000305}. Nucleus envelope {ECO:0000250}.,SUBCELLULAR LOCATION: Membrane {ECO:0000305}; Single-pass type II membrane protein {ECO:0000305}. Nucleus envelope {ECO:0000250}.,NIEOKRESLONY
Txlng,otoczka,True,True,False,True,nazwa,Txlng,10885,65.44,0.524,0.528,0.536,-0.021,,,,,0.514,0.557,0.472,0.498,0.544,0.574,0.539,0.522,0.55,58.68,78.67,64.66,65.93,65.01,71.89,60.11,57.85,68.96,"SUBCELLULAR LOCATION: Nucleus membrane {ECO:0000269|PubMed:19913514}. Cytoplasm, cytosol {ECO:0000269|PubMed:19913514}.","SUBCELLULAR LOCATION: Nucleus membrane {ECO:0000269|PubMed:19913514}. Cytoplasm, cytosol {ECO:0000269|PubMed:19913514}.",NIEOKRESLONY
Fxr1,otoczka,True,True,False,True,nazwa,Fxr1,13866,83.36,0.867,0.914,0.838,0.124,,,,,1.048,0.93,0.85,0.848,0.87,0.942,0.91,0.832,0.845,83.44,89.33,85.88,84.63,81.5,85.72,77.21,75.81,85.2,"SUBCELLULAR LOCATION: Cytoplasm, Cytoplasmic ribonucleoprotein granule {ECO:0000269|PubMed:22022532, ECO:0000269|PubMed:35951695}. Cytoplasm, Stress granule {ECO:0000250|UniProtKB:P51114}. Cytoplasm {ECO:0000305|PubMed:30770808}. Cell projection, dendrite {ECO:0000269|PubMed:22022532}. Cell projection, dendritic spine {ECO:0000269|PubMed:22022532}. Cell projection, axon {ECO:0000269|PubMed:2202253","SUBCELLULAR LOCATION: Cytoplasm, Cytoplasmic ribonucleoprotein granule {ECO:0000269|PubMed:22022532, ECO:0000269|PubMed:35951695}. Cytoplasm, Stress granule {ECO:0000250|UniProtKB:P51114}. Cytoplasm {ECO:0000305|PubMed:30770808}. Cell projection, dendrite {ECO:0000269|PubMed:22022532}. Cell projection, dendritic spine {ECO:0000269|PubMed:22022532}. Cell projection, axon {ECO:0000269|PubMed:22022532}. Nucleus envelope {ECO:0000250|UniProtKB:P51114}. Postsynapse {ECO:0000269|PubMed:27770568}. Note=Specifically localizes to cytoplasmic ribonucleoprotein membraneless compartments (PubMed:35951695). Localizes to stress granules following phosphorylation at Ser-449 by PAK1 (By similarity). Adjacent to Z-lines in muscles (PubMed:30770808). {ECO:0000250|UniProtKB:P51114, ECO:0000269|PubMed:30770808, ECO:0000269|PubMed:35951695}.",NIEOKRESLONY
Pgrmc2,otoczka,True,True,False,True,nazwa,Pgrmc2,4644,27.92,0.134,0.14,0.124,0.163,,,,,0.111,0.154,0.12,0.135,0.138,0.179,0.143,0.107,0.141,20.42,38.67,28.07,30.13,27.3,34.99,25.0,18.4,30.56,SUBCELLULAR LOCATION: Membrane {ECO:0000305}; Single-pass membrane protein {ECO:0000305}. Nucleus envelope {ECO:0000250|UniProtKB:O15173}. Endoplasmic reticulum {ECO:0000250|UniProtKB:O15173}. Secreted {ECO:0000250|UniProtKB:O15173}.,SUBCELLULAR LOCATION: Membrane {ECO:0000305}; Single-pass membrane protein {ECO:0000305}. Nucleus envelope {ECO:0000250|UniProtKB:O15173}. Endoplasmic reticulum {ECO:0000250|UniProtKB:O15173}. Secreted {ECO:0000250|UniProtKB:O15173}.,NIEOKRESLONY
Rnf13,otoczka,True,True,False,True,nazwa,Rnf13,13449,80.85,0.795,0.793,0.782,0.02,,,,,0.845,0.746,0.796,0.823,0.789,0.817,0.734,0.779,0.784,79.1,89.33,84.65,83.96,77.97,82.47,73.71,73.64,81.82,SUBCELLULAR LOCATION: Endoplasmic reticulum membrane {ECO:0000250|UniProtKB:O43567}; Single-pass type I membrane protein {ECO:0000255}. Late endosome membrane {ECO:0000269|PubMed:19292867}; Single-pass type I membrane protein {ECO:0000255}. Lysosome membrane {ECO:0000269|PubMed:19292867}; Single-pass type I membrane protein {ECO:0000255}. Nucleus inner membrane {ECO:0000269|PubMed:20230530}; Singl,SUBCELLULAR LOCATION: Endoplasmic reticulum membrane {ECO:0000250|UniProtKB:O43567}; Single-pass type I membrane protein {ECO:0000255}. Late endosome membrane {ECO:0000269|PubMed:19292867}; Single-pass type I membrane protein {ECO:0000255}. Lysosome membrane {ECO:0000269|PubMed:19292867}; Single-pass type I membrane protein {ECO:0000255}. Nucleus inner membrane {ECO:0000269|PubMed:20230530}; Single-pass type I membrane protein {ECO:0000255}. Note=The mature protein is subjected to extensive proteolysis that leads to the shedding of the ectodomain into the lumen of vesicles and the release of the C-terminal fragment into the cytosol (PubMed:20230530). Not detected in early endosomes (PubMed:20230530). Treatment of the cells with either PMA or ionomycin stabilizes the full-length protein which relocalizes to recycling endosomes and to the inner nuclear membrane (PubMed:20230530). {ECO:0000269|PubMed:20230530}.,INM_niedostepny
Lmna,otoczka,True,True,True,False,nazwa,Lmna,2954,17.76,0.08,0.075,0.09,-0.234,,,,,0.047,0.063,0.065,0.073,0.084,0.078,0.117,0.088,0.093,8.68,17.33,15.66,17.43,18.1,17.65,17.46,17.0,21.37,"SUBCELLULAR LOCATION: Nucleus lamina {ECO:0000269|PubMed:28241138}. Nucleus envelope {ECO:0000250|UniProtKB:P02545}. Nucleus, nucleoplasm {ECO:0000269|PubMed:26436652}. Nucleus matrix {ECO:0000250|UniProtKB:P02545}. Note=Farnesylation of prelamin-A/C facilitates nuclear envelope targeting and subsequent cleavage by ZMPSTE24/FACE1 to remove the farnesyl group produces mature lamin-A/C, which can th","SUBCELLULAR LOCATION: Nucleus lamina {ECO:0000269|PubMed:28241138}. Nucleus envelope {ECO:0000250|UniProtKB:P02545}. Nucleus, nucleoplasm {ECO:0000269|PubMed:26436652}. Nucleus matrix {ECO:0000250|UniProtKB:P02545}. Note=Farnesylation of prelamin-A/C facilitates nuclear envelope targeting and subsequent cleavage by ZMPSTE24/FACE1 to remove the farnesyl group produces mature lamin-A/C, which can then be inserted into the nuclear lamina. EMD is required for proper localization of non-farnesylated prelamin-A/C. Also localizes to the micronuclear envelope in response to response to genome instability. {ECO:0000250|UniProtKB:P02545}.",INM_niedostepny
Hax1,otoczka,True,True,False,True,nazwa,Hax1,2649,15.93,0.067,0.068,0.065,0.057,,,,,0.065,0.075,0.069,0.067,0.066,0.075,0.062,0.063,0.066,13.18,20.0,17.28,16.87,15.5,17.97,12.13,12.02,16.59,"SUBCELLULAR LOCATION: Mitochondrion matrix {ECO:0000269|PubMed:16814492, ECO:0000269|PubMed:26915802}. Endoplasmic reticulum {ECO:0000269|PubMed:10760273}. Nucleus membrane {ECO:0000305|PubMed:16814492}. Cytoplasmic vesicle {ECO:0000269|PubMed:10760273, ECO:0000269|PubMed:16814492}. Cytoplasm, cell cortex {ECO:0000250|UniProtKB:O00165}. Cell membrane {ECO:0000250|UniProtKB:O00165}; Peripheral memb","SUBCELLULAR LOCATION: Mitochondrion matrix {ECO:0000269|PubMed:16814492, ECO:0000269|PubMed:26915802}. Endoplasmic reticulum {ECO:0000269|PubMed:10760273}. Nucleus membrane {ECO:0000305|PubMed:16814492}. Cytoplasmic vesicle {ECO:0000269|PubMed:10760273, ECO:0000269|PubMed:16814492}. Cytoplasm, cell cortex {ECO:0000250|UniProtKB:O00165}. Cell membrane {ECO:0000250|UniProtKB:O00165}; Peripheral membrane protein {ECO:0000250|UniProtKB:O00165}; Cytoplasmic side {ECO:0000250|UniProtKB:O00165}. Sarcoplasmic reticulum {ECO:0000250|UniProtKB:Q7TSE9}. Cytoplasm, P-body {ECO:0000250|UniProtKB:O00165}. Cytoplasm {ECO:0000250|UniProtKB:O00165}. Nucleus {ECO:0000250|UniProtKB:O00165}. Note=Predominantly cytoplasmic. Also detected in the nucleus when nuclear export is inhibited (in vitro). {ECO:0000250|UniProtKB:O00165}.",ONM_dostepny
Nup210l,otoczka,True,True,True,False,nazwa,Nup210l,3982,23.94,0.12,0.118,0.118,0.0,,,,,0.116,0.112,0.123,0.125,0.113,0.118,0.12,0.112,0.124,19.29,34.67,26.03,25.92,21.85,24.67,20.4,19.31,25.41,"SUBCELLULAR LOCATION: Nucleus membrane {ECO:0000305|PubMed:38129135}; Single-pass membrane protein {ECO:0000305}. Nucleus, nucleoplasm {ECO:0000269|PubMed:38129135}. Note=Shows a diffuse granular nucleoplasmic location in round spermatids that becomes concentrated at the posterior pole in late round and early elongating spermatids and is only detected at the caudal site in most elongating spermati","SUBCELLULAR LOCATION: Nucleus membrane {ECO:0000305|PubMed:38129135}; Single-pass membrane protein {ECO:0000305}. Nucleus, nucleoplasm {ECO:0000269|PubMed:38129135}. Note=Shows a diffuse granular nucleoplasmic location in round spermatids that becomes concentrated at the posterior pole in late round and early elongating spermatids and is only detected at the caudal site in most elongating spermatids and spermatozoa (PubMed:38129135). In round spermatids, localization differs between human and mouse; in human, it is restricted to the nuclear periphery except under the acrosome, while in mouse, it is nucleoplasmic (PubMed:38129135). {ECO:0000269|PubMed:38129135}.",NIEOKRESLONY
S100a6,otoczka,True,True,False,True,nazwa,S100a6,308,1.85,0.008,0.01,0.006,0.322,,,,,0.025,0.007,0.006,0.008,0.008,0.009,0.005,0.006,0.007,4.34,2.67,1.62,1.94,2.01,2.8,1.29,1.16,1.6,SUBCELLULAR LOCATION: Nucleus envelope {ECO:0000250}. Cytoplasm {ECO:0000250}. Cell membrane {ECO:0000250}; Peripheral membrane protein {ECO:0000250}; Cytoplasmic side {ECO:0000250}.,SUBCELLULAR LOCATION: Nucleus envelope {ECO:0000250}. Cytoplasm {ECO:0000250}. Cell membrane {ECO:0000250}; Peripheral membrane protein {ECO:0000250}; Cytoplasmic side {ECO:0000250}.,ONM_dostepny
Chil3,otoczka,True,True,False,True,nazwa,Chil3,38,0.23,0.001,0.001,0.001,0.0,,,,,0.001,0.0,0.002,0.0,0.001,0.001,0.0,0.001,0.001,0.16,0.0,0.36,0.06,0.27,0.25,0.0,0.19,0.22,SUBCELLULAR LOCATION: Secreted. Rough endoplasmic reticulum lumen. Nucleus envelope. Cytoplasm. Cytoplasmic granule. Note=Predominantly localizes to the lumen of rough endoplasmic reticulum (rER) and nuclear envelope in alveolar macrophages. Localizes to the dilated lumen of rER in immature neutrophils in spleen and in cytoplasmic granules in peritoneal neutrophils. Detected in needle-shaped cryst,SUBCELLULAR LOCATION: Secreted. Rough endoplasmic reticulum lumen. Nucleus envelope. Cytoplasm. Cytoplasmic granule. Note=Predominantly localizes to the lumen of rough endoplasmic reticulum (rER) and nuclear envelope in alveolar macrophages. Localizes to the dilated lumen of rER in immature neutrophils in spleen and in cytoplasmic granules in peritoneal neutrophils. Detected in needle-shaped crystals present in the cytoplasm of bone marrow macrophages.,NIEOKRESLONY
Cept1,otoczka,True,True,False,True,nazwa,Cept1,8891,53.45,0.327,0.329,0.323,0.026,,,,,0.316,0.364,0.311,0.319,0.345,0.358,0.291,0.309,0.337,48.07,65.33,54.63,56.38,53.31,58.32,41.18,44.08,56.29,SUBCELLULAR LOCATION: Endoplasmic reticulum membrane {ECO:0000250|UniProtKB:Q9Y6K0}; Multi-pass membrane protein {ECO:0000250|UniProtKB:Q9Y6K0}. Nucleus membrane {ECO:0000250|UniProtKB:Q9Y6K0}; Multi-pass membrane protein {ECO:0000250|UniProtKB:Q9Y6K0}.,SUBCELLULAR LOCATION: Endoplasmic reticulum membrane {ECO:0000250|UniProtKB:Q9Y6K0}; Multi-pass membrane protein {ECO:0000250|UniProtKB:Q9Y6K0}. Nucleus membrane {ECO:0000250|UniProtKB:Q9Y6K0}; Multi-pass membrane protein {ECO:0000250|UniProtKB:Q9Y6K0}.,NIEOKRESLONY
Rbm15,otoczka,True,True,True,False,nazwa,Rbm15,2931,17.62,0.075,0.077,0.068,0.158,,,,,0.078,0.078,0.072,0.076,0.08,0.092,0.06,0.056,0.08,15.43,26.67,18.67,18.59,17.52,21.16,11.95,11.2,19.12,"SUBCELLULAR LOCATION: Nucleus speckle {ECO:0000250|UniProtKB:Q96T37}. Nucleus, nucleoplasm {ECO:0000269|PubMed:17283045}. Nucleus envelope {ECO:0000250|UniProtKB:Q96T37}. Nucleus membrane {ECO:0000250|UniProtKB:Q96T37}; Peripheral membrane protein {ECO:0000250|UniProtKB:Q96T37}. Note=Colocalizes at the nuclear pore with DBP5 and NXF1. {ECO:0000250|UniProtKB:Q96T37}.","SUBCELLULAR LOCATION: Nucleus speckle {ECO:0000250|UniProtKB:Q96T37}. Nucleus, nucleoplasm {ECO:0000269|PubMed:17283045}. Nucleus envelope {ECO:0000250|UniProtKB:Q96T37}. Nucleus membrane {ECO:0000250|UniProtKB:Q96T37}; Peripheral membrane protein {ECO:0000250|UniProtKB:Q96T37}. Note=Colocalizes at the nuclear pore with DBP5 and NXF1. {ECO:0000250|UniProtKB:Q96T37}.",POR_niepewny
Sort1,otoczka,True,True,False,True,nazwa,Sort1,14836,89.19,1.207,1.139,1.313,-0.203,,,,,0.973,1.142,1.155,1.139,1.125,1.237,1.204,1.345,1.282,79.9,94.67,90.52,89.35,86.51,90.82,84.74,86.91,91.83,"SUBCELLULAR LOCATION: Golgi apparatus, Golgi stack membrane {ECO:0000250|UniProtKB:Q99523}; Single-pass type I membrane protein {ECO:0000250|UniProtKB:Q99523}. Endosome membrane {ECO:0000250|UniProtKB:Q99523}; Single-pass type I membrane protein {ECO:0000250|UniProtKB:Q99523}. Endoplasmic reticulum membrane {ECO:0000250|UniProtKB:Q99523}; Single-pass type I membrane protein {ECO:0000250|UniProtKB:","SUBCELLULAR LOCATION: Golgi apparatus, Golgi stack membrane {ECO:0000250|UniProtKB:Q99523}; Single-pass type I membrane protein {ECO:0000250|UniProtKB:Q99523}. Endosome membrane {ECO:0000250|UniProtKB:Q99523}; Single-pass type I membrane protein {ECO:0000250|UniProtKB:Q99523}. Endoplasmic reticulum membrane {ECO:0000250|UniProtKB:Q99523}; Single-pass type I membrane protein {ECO:0000250|UniProtKB:Q99523}. Nucleus membrane {ECO:0000250|UniProtKB:Q99523}; Single-pass type I membrane protein {ECO:0000250|UniProtKB:Q99523}. Cell membrane {ECO:0000250|UniProtKB:Q99523}; Single-pass type I membrane protein {ECO:0000250|UniProtKB:Q99523}; Extracellular side {ECO:0000250|UniProtKB:Q99523}. Lysosome membrane {ECO:0000250|UniProtKB:Q99523}; Single-pass type I membrane protein {ECO:0000250|UniProtKB:Q99523}. Note=Localized to membranes of the endoplasmic reticulum, endosomes, Golgi stack, lysosomes and nucleus. A small fraction of the protein is also localized to the plasma membrane. May also be found in SLC2A4/GLUT4 storage vesicles (GSVs) in adipocytes. Localization to the plasma membrane in adipocytes may be enhanced by insulin. {ECO:0000250|UniProtKB:Q99523}.",NIEOKRESLONY
Dnajb14,otoczka,True,True,False,True,nazwa,Dnajb14,10738,64.55,0.486,0.502,0.463,0.114,,,,,0.487,0.564,0.475,0.478,0.499,0.552,0.462,0.426,0.5,58.36,77.33,67.4,66.37,63.58,69.41,54.41,53.02,67.79,"SUBCELLULAR LOCATION: Endoplasmic reticulum membrane {ECO:0000250|UniProtKB:Q8TBM8}; Single-pass membrane protein {ECO:0000255}. Nucleus membrane {ECO:0000250|UniProtKB:Q8TBM8}; Single-pass membrane protein {ECO:0000255}. Note=Localizes to the endoplasmic reticulum membrane. When overexpressed, forms membranous structures in the nucleus. {ECO:0000250|UniProtKB:Q8TBM8}.","SUBCELLULAR LOCATION: Endoplasmic reticulum membrane {ECO:0000250|UniProtKB:Q8TBM8}; Single-pass membrane protein {ECO:0000255}. Nucleus membrane {ECO:0000250|UniProtKB:Q8TBM8}; Single-pass membrane protein {ECO:0000255}. Note=Localizes to the endoplasmic reticulum membrane. When overexpressed, forms membranous structures in the nucleus. {ECO:0000250|UniProtKB:Q8TBM8}.",NIEOKRESLONY
Sigmar1,otoczka,True,True,False,True,nazwa,Sigmar1,6465,38.87,0.218,0.229,0.205,0.153,,,,,0.184,0.254,0.211,0.224,0.254,0.214,0.259,0.197,0.213,29.26,52.0,40.98,42.79,40.97,39.39,40.07,29.12,39.92,SUBCELLULAR LOCATION: Nucleus inner membrane {ECO:0000250|UniProtKB:Q99720}. Nucleus outer membrane {ECO:0000250|UniProtKB:Q99720}. Nucleus envelope {ECO:0000269|PubMed:12730355}. Cytoplasmic vesicle {ECO:0000250|UniProtKB:Q99720}. Endoplasmic reticulum membrane {ECO:0000269|PubMed:12730355}. Membrane {ECO:0000250|UniProtKB:Q99720}; Single-pass membrane protein {ECO:0000250|UniProtKB:Q99720}. Lipi,"SUBCELLULAR LOCATION: Nucleus inner membrane {ECO:0000250|UniProtKB:Q99720}. Nucleus outer membrane {ECO:0000250|UniProtKB:Q99720}. Nucleus envelope {ECO:0000269|PubMed:12730355}. Cytoplasmic vesicle {ECO:0000250|UniProtKB:Q99720}. Endoplasmic reticulum membrane {ECO:0000269|PubMed:12730355}. Membrane {ECO:0000250|UniProtKB:Q99720}; Single-pass membrane protein {ECO:0000250|UniProtKB:Q99720}. Lipid droplet {ECO:0000269|PubMed:12730355}. Cell junction {ECO:0000250|UniProtKB:Q99720}. Cell membrane {ECO:0000250|UniProtKB:Q99720}. Cell projection, growth cone {ECO:0000250|UniProtKB:Q99720}. Postsynaptic density membrane {ECO:0000269|PubMed:20167253}. Note=During interphase, detected at the inner and outer nuclear membrane and the endoplasmic reticulum. Detected on cytoplasmic vesicles during mitosis (By similarity). Targeted to lipid droplets, cholesterol and galactosylceramide-enriched domains of the endoplasmic reticulum (PubMed:12730355). Enriched at cell-cell communication regions, growth cone and postsynaptic structures. Localization is modulated by ligand-binding. In motor neurons it is enriched at cholinergic postsynaptic densities (PubMed:20167253). {ECO:0000250|UniProtKB:Q99720, ECO:0000269|PubMed:12730355, ECO:0000269|PubMed:20167253}.",ONM+INM_mieszany
Ndc1,otoczka,True,True,True,False,nazwa,Ndc1,4009,24.1,0.114,0.12,0.102,0.215,,,,,0.127,0.118,0.114,0.12,0.128,0.123,0.112,0.098,0.105,22.19,28.0,25.16,27.03,25.74,27.92,21.88,16.47,23.91,"SUBCELLULAR LOCATION: Nucleus, nuclear pore complex {ECO:0000250}. Nucleus membrane {ECO:0000250}; Multi-pass membrane protein {ECO:0000250}. Note=Central core structure of the nuclear pore complex. {ECO:0000250}.","SUBCELLULAR LOCATION: Nucleus, nuclear pore complex {ECO:0000250}. Nucleus membrane {ECO:0000250}; Multi-pass membrane protein {ECO:0000250}. Note=Central core structure of the nuclear pore complex. {ECO:0000250}.",POR_niepewny
Tmem53,otoczka,True,True,True,False,nazwa,Tmem53,484,2.91,0.012,0.014,0.012,0.126,,,,,0.017,0.021,0.01,0.01,0.015,0.012,0.014,0.012,0.012,3.86,5.33,2.54,2.39,3.49,3.0,2.94,2.46,3.14,"SUBCELLULAR LOCATION: Nucleus outer membrane {ECO:0000269|PubMed:12958361, ECO:0000269|PubMed:20091084}; Single-pass membrane protein {ECO:0000305}.","SUBCELLULAR LOCATION: Nucleus outer membrane {ECO:0000269|PubMed:12958361, ECO:0000269|PubMed:20091084}; Single-pass membrane protein {ECO:0000305}.",ONM_dostepny
Zmpste24,otoczka,True,True,False,True,nazwa,Zmpste24,7439,44.72,0.254,0.245,0.257,-0.066,,,,,0.224,0.261,0.255,0.248,0.235,0.271,0.221,0.237,0.277,35.37,53.33,47.39,45.84,41.6,48.5,36.4,35.39,49.2,SUBCELLULAR LOCATION: Endoplasmic reticulum membrane {ECO:0000250|UniProtKB:O75844}; Multi-pass membrane protein {ECO:0000255}. Nucleus inner membrane {ECO:0000250|UniProtKB:O75844}; Multi-pass membrane protein {ECO:0000255}. Early endosome membrane {ECO:0000250|UniProtKB:O75844}; Multi-pass membrane protein {ECO:0000255}. Late endosome membrane {ECO:0000250|UniProtKB:O75844}; Multi-pass membrane ,SUBCELLULAR LOCATION: Endoplasmic reticulum membrane {ECO:0000250|UniProtKB:O75844}; Multi-pass membrane protein {ECO:0000255}. Nucleus inner membrane {ECO:0000250|UniProtKB:O75844}; Multi-pass membrane protein {ECO:0000255}. Early endosome membrane {ECO:0000250|UniProtKB:O75844}; Multi-pass membrane protein {ECO:0000255}. Late endosome membrane {ECO:0000250|UniProtKB:O75844}; Multi-pass membrane protein {ECO:0000255}.,INM_niedostepny
Tmem57,otoczka,True,True,False,True,synonim,Maco1,12816,77.05,0.699,0.721,0.663,0.119,,,,,0.801,0.585,0.689,0.716,0.742,0.725,0.792,0.666,0.66,75.72,81.33,79.73,79.47,77.57,79.8,71.14,68.32,77.61,SUBCELLULAR LOCATION: Rough endoplasmic reticulum membrane {ECO:0000250|UniProtKB:P91193}; Multi-pass membrane protein {ECO:0000255}. Nucleus membrane {ECO:0000250|UniProtKB:P91193}; Multi-pass membrane protein {ECO:0000255}. Note=Detected in the nucleus membrane of non-neuronal cells and in axonal outgrowths of neuronal cells (PubMed:15255972). {ECO:0000269|PubMed:15255972}.,SUBCELLULAR LOCATION: Rough endoplasmic reticulum membrane {ECO:0000250|UniProtKB:P91193}; Multi-pass membrane protein {ECO:0000255}. Nucleus membrane {ECO:0000250|UniProtKB:P91193}; Multi-pass membrane protein {ECO:0000255}. Note=Detected in the nucleus membrane of non-neuronal cells and in axonal outgrowths of neuronal cells (PubMed:15255972). {ECO:0000269|PubMed:15255972}.,NIEOKRESLONY
Ptchd2,otoczka,True,True,False,True,synonim,Disp3,1949,11.72,0.052,0.063,0.048,0.332,,,,,0.074,0.078,0.05,0.051,0.058,0.041,0.089,0.049,0.047,12.22,25.33,11.97,12.65,12.91,9.88,13.6,9.56,11.65,SUBCELLULAR LOCATION: Endoplasmic reticulum membrane {ECO:0000250|UniProtKB:Q9P2K9}; Multi-pass membrane protein {ECO:0000305}. Nucleus membrane {ECO:0000250|UniProtKB:Q9P2K9}; Multi-pass membrane protein {ECO:0000305}. Cytoplasmic vesicle membrane {ECO:0000250|UniProtKB:B9U3F2}; Multi-pass membrane protein {ECO:0000305}. Note=Predominantly localized to cholesterol-enriched domains within the memb,"SUBCELLULAR LOCATION: Endoplasmic reticulum membrane {ECO:0000250|UniProtKB:Q9P2K9}; Multi-pass membrane protein {ECO:0000305}. Nucleus membrane {ECO:0000250|UniProtKB:Q9P2K9}; Multi-pass membrane protein {ECO:0000305}. Cytoplasmic vesicle membrane {ECO:0000250|UniProtKB:B9U3F2}; Multi-pass membrane protein {ECO:0000305}. Note=Predominantly localized to cholesterol-enriched domains within the membrane (By similarity). Localizes to cytoplasmic punctate vesicular structures (By similarity). {ECO:0000250|UniProtKB:B9U3F2, ECO:0000250|UniProtKB:Q9P2K9}.",NIEOKRESLONY
Tmem201,otoczka,True,True,True,False,nazwa,Tmem201,5947,35.75,0.182,0.181,0.18,0.008,,,,,0.179,0.18,0.188,0.181,0.186,0.168,0.183,0.176,0.184,31.83,45.33,38.33,38.24,35.08,34.74,30.7,29.79,37.26,"SUBCELLULAR LOCATION: [Isoform 2]: Nucleus inner membrane {ECO:0000250|UniProtKB:Q5SNT2}; Multi-pass membrane protein {ECO:0000250|UniProtKB:Q5SNT2}. Note=The C-terminal of isoform 2 is located on the nucleoplasmic side. During interphase, isoform 2 is distributed in the inner nuclear membrane and during mitosis, it is found in the ER but it also localizes to the polar regions of the mitotic spind","SUBCELLULAR LOCATION: [Isoform 2]: Nucleus inner membrane {ECO:0000250|UniProtKB:Q5SNT2}; Multi-pass membrane protein {ECO:0000250|UniProtKB:Q5SNT2}. Note=The C-terminal of isoform 2 is located on the nucleoplasmic side. During interphase, isoform 2 is distributed in the inner nuclear membrane and during mitosis, it is found in the ER but it also localizes to the polar regions of the mitotic spindle (By similarity). {ECO:0000250|UniProtKB:Q5SNT2}.",INM_niedostepny
Cptp,otoczka,True,True,False,True,nazwa,Cptp,882,5.3,0.022,0.021,0.024,-0.133,,,,,0.019,0.015,0.019,0.018,0.024,0.021,0.029,0.025,0.022,4.18,5.33,5.14,5.11,5.54,5.04,5.33,4.93,5.85,"SUBCELLULAR LOCATION: Cytoplasm, cytosol {ECO:0000250|UniProtKB:Q5TA50}. Golgi apparatus, trans-Golgi network membrane {ECO:0000250|UniProtKB:Q5TA50}; Peripheral membrane protein {ECO:0000250|UniProtKB:Q5TA50}. Cell membrane {ECO:0000250|UniProtKB:Q5TA50}; Peripheral membrane protein {ECO:0000250|UniProtKB:Q5TA50}; Cytoplasmic side {ECO:0000250|UniProtKB:Q5TA50}. Endosome membrane {ECO:0000250|Uni","SUBCELLULAR LOCATION: Cytoplasm, cytosol {ECO:0000250|UniProtKB:Q5TA50}. Golgi apparatus, trans-Golgi network membrane {ECO:0000250|UniProtKB:Q5TA50}; Peripheral membrane protein {ECO:0000250|UniProtKB:Q5TA50}. Cell membrane {ECO:0000250|UniProtKB:Q5TA50}; Peripheral membrane protein {ECO:0000250|UniProtKB:Q5TA50}; Cytoplasmic side {ECO:0000250|UniProtKB:Q5TA50}. Endosome membrane {ECO:0000250|UniProtKB:Q5TA50}; Peripheral membrane protein {ECO:0000250|UniProtKB:Q5TA50}. Nucleus outer membrane {ECO:0000250|UniProtKB:Q5TA50}; Peripheral membrane protein {ECO:0000250|UniProtKB:Q5TA50}.",ONM_dostepny
Napepld,otoczka,True,True,False,True,nazwa,Napepld,3232,19.43,0.092,0.09,0.104,-0.189,,,,,0.063,0.092,0.087,0.071,0.09,0.09,0.134,0.106,0.101,11.9,28.0,19.9,17.43,18.14,18.61,22.24,17.87,22.29,"SUBCELLULAR LOCATION: Golgi apparatus membrane {ECO:0000250|UniProtKB:Q6IQ20}; Peripheral membrane protein {ECO:0000250|UniProtKB:Q6IQ20}. Early endosome membrane {ECO:0000250|UniProtKB:Q6IQ20}; Peripheral membrane protein {ECO:0000250|UniProtKB:Q6IQ20}. Nucleus envelope {ECO:0000250|UniProtKB:Q6IQ20}. Nucleus, nucleoplasm {ECO:0000250|UniProtKB:Q6IQ20}. Note=Localized in the proximity of the cell","SUBCELLULAR LOCATION: Golgi apparatus membrane {ECO:0000250|UniProtKB:Q6IQ20}; Peripheral membrane protein {ECO:0000250|UniProtKB:Q6IQ20}. Early endosome membrane {ECO:0000250|UniProtKB:Q6IQ20}; Peripheral membrane protein {ECO:0000250|UniProtKB:Q6IQ20}. Nucleus envelope {ECO:0000250|UniProtKB:Q6IQ20}. Nucleus, nucleoplasm {ECO:0000250|UniProtKB:Q6IQ20}. Note=Localized in the proximity of the cellular membranes likely through interaction with membrane phospholipids. {ECO:0000250|UniProtKB:Q6IQ20}.",NIEOKRESLONY
Nupl2,otoczka,True,True,True,False,synonim,Nup42,6185,37.18,0.206,0.206,0.201,0.034,,,,,0.25,0.165,0.205,0.207,0.212,0.207,0.196,0.206,0.196,36.98,37.33,39.81,40.23,35.39,38.37,29.6,32.25,37.6,"SUBCELLULAR LOCATION: Nucleus, nuclear pore complex {ECO:0000250|UniProtKB:O15504}. Nucleus membrane {ECO:0000250|UniProtKB:O15504}; Peripheral membrane protein {ECO:0000250|UniProtKB:O15504}; Cytoplasmic side {ECO:0000250|UniProtKB:O15504}. Note=Excluded from the nucleolus. {ECO:0000250|UniProtKB:O15504}.","SUBCELLULAR LOCATION: Nucleus, nuclear pore complex {ECO:0000250|UniProtKB:O15504}. Nucleus membrane {ECO:0000250|UniProtKB:O15504}; Peripheral membrane protein {ECO:0000250|UniProtKB:O15504}; Cytoplasmic side {ECO:0000250|UniProtKB:O15504}. Note=Excluded from the nucleolus. {ECO:0000250|UniProtKB:O15504}.",ONM_dostepny
Atraid,otoczka,True,True,False,True,nazwa,Atraid,8346,50.17,0.3,0.283,0.299,-0.077,,,,,0.221,0.244,0.303,0.32,0.299,0.306,0.286,0.29,0.308,36.5,53.33,53.62,53.66,49.06,51.88,41.73,41.33,53.17,SUBCELLULAR LOCATION: Nucleus envelope {ECO:0000250|UniProtKB:Q6UW56}. Cell membrane {ECO:0000250|UniProtKB:Q6UW56}; Single-pass membrane protein {ECO:0000250|UniProtKB:Q6UW56}. Lysosome membrane {ECO:0000269|PubMed:29745899}; Multi-pass membrane protein {ECO:0000255}. Note=Colocalizes with NELL1 on the nuclear envelope and the perinuclear region. {ECO:0000250|UniProtKB:Q6UW56}.,SUBCELLULAR LOCATION: Nucleus envelope {ECO:0000250|UniProtKB:Q6UW56}. Cell membrane {ECO:0000250|UniProtKB:Q6UW56}; Single-pass membrane protein {ECO:0000250|UniProtKB:Q6UW56}. Lysosome membrane {ECO:0000269|PubMed:29745899}; Multi-pass membrane protein {ECO:0000255}. Note=Colocalizes with NELL1 on the nuclear envelope and the perinuclear region. {ECO:0000250|UniProtKB:Q6UW56}.,NIEOKRESLONY
Mfsd10,otoczka,True,True,False,True,synonim,Slc75a1,2244,13.49,0.06,0.062,0.056,0.126,,,,,0.08,0.061,0.072,0.055,0.058,0.053,0.058,0.058,0.055,13.18,21.33,16.58,13.21,12.78,11.54,10.85,11.06,13.54,SUBCELLULAR LOCATION: Nucleus inner membrane {ECO:0000269|PubMed:31142202}; Multi-pass membrane protein {ECO:0000255}. Cell membrane {ECO:0000269|PubMed:22820041}; Multi-pass membrane protein {ECO:0000255}.,SUBCELLULAR LOCATION: Nucleus inner membrane {ECO:0000269|PubMed:31142202}; Multi-pass membrane protein {ECO:0000255}. Cell membrane {ECO:0000269|PubMed:22820041}; Multi-pass membrane protein {ECO:0000255}.,INM_niedostepny
Tmem33,otoczka,True,True,False,True,nazwa,Tmem33,4440,26.69,0.124,0.137,0.113,0.257,,,,,0.14,0.164,0.123,0.127,0.134,0.144,0.126,0.11,0.116,26.21,44.0,28.88,27.25,27.7,30.53,22.24,19.56,26.47,SUBCELLULAR LOCATION: Endoplasmic reticulum membrane {ECO:0000269|PubMed:31048699}; Multi-pass membrane protein {ECO:0000255}. Melanosome {ECO:0000250|UniProtKB:P57088}. Nucleus envelope {ECO:0000250|UniProtKB:P57088}. Note=Co-localizes with RTN4 at the ER sheets. {ECO:0000250|UniProtKB:P57088}.,SUBCELLULAR LOCATION: Endoplasmic reticulum membrane {ECO:0000269|PubMed:31048699}; Multi-pass membrane protein {ECO:0000255}. Melanosome {ECO:0000250|UniProtKB:P57088}. Nucleus envelope {ECO:0000250|UniProtKB:P57088}. Note=Co-localizes with RTN4 at the ER sheets. {ECO:0000250|UniProtKB:P57088}.,NIEOKRESLONY
Nup54,otoczka,True,True,True,False,nazwa,Nup54,4732,28.45,0.134,0.147,0.128,0.186,,,,,0.137,0.181,0.131,0.132,0.136,0.149,0.162,0.123,0.132,25.08,41.33,29.72,29.47,27.7,32.76,29.6,21.83,29.11,"SUBCELLULAR LOCATION: Nucleus, nuclear pore complex {ECO:0000250|UniProtKB:P70582}. Nucleus membrane {ECO:0000250|UniProtKB:P70582}; Peripheral membrane protein {ECO:0000250|UniProtKB:P70582}; Cytoplasmic side {ECO:0000250|UniProtKB:P70582}. Nucleus membrane {ECO:0000250|UniProtKB:P70582}; Peripheral membrane protein {ECO:0000250|UniProtKB:P70582}; Nucleoplasmic side {ECO:0000250|UniProtKB:P70582}","SUBCELLULAR LOCATION: Nucleus, nuclear pore complex {ECO:0000250|UniProtKB:P70582}. Nucleus membrane {ECO:0000250|UniProtKB:P70582}; Peripheral membrane protein {ECO:0000250|UniProtKB:P70582}; Cytoplasmic side {ECO:0000250|UniProtKB:P70582}. Nucleus membrane {ECO:0000250|UniProtKB:P70582}; Peripheral membrane protein {ECO:0000250|UniProtKB:P70582}; Nucleoplasmic side {ECO:0000250|UniProtKB:P70582}. Note=Biased towards cytoplasmic side. Central region of the nuclear pore complex, within the transporter. {ECO:0000250|UniProtKB:P70582}.",ONM+INM_mieszany
Noc4l,otoczka,True,True,False,True,nazwa,Noc4l,1269,7.63,0.031,0.029,0.03,-0.037,,,,,0.034,0.019,0.036,0.034,0.033,0.026,0.022,0.029,0.03,7.23,8.0,9.06,8.32,7.37,6.56,5.15,5.75,7.95,"SUBCELLULAR LOCATION: Nucleus membrane {ECO:0000269|PubMed:28012024, ECO:0000269|PubMed:34675215}; Multi-pass membrane protein {ECO:0000255}. Nucleus, nucleolus {ECO:0000250|UniProtKB:Q9BVI4}. Nucleus, nucleoplasm {ECO:0000250|UniProtKB:Q9BVI4}. Cytoplasm {ECO:0000250|UniProtKB:Q9BVI4}. Cytoplasmic granule {ECO:0000250|UniProtKB:Q9BVI4}. Early endosome {ECO:0000269|PubMed:34675215}. Note=Localizes","SUBCELLULAR LOCATION: Nucleus membrane {ECO:0000269|PubMed:28012024, ECO:0000269|PubMed:34675215}; Multi-pass membrane protein {ECO:0000255}. Nucleus, nucleolus {ECO:0000250|UniProtKB:Q9BVI4}. Nucleus, nucleoplasm {ECO:0000250|UniProtKB:Q9BVI4}. Cytoplasm {ECO:0000250|UniProtKB:Q9BVI4}. Cytoplasmic granule {ECO:0000250|UniProtKB:Q9BVI4}. Early endosome {ECO:0000269|PubMed:34675215}. Note=Localizes to the nucleolus under normal conditions but translocates to the nucleoplasm and cytoplasm under stress conditions. {ECO:0000250|UniProtKB:Q9BVI4}.",NIEOKRESLONY
Tmem120b,otoczka,True,True,True,False,nazwa,Tmem120b,4571,27.48,0.137,0.173,0.13,0.386,,,,,0.178,0.317,0.129,0.128,0.136,0.156,0.165,0.129,0.131,27.33,38.67,28.35,27.47,26.36,33.01,26.47,21.54,28.17,SUBCELLULAR LOCATION: Nucleus inner membrane {ECO:0000269|PubMed:26024229}; Multi-pass membrane protein {ECO:0000255}.,SUBCELLULAR LOCATION: Nucleus inner membrane {ECO:0000269|PubMed:26024229}; Multi-pass membrane protein {ECO:0000255}.,INM_niedostepny
Ran,otoczka,True,True,False,True,nazwa,Ran,6425,38.63,0.218,0.247,0.161,0.588,,,,,0.202,0.296,0.225,0.255,0.262,0.287,0.199,0.131,0.191,33.12,52.0,43.22,44.45,40.84,48.82,31.8,21.05,37.33,"SUBCELLULAR LOCATION: Nucleus {ECO:0000269|PubMed:18347012, ECO:0000269|PubMed:25946333}. Nucleus envelope {ECO:0000269|PubMed:25946333}. Cytoplasm, cytosol {ECO:0000250|UniProtKB:P62826}. Cytoplasm {ECO:0000269|PubMed:18347012}. Melanosome {ECO:0000250|UniProtKB:P62826}. Note=Predominantly nuclear during interphase. Becomes dispersed throughout the cytoplasm during mitosis (By similarity). Identi","SUBCELLULAR LOCATION: Nucleus {ECO:0000269|PubMed:18347012, ECO:0000269|PubMed:25946333}. Nucleus envelope {ECO:0000269|PubMed:25946333}. Cytoplasm, cytosol {ECO:0000250|UniProtKB:P62826}. Cytoplasm {ECO:0000269|PubMed:18347012}. Melanosome {ECO:0000250|UniProtKB:P62826}. Note=Predominantly nuclear during interphase. Becomes dispersed throughout the cytoplasm during mitosis (By similarity). Identified by mass spectrometry in melanosome fractions from stage I to stage IV (By similarity). {ECO:0000250|UniProtKB:P62826}.",NIEOKRESLONY
Pom121,otoczka,True,True,False,True,nazwa,Pom121,4164,25.03,0.116,0.113,0.118,-0.057,,,,,0.103,0.111,0.113,0.115,0.119,0.114,0.117,0.116,0.12,19.13,33.33,26.03,27.3,24.75,25.69,22.79,20.57,26.35,"SUBCELLULAR LOCATION: Nucleus, nuclear pore complex {ECO:0000250}. Nucleus membrane {ECO:0000250}; Single-pass membrane protein {ECO:0000250}. Endoplasmic reticulum membrane {ECO:0000250}; Single-pass membrane protein {ECO:0000250}. Note=Stably associated with the NPC throughout interphase and the endoplasmic reticulum during metaphase. {ECO:0000250}.","SUBCELLULAR LOCATION: Nucleus, nuclear pore complex {ECO:0000250}. Nucleus membrane {ECO:0000250}; Single-pass membrane protein {ECO:0000250}. Endoplasmic reticulum membrane {ECO:0000250}; Single-pass membrane protein {ECO:0000250}. Note=Stably associated with the NPC throughout interphase and the endoplasmic reticulum during metaphase. {ECO:0000250}.",POR_niepewny
Tmem120a,otoczka,True,True,False,True,nazwa,Tmem120a,995,5.98,0.026,0.025,0.032,-0.263,,,,,0.019,0.029,0.021,0.022,0.024,0.022,0.035,0.033,0.031,4.18,9.33,5.06,5.99,5.5,5.48,5.88,5.84,7.52,"SUBCELLULAR LOCATION: Cell membrane {ECO:0000269|PubMed:32084332, ECO:0000269|PubMed:39147733}; Multi-pass membrane protein {ECO:0000250|UniProtKB:Q9BXJ8}. Nucleus envelope {ECO:0000269|PubMed:20091084}. Nucleus inner membrane {ECO:0000250|UniProtKB:Q9BXJ8}; Multi-pass membrane protein {ECO:0000250|UniProtKB:Q9BXJ8}. Endoplasmic reticulum {ECO:0000250|UniProtKB:Q9BXJ8}.","SUBCELLULAR LOCATION: Cell membrane {ECO:0000269|PubMed:32084332, ECO:0000269|PubMed:39147733}; Multi-pass membrane protein {ECO:0000250|UniProtKB:Q9BXJ8}. Nucleus envelope {ECO:0000269|PubMed:20091084}. Nucleus inner membrane {ECO:0000250|UniProtKB:Q9BXJ8}; Multi-pass membrane protein {ECO:0000250|UniProtKB:Q9BXJ8}. Endoplasmic reticulum {ECO:0000250|UniProtKB:Q9BXJ8}.",INM_niedostepny
Sun1,otoczka,True,True,False,True,nazwa,Sun1,7683,46.19,0.254,0.269,0.244,0.135,,,,,0.284,0.266,0.252,0.255,0.252,0.284,0.291,0.248,0.24,44.05,56.0,47.97,50.06,43.7,51.43,43.01,37.9,47.03,"SUBCELLULAR LOCATION: Nucleus inner membrane {ECO:0000269|PubMed:11593002, ECO:0000269|PubMed:12036294, ECO:0000269|PubMed:16380439, ECO:0000269|PubMed:16648470, ECO:0000269|PubMed:17132086, ECO:0000269|PubMed:17724119, ECO:0000269|PubMed:18845190, ECO:0000269|PubMed:19841137, ECO:0000269|PubMed:19843581, ECO:0000269|PubMed:19874786, ECO:0000269|PubMed:23348741}; Single-pass type II membrane prote","SUBCELLULAR LOCATION: Nucleus inner membrane {ECO:0000269|PubMed:11593002, ECO:0000269|PubMed:12036294, ECO:0000269|PubMed:16380439, ECO:0000269|PubMed:16648470, ECO:0000269|PubMed:17132086, ECO:0000269|PubMed:17724119, ECO:0000269|PubMed:18845190, ECO:0000269|PubMed:19841137, ECO:0000269|PubMed:19843581, ECO:0000269|PubMed:19874786, ECO:0000269|PubMed:23348741}; Single-pass type II membrane protein {ECO:0000269|PubMed:11593002, ECO:0000269|PubMed:12036294, ECO:0000269|PubMed:16380439, ECO:0000269|PubMed:16648470, ECO:0000269|PubMed:17132086, ECO:0000269|PubMed:17724119, ECO:0000269|PubMed:18845190, ECO:0000269|PubMed:19841137, ECO:0000269|PubMed:19843581, ECO:0000269|PubMed:19874786, ECO:0000269|PubMed:23348741}. Note=At oocyte MI stage localized around the spindle, at MII stage localized to the spindle poles. In round spermatids mainly localizes to the posterior pole of the nucleus. This localization is gradually disappearing during spermiogenesis. In elongated spermatids localizes to anterior regions outside the nucleus indicative for isoform 5. {ECO:0000269|PubMed:20711465, ECO:0000269|PubMed:26842404}.; SUBCELLULAR LOCATION: [Isoform 5]: Cytoplasmic vesicle, secretory vesicle, acrosome outer membrane {ECO:0000305|PubMed:20711465}. Note=Localized to the anterior pole of spermatids. {ECO:0000305|PubMed:20711465}.",INM_niedostepny
Ints1,otoczka,True,True,True,False,nazwa,Ints1,2804,16.86,0.076,0.079,0.078,0.016,,,,,0.053,0.105,0.075,0.073,0.068,0.084,0.093,0.08,0.077,10.61,25.33,18.28,17.31,14.75,17.59,17.1,14.82,18.06,SUBCELLULAR LOCATION: Nucleus {ECO:0000269|PubMed:17544522}. Nucleus membrane {ECO:0000250|UniProtKB:Q8N201}; Single-pass membrane protein {ECO:0000255}.,SUBCELLULAR LOCATION: Nucleus {ECO:0000269|PubMed:17544522}. Nucleus membrane {ECO:0000250|UniProtKB:Q8N201}; Single-pass membrane protein {ECO:0000255}.,NIEOKRESLONY
Mad1l1,otoczka,True,True,False,True,nazwa,Mad1l1,12859,77.31,1.069,1.119,0.866,0.366,,,,,1.163,1.272,1.306,1.128,1.252,0.821,0.888,0.713,1.019,74.44,89.33,83.87,80.91,77.97,73.8,70.4,63.93,78.84,"SUBCELLULAR LOCATION: Nucleus {ECO:0000250|UniProtKB:Q9Y6D9}. Chromosome, centromere, kinetochore {ECO:0000250|UniProtKB:Q9Y6D9}. Nucleus envelope {ECO:0000250|UniProtKB:Q9Y6D9}. Cytoplasm, cytoskeleton, microtubule organizing center, centrosome {ECO:0000250}. Cytoplasm, cytoskeleton, spindle {ECO:0000250}. Cytoplasm, cytoskeleton, spindle pole {ECO:0000250|UniProtKB:Q9Y6D9}. Note=Detected at the ","SUBCELLULAR LOCATION: Nucleus {ECO:0000250|UniProtKB:Q9Y6D9}. Chromosome, centromere, kinetochore {ECO:0000250|UniProtKB:Q9Y6D9}. Nucleus envelope {ECO:0000250|UniProtKB:Q9Y6D9}. Cytoplasm, cytoskeleton, microtubule organizing center, centrosome {ECO:0000250}. Cytoplasm, cytoskeleton, spindle {ECO:0000250}. Cytoplasm, cytoskeleton, spindle pole {ECO:0000250|UniProtKB:Q9Y6D9}. Note=Detected at the nucleus envelope during interphase. From the beginning to the end of mitosis, it is seen to move from a diffusely nuclear distribution to the centrosome, to the spindle midzone and finally to the midbody. Detected at kinetochores during prometaphase. Colocalizes with NEK2 at the kinetochore. Colocalizes with IK at spindle poles during metaphase and anaphase. {ECO:0000250|UniProtKB:Q9Y6D9}.",NIEOKRESLONY
Nudt1,otoczka,True,True,False,True,nazwa,Nudt1,854,5.13,0.021,0.023,0.019,0.186,,,,,0.043,0.017,0.021,0.02,0.021,0.024,0.012,0.019,0.019,4.82,6.67,6.01,4.99,4.78,5.67,2.39,4.01,5.37,"SUBCELLULAR LOCATION: Cytoplasm {ECO:0000250|UniProtKB:P53369}. Nucleus {ECO:0000250|UniProtKB:P53369}. Nucleus membrane {ECO:0000250|UniProtKB:P53369}. Cytoplasmic vesicle, secretory vesicle, acrosome {ECO:0000250|UniProtKB:P53369}.","SUBCELLULAR LOCATION: Cytoplasm {ECO:0000250|UniProtKB:P53369}. Nucleus {ECO:0000250|UniProtKB:P53369}. Nucleus membrane {ECO:0000250|UniProtKB:P53369}. Cytoplasmic vesicle, secretory vesicle, acrosome {ECO:0000250|UniProtKB:P53369}.",NIEOKRESLONY
Alox5ap,otoczka,True,True,False,True,nazwa,Alox5ap,1160,6.97,0.029,0.028,0.026,0.078,,,,,0.035,0.022,0.029,0.033,0.026,0.03,0.021,0.024,0.029,6.59,8.0,7.6,8.55,5.85,7.33,4.96,4.64,7.69,SUBCELLULAR LOCATION: Nucleus membrane {ECO:0000269|PubMed:19075240}; Multi-pass membrane protein {ECO:0000269|PubMed:19075240}. Endoplasmic reticulum membrane {ECO:0000250}; Multi-pass membrane protein {ECO:0000250}.,SUBCELLULAR LOCATION: Nucleus membrane {ECO:0000269|PubMed:19075240}; Multi-pass membrane protein {ECO:0000269|PubMed:19075240}. Endoplasmic reticulum membrane {ECO:0000250}; Multi-pass membrane protein {ECO:0000250}.,NIEOKRESLONY
Tmem168,otoczka,True,True,True,False,nazwa,Tmem168,5844,35.13,0.177,0.185,0.182,0.022,,,,,0.188,0.212,0.169,0.168,0.178,0.172,0.206,0.188,0.177,31.03,49.33,36.15,36.9,34.23,35.82,31.8,31.53,36.32,SUBCELLULAR LOCATION: Nucleus membrane {ECO:0000269|PubMed:32175648}; Multi-pass membrane protein {ECO:0000255}.,SUBCELLULAR LOCATION: Nucleus membrane {ECO:0000269|PubMed:32175648}; Multi-pass membrane protein {ECO:0000255}.,NIEOKRESLONY
Tnpo3,otoczka,True,True,False,True,nazwa,Tnpo3,11869,71.35,0.561,0.573,0.536,0.095,,,,,0.705,0.468,0.572,0.581,0.566,0.564,0.553,0.549,0.524,73.79,72.0,74.39,73.97,69.48,74.0,62.87,64.85,71.59,"SUBCELLULAR LOCATION: Nucleus envelope {ECO:0000250|UniProtKB:Q9Y5L0}. Cytoplasm {ECO:0000250|UniProtKB:Q9Y5L0}. Note=Localizes to the nuclear envelope and annulate lamellae, which consists in stacks of endoplasmic reticulum membranes containing a high density of nuclear pores. {ECO:0000250|UniProtKB:Q9Y5L0}.","SUBCELLULAR LOCATION: Nucleus envelope {ECO:0000250|UniProtKB:Q9Y5L0}. Cytoplasm {ECO:0000250|UniProtKB:Q9Y5L0}. Note=Localizes to the nuclear envelope and annulate lamellae, which consists in stacks of endoplasmic reticulum membranes containing a high density of nuclear pores. {ECO:0000250|UniProtKB:Q9Y5L0}.",POR_niepewny
Zc3hc1,otoczka,True,True,True,False,nazwa,Zc3hc1,3094,18.6,0.085,0.082,0.088,-0.091,,,,,0.08,0.088,0.079,0.088,0.092,0.078,0.072,0.085,0.09,14.31,21.33,19.07,20.2,18.32,18.16,15.99,15.6,20.26,"SUBCELLULAR LOCATION: Nucleus {ECO:0000250|UniProtKB:Q86WB0}. Nucleus envelope {ECO:0000250|UniProtKB:Q86WB0}. Note=Resident of the nuclear basket (NB). Occurs at the nuclear envelopes (NE) of all TPR-containing cell types, including proliferating and non-dividing, terminally differentiated cells of different morphogenetic origin. {ECO:0000250|UniProtKB:Q86WB0}.","SUBCELLULAR LOCATION: Nucleus {ECO:0000250|UniProtKB:Q86WB0}. Nucleus envelope {ECO:0000250|UniProtKB:Q86WB0}. Note=Resident of the nuclear basket (NB). Occurs at the nuclear envelopes (NE) of all TPR-containing cell types, including proliferating and non-dividing, terminally differentiated cells of different morphogenetic origin. {ECO:0000250|UniProtKB:Q86WB0}.",NIEOKRESLONY
Tmem209,otoczka,True,True,False,True,nazwa,Tmem209,2988,17.96,0.081,0.085,0.072,0.212,,,,,0.095,0.085,0.082,0.08,0.083,0.097,0.074,0.065,0.08,17.2,24.0,19.63,19.64,17.16,21.35,14.89,12.12,18.28,SUBCELLULAR LOCATION: Membrane {ECO:0000305}; Multi-pass membrane protein {ECO:0000255}. Nucleus envelope {ECO:0000250|UniProtKB:Q96SK2}. Golgi apparatus {ECO:0000250|UniProtKB:Q96SK2}. Cytoplasm {ECO:0000250|UniProtKB:Q96SK2}. Note=Weakly expressed in the cytoplasm. {ECO:0000250|UniProtKB:Q96SK2}.,SUBCELLULAR LOCATION: Membrane {ECO:0000305}; Multi-pass membrane protein {ECO:0000255}. Nucleus envelope {ECO:0000250|UniProtKB:Q96SK2}. Golgi apparatus {ECO:0000250|UniProtKB:Q96SK2}. Cytoplasm {ECO:0000250|UniProtKB:Q96SK2}. Note=Weakly expressed in the cytoplasm. {ECO:0000250|UniProtKB:Q96SK2}.,NIEOKRESLONY
Tmem176b,otoczka,True,True,True,False,nazwa,Tmem176b,153,0.92,0.004,0.006,0.003,0.3,,,,,0.003,0.015,0.004,0.003,0.004,0.006,0.004,0.001,0.004,0.64,4.0,0.98,0.89,0.85,1.59,1.29,0.19,0.97,SUBCELLULAR LOCATION: Nucleus membrane {ECO:0000250}; Multi-pass membrane protein {ECO:0000250}.,SUBCELLULAR LOCATION: Nucleus membrane {ECO:0000250}; Multi-pass membrane protein {ECO:0000250}.,NIEOKRESLONY
Osbpl3,otoczka,True,True,False,True,nazwa,Osbpl3,516,3.1,0.012,0.017,0.011,0.363,,,,,0.013,0.03,0.01,0.011,0.017,0.01,0.026,0.009,0.013,3.22,8.0,2.71,3.11,3.98,2.36,4.6,2.17,3.41,"SUBCELLULAR LOCATION: Endoplasmic reticulum membrane {ECO:0000269|PubMed:30028970}; Peripheral membrane protein {ECO:0000305}. Cytoplasm, cytosol {ECO:0000269|PubMed:30028970}. Cell membrane {ECO:0000269|PubMed:30028970}; Peripheral membrane protein {ECO:0000305}. Cell projection, filopodium tip {ECO:0000250|UniProtKB:Q9H4L5}. Nucleus membrane {ECO:0000250|UniProtKB:Q9H4L5}; Peripheral membrane pr","SUBCELLULAR LOCATION: Endoplasmic reticulum membrane {ECO:0000269|PubMed:30028970}; Peripheral membrane protein {ECO:0000305}. Cytoplasm, cytosol {ECO:0000269|PubMed:30028970}. Cell membrane {ECO:0000269|PubMed:30028970}; Peripheral membrane protein {ECO:0000305}. Cell projection, filopodium tip {ECO:0000250|UniProtKB:Q9H4L5}. Nucleus membrane {ECO:0000250|UniProtKB:Q9H4L5}; Peripheral membrane protein {ECO:0000305}. Note=Co-localizes with OSBPL6 at contact sites between the plasma membrane and the endoplasmic reticulum. {ECO:0000269|PubMed:30028970}.",NIEOKRESLONY
Dctn1,otoczka,True,True,False,True,nazwa,Dctn1,8706,52.34,0.312,0.334,0.296,0.169,,,,,0.266,0.427,0.312,0.329,0.323,0.338,0.345,0.291,0.301,41.8,74.67,56.39,57.1,50.36,56.85,46.88,42.35,53.02,"SUBCELLULAR LOCATION: Cytoplasm {ECO:0000250|UniProtKB:Q14203}. Cytoplasm, cytoskeleton {ECO:0000269|PubMed:16954346}. Cytoplasm, cytoskeleton, microtubule organizing center, centrosome {ECO:0000250|UniProtKB:Q14203}. Cytoplasm, cytoskeleton, microtubule organizing center, centrosome, centriole {ECO:0000269|PubMed:23386061}. Cytoplasm, cytoskeleton, spindle {ECO:0000250|UniProtKB:Q14203}. Nucleus ","SUBCELLULAR LOCATION: Cytoplasm {ECO:0000250|UniProtKB:Q14203}. Cytoplasm, cytoskeleton {ECO:0000269|PubMed:16954346}. Cytoplasm, cytoskeleton, microtubule organizing center, centrosome {ECO:0000250|UniProtKB:Q14203}. Cytoplasm, cytoskeleton, microtubule organizing center, centrosome, centriole {ECO:0000269|PubMed:23386061}. Cytoplasm, cytoskeleton, spindle {ECO:0000250|UniProtKB:Q14203}. Nucleus envelope {ECO:0000250|UniProtKB:Q14203}. Cytoplasm, cell cortex {ECO:0000250|UniProtKB:Q14203}. Note=Localizes to microtubule plus ends. Localizes preferentially to the ends of tyrosinated microtubules (PubMed:16954346). Localization at centrosome is regulated by SLK-dependent phosphorylation. Localizes to centrosome in a PARKDA-dependent manner. PLK1-mediated phosphorylation at Ser-179 is essential for its localization in the nuclear envelope (By similarity). Localizes to the subdistal appendage region of the centriole in a KIF3A-dependent manner (PubMed:23386061). {ECO:0000250|UniProtKB:Q14203, ECO:0000269|PubMed:16954346, ECO:0000269|PubMed:23386061}.",NIEOKRESLONY
Cml3,otoczka,True,True,False,True,synonim,Nat8f3,1157,6.96,0.029,0.033,0.026,0.256,,,,,0.044,0.029,0.029,0.028,0.026,0.032,0.04,0.024,0.028,7.88,9.33,7.21,8.05,6.26,7.97,6.8,4.83,7.16,"SUBCELLULAR LOCATION: Nucleus membrane {ECO:0000305|PubMed:25123547}; Multi-pass membrane protein {ECO:0000255}. Cytoplasm, perinuclear region {ECO:0000305|PubMed:25123547}. Cytoplasm {ECO:0000305|PubMed:25123547}. Note=C-terminally tagged constructs localize to the nuclear membrane and perinuclear region. N-terminally tagged constructs show a punctate cytoplasmic distribution. {ECO:0000269|PubMed","SUBCELLULAR LOCATION: Nucleus membrane {ECO:0000305|PubMed:25123547}; Multi-pass membrane protein {ECO:0000255}. Cytoplasm, perinuclear region {ECO:0000305|PubMed:25123547}. Cytoplasm {ECO:0000305|PubMed:25123547}. Note=C-terminally tagged constructs localize to the nuclear membrane and perinuclear region. N-terminally tagged constructs show a punctate cytoplasmic distribution. {ECO:0000269|PubMed:25123547}.",NIEOKRESLONY
Nup210,otoczka,True,True,False,True,nazwa,Nup210,4343,26.11,0.124,0.118,0.12,-0.022,,,,,0.126,0.08,0.141,0.122,0.133,0.11,0.111,0.128,0.112,22.83,24.0,31.06,27.91,25.74,23.9,19.3,21.92,25.6,"SUBCELLULAR LOCATION: Nucleus, nuclear pore complex {ECO:0000250}. Nucleus membrane {ECO:0000250}; Single-pass type I membrane protein {ECO:0000250}. Endoplasmic reticulum membrane {ECO:0000250}; Single-pass type I membrane protein {ECO:0000250}.","SUBCELLULAR LOCATION: Nucleus, nuclear pore complex {ECO:0000250}. Nucleus membrane {ECO:0000250}; Single-pass type I membrane protein {ECO:0000250}. Endoplasmic reticulum membrane {ECO:0000250}; Single-pass type I membrane protein {ECO:0000250}.",POR_niepewny
Tmem43,otoczka,True,True,False,True,nazwa,Tmem43,611,3.67,0.015,0.015,0.014,0.059,,,,,0.014,0.011,0.015,0.013,0.012,0.022,0.017,0.015,0.014,3.7,2.67,3.89,3.55,3.35,5.29,3.86,2.8,3.53,SUBCELLULAR LOCATION: Endoplasmic reticulum membrane {ECO:0000250|UniProtKB:Q9BTV4}. Nucleus inner membrane {ECO:0000269|PubMed:18230648}; Multi-pass membrane protein. Cell membrane {ECO:0000250|UniProtKB:Q9BTV4}. Note=Retained in the inner nuclear membrane through interaction with EMD and A- and B-lamins. The N- and C-termini are oriented towards the nucleoplasm. The majority of the hydrophilic d,SUBCELLULAR LOCATION: Endoplasmic reticulum membrane {ECO:0000250|UniProtKB:Q9BTV4}. Nucleus inner membrane {ECO:0000269|PubMed:18230648}; Multi-pass membrane protein. Cell membrane {ECO:0000250|UniProtKB:Q9BTV4}. Note=Retained in the inner nuclear membrane through interaction with EMD and A- and B-lamins. The N- and C-termini are oriented towards the nucleoplasm. The majority of the hydrophilic domain resides in the endoplasmic reticulum lumen. {ECO:0000269|PubMed:18230648}.,INM_niedostepny
Sec13,otoczka,True,True,False,True,nazwa,Sec13,4168,25.06,0.116,0.113,0.125,-0.134,,,,,0.097,0.148,0.112,0.108,0.118,0.104,0.107,0.121,0.129,19.13,34.67,25.97,25.64,23.06,23.14,19.85,21.15,29.18,"SUBCELLULAR LOCATION: Cytoplasmic vesicle, COPII-coated vesicle membrane {ECO:0000250|UniProtKB:P55735}; Peripheral membrane protein {ECO:0000250|UniProtKB:P55735}; Cytoplasmic side {ECO:0000250|UniProtKB:P55735}. Endoplasmic reticulum membrane {ECO:0000250|UniProtKB:P55735}; Peripheral membrane protein {ECO:0000250|UniProtKB:P55735}; Cytoplasmic side {ECO:0000250|UniProtKB:P55735}. Nucleus, nucle","SUBCELLULAR LOCATION: Cytoplasmic vesicle, COPII-coated vesicle membrane {ECO:0000250|UniProtKB:P55735}; Peripheral membrane protein {ECO:0000250|UniProtKB:P55735}; Cytoplasmic side {ECO:0000250|UniProtKB:P55735}. Endoplasmic reticulum membrane {ECO:0000250|UniProtKB:P55735}; Peripheral membrane protein {ECO:0000250|UniProtKB:P55735}; Cytoplasmic side {ECO:0000250|UniProtKB:P55735}. Nucleus, nuclear pore complex {ECO:0000250|UniProtKB:P55735}. Lysosome membrane {ECO:0000250|UniProtKB:P55735}. Note=In interphase, localizes at both sides of the NPC. {ECO:0000250|UniProtKB:P55735}.",ONM_dostepny
Alox5,otoczka,True,True,False,True,nazwa,Alox5,225,1.35,0.005,0.005,0.006,-0.093,,,,,0.005,0.007,0.005,0.006,0.006,0.003,0.002,0.005,0.006,1.13,2.67,1.4,1.61,1.21,0.89,0.55,1.11,1.69,"SUBCELLULAR LOCATION: Cytoplasm {ECO:0000250|UniProtKB:P09917, ECO:0000255|PROSITE-ProRule:PRU00726, ECO:0000269|PubMed:7629107}. Nucleus matrix {ECO:0000269|PubMed:7629107}. Nucleus membrane {ECO:0000250|UniProtKB:P09917}; Peripheral membrane protein {ECO:0000250|UniProtKB:P09917}. Cytoplasm, perinuclear region {ECO:0000250|UniProtKB:P09917}. Cytoplasm, cytosol {ECO:0000250|UniProtKB:P09917}. Nuc","SUBCELLULAR LOCATION: Cytoplasm {ECO:0000250|UniProtKB:P09917, ECO:0000255|PROSITE-ProRule:PRU00726, ECO:0000269|PubMed:7629107}. Nucleus matrix {ECO:0000269|PubMed:7629107}. Nucleus membrane {ECO:0000250|UniProtKB:P09917}; Peripheral membrane protein {ECO:0000250|UniProtKB:P09917}. Cytoplasm, perinuclear region {ECO:0000250|UniProtKB:P09917}. Cytoplasm, cytosol {ECO:0000250|UniProtKB:P09917}. Nucleus envelope {ECO:0000250|UniProtKB:P09917}. Nucleus intermembrane space {ECO:0000250|UniProtKB:P09917}. Note=Shuttles between cytoplasm and nucleus. Found exclusively in the nucleus, when phosphorylated on Ser-272. Calcium binding promotes translocation from the cytosol and the nuclear matrix to the nuclear envelope and membrane association. {ECO:0000250|UniProtKB:P09917}.",NIEOKRESLONY
Iffo1,otoczka,True,True,True,False,nazwa,Iffo1,10854,65.25,0.474,0.458,0.566,-0.3,,,,,0.399,0.644,0.418,0.403,0.44,0.426,0.478,0.595,0.536,53.22,80.0,64.3,63.15,60.86,63.42,57.54,66.68,71.91,"SUBCELLULAR LOCATION: Nucleus {ECO:0000250|UniProtKB:Q0D2I5}. Nucleus, nucleoplasm {ECO:0000250|UniProtKB:Q0D2I5}. Nucleus inner membrane {ECO:0000250|UniProtKB:Q0D2I5}. Nucleus matrix {ECO:0000250|UniProtKB:Q0D2I5}. Note=Mainly soluble, the remaining is localized in the nuclear matrix. Localized at double-strand break (DSB) sites near the lamina and nuclear matrix structures. {ECO:0000250|UniProt","SUBCELLULAR LOCATION: Nucleus {ECO:0000250|UniProtKB:Q0D2I5}. Nucleus, nucleoplasm {ECO:0000250|UniProtKB:Q0D2I5}. Nucleus inner membrane {ECO:0000250|UniProtKB:Q0D2I5}. Nucleus matrix {ECO:0000250|UniProtKB:Q0D2I5}. Note=Mainly soluble, the remaining is localized in the nuclear matrix. Localized at double-strand break (DSB) sites near the lamina and nuclear matrix structures. {ECO:0000250|UniProtKB:Q0D2I5}.",INM_niedostepny
Ccnd2,otoczka,True,True,False,True,nazwa,Ccnd2,51,0.31,0.001,0.001,0.0,0.138,,,,,0.001,0.0,0.002,0.002,0.001,0.001,0.002,0.0,0.001,0.16,0.0,0.34,0.39,0.31,0.32,0.37,0.1,0.36,SUBCELLULAR LOCATION: Nucleus {ECO:0000250|UniProtKB:P30279}. Cytoplasm {ECO:0000250|UniProtKB:P30279}. Nucleus membrane {ECO:0000250|UniProtKB:P30279}. Note=Cyclin D-CDK4 complexes accumulate at the nuclear membrane and are then translocated into the nucleus through interaction with KIP/CIP family members. {ECO:0000250|UniProtKB:P30279}.,SUBCELLULAR LOCATION: Nucleus {ECO:0000250|UniProtKB:P30279}. Cytoplasm {ECO:0000250|UniProtKB:P30279}. Nucleus membrane {ECO:0000250|UniProtKB:P30279}. Note=Cyclin D-CDK4 complexes accumulate at the nuclear membrane and are then translocated into the nucleus through interaction with KIP/CIP family members. {ECO:0000250|UniProtKB:P30279}.,NIEOKRESLONY
Parp11,otoczka,True,True,True,False,nazwa,Parp11,3597,21.62,0.1,0.099,0.106,-0.09,,,,,0.129,0.101,0.103,0.099,0.084,0.099,0.081,0.11,0.102,21.54,29.33,23.96,22.7,18.72,22.82,15.26,18.69,22.44,"SUBCELLULAR LOCATION: Nucleus, nuclear pore complex {ECO:0000250|UniProtKB:Q9NR21}. Note=Colocalizes with NUP153 at nuclear pores. {ECO:0000250|UniProtKB:Q9NR21}.","SUBCELLULAR LOCATION: Nucleus, nuclear pore complex {ECO:0000250|UniProtKB:Q9NR21}. Note=Colocalizes with NUP153 at nuclear pores. {ECO:0000250|UniProtKB:Q9NR21}.",POR_niepewny
Lrmp,otoczka,True,True,False,True,synonim,Irag2,65,0.39,0.002,0.001,0.002,-0.126,,,,,0.002,0.0,0.001,0.001,0.002,0.003,0.001,0.001,0.002,0.48,0.0,0.34,0.39,0.4,0.51,0.18,0.24,0.48,"SUBCELLULAR LOCATION: [Processed inositol 1,4,5-triphosphate receptor associated 2]: Cytoplasm {ECO:0000269|PubMed:8798562}.; SUBCELLULAR LOCATION: Endoplasmic reticulum membrane {ECO:0000269|PubMed:20071408}; Single-pass type IV membrane protein {ECO:0000255}. Nucleus envelope {ECO:0000305|PubMed:29878215}. Cytoplasm, cytoskeleton, microtubule organizing center, centrosome {ECO:0000250|UniProtKB:","SUBCELLULAR LOCATION: [Processed inositol 1,4,5-triphosphate receptor associated 2]: Cytoplasm {ECO:0000269|PubMed:8798562}.; SUBCELLULAR LOCATION: Endoplasmic reticulum membrane {ECO:0000269|PubMed:20071408}; Single-pass type IV membrane protein {ECO:0000255}. Nucleus envelope {ECO:0000305|PubMed:29878215}. Cytoplasm, cytoskeleton, microtubule organizing center, centrosome {ECO:0000250|UniProtKB:Q5RHB5}. Cytoplasm, cytoskeleton, spindle pole {ECO:0000250|UniProtKB:Q5RHB5}. Chromosome {ECO:0000250|UniProtKB:Q5RHB5}. Note=Colocalized with ITPR3 on the endoplasmic reticulum membrane. {ECO:0000269|PubMed:20071408}.",NIEOKRESLONY
Chmp2a,otoczka,True,True,False,True,nazwa,Chmp2a,3266,19.63,0.088,0.095,0.077,0.271,,,,,0.057,0.134,0.086,0.097,0.096,0.108,0.085,0.062,0.092,11.58,34.67,20.66,21.81,20.87,22.75,16.36,11.93,21.18,SUBCELLULAR LOCATION: Late endosome membrane {ECO:0000250|UniProtKB:O43633}; Peripheral membrane protein {ECO:0000250|UniProtKB:O43633}; Cytoplasmic side {ECO:0000250|UniProtKB:O43633}. Cytoplasm {ECO:0000269|PubMed:15173323}. Nucleus envelope {ECO:0000250|UniProtKB:O43633}. Note=Localizes to the midbody of dividing cells. Localized in two distinct rings on either side of the Fleming body. Localiz,SUBCELLULAR LOCATION: Late endosome membrane {ECO:0000250|UniProtKB:O43633}; Peripheral membrane protein {ECO:0000250|UniProtKB:O43633}; Cytoplasmic side {ECO:0000250|UniProtKB:O43633}. Cytoplasm {ECO:0000269|PubMed:15173323}. Nucleus envelope {ECO:0000250|UniProtKB:O43633}. Note=Localizes to the midbody of dividing cells. Localized in two distinct rings on either side of the Fleming body. Localizes to the reforming nuclear envelope on chromatin disks during late anaphase (By similarity). {ECO:0000250|UniProtKB:O43633}.,ONM_dostepny
Pla2g4c,otoczka,True,True,False,True,nazwa,Pla2g4c,307,1.85,0.007,0.006,0.006,0.0,,,,,0.011,0.0,0.006,0.009,0.009,0.006,0.003,0.006,0.007,1.77,0.0,1.71,2.39,2.32,1.72,0.74,1.3,1.98,"SUBCELLULAR LOCATION: Nucleus, nucleoplasm {ECO:0000269|PubMed:15950603}. Nucleus envelope {ECO:0000269|PubMed:15950603}. Cytoplasm, cell cortex {ECO:0000269|PubMed:15950603}. Cytoplasm, cytoskeleton, spindle {ECO:0000269|PubMed:15950603}. Note=In germinal vesicle stage oocytes and early embryos, shows mainly uniform nuclear and cortical expression. During germinal vesicle breakdown, found in inte","SUBCELLULAR LOCATION: Nucleus, nucleoplasm {ECO:0000269|PubMed:15950603}. Nucleus envelope {ECO:0000269|PubMed:15950603}. Cytoplasm, cell cortex {ECO:0000269|PubMed:15950603}. Cytoplasm, cytoskeleton, spindle {ECO:0000269|PubMed:15950603}. Note=In germinal vesicle stage oocytes and early embryos, shows mainly uniform nuclear and cortical expression. During germinal vesicle breakdown, found in intensely stained foci which accumulate near the dissolving nuclear envelope. Also localizes to spindle poles at metaphase II. {ECO:0000269|PubMed:15950603}.",NIEOKRESLONY
Dmpk,otoczka,True,True,False,True,nazwa,Dmpk,540,3.25,0.013,0.015,0.011,0.252,,,,,0.012,0.016,0.013,0.017,0.013,0.013,0.021,0.011,0.011,2.89,5.33,3.33,4.22,3.04,3.76,4.41,2.41,2.95,SUBCELLULAR LOCATION: Sarcoplasmic reticulum membrane. Cell membrane. Note=Localizes to sarcoplasmic reticulum membranes of cardiomyocytes.; SUBCELLULAR LOCATION: [Isoform 1]: Endoplasmic reticulum membrane; Single-pass type IV membrane protein; Cytoplasmic side. Nucleus outer membrane; Single-pass type IV membrane protein; Cytoplasmic side.; SUBCELLULAR LOCATION: [Isoform 8]: Mitochondrion outer ,"SUBCELLULAR LOCATION: Sarcoplasmic reticulum membrane. Cell membrane. Note=Localizes to sarcoplasmic reticulum membranes of cardiomyocytes.; SUBCELLULAR LOCATION: [Isoform 1]: Endoplasmic reticulum membrane; Single-pass type IV membrane protein; Cytoplasmic side. Nucleus outer membrane; Single-pass type IV membrane protein; Cytoplasmic side.; SUBCELLULAR LOCATION: [Isoform 8]: Mitochondrion outer membrane; Single-pass type IV membrane protein.; SUBCELLULAR LOCATION: [Isoform 5]: Cytoplasm, cytosol.",ONM_dostepny
Syne4,otoczka,True,True,True,False,nazwa,Syne4,220,1.32,0.005,0.007,0.004,0.28,,,,,0.003,0.012,0.005,0.006,0.007,0.006,0.008,0.004,0.004,0.64,4.0,1.34,1.5,1.65,1.59,1.84,1.01,1.09,"SUBCELLULAR LOCATION: Nucleus outer membrane {ECO:0000269|PubMed:19164528, ECO:0000269|PubMed:23348741}; Single-pass type IV membrane protein {ECO:0000269|PubMed:19164528, ECO:0000269|PubMed:23348741}. Note=Localization at the nucleus outer membrane location requires the presence of SUN1.","SUBCELLULAR LOCATION: Nucleus outer membrane {ECO:0000269|PubMed:19164528, ECO:0000269|PubMed:23348741}; Single-pass type IV membrane protein {ECO:0000269|PubMed:19164528, ECO:0000269|PubMed:23348741}. Note=Localization at the nucleus outer membrane location requires the presence of SUN1.",ONM_dostepny
Tmem147,otoczka,True,True,False,True,nazwa,Tmem147,6520,39.2,0.211,0.223,0.192,0.206,,,,,0.174,0.299,0.225,0.203,0.234,0.217,0.208,0.168,0.215,30.23,54.67,43.78,40.07,39.01,41.36,33.27,27.57,41.8,SUBCELLULAR LOCATION: Endoplasmic reticulum membrane {ECO:0000250|UniProtKB:Q9BVK8}; Multi-pass membrane protein {ECO:0000255}. Nucleus membrane {ECO:0000250|UniProtKB:Q9BVK8}; Multi-pass membrane protein {ECO:0000255}. Cell membrane {ECO:0000250|UniProtKB:I6VSD2}; Multi-pass membrane protein {ECO:0000255}.,SUBCELLULAR LOCATION: Endoplasmic reticulum membrane {ECO:0000250|UniProtKB:Q9BVK8}; Multi-pass membrane protein {ECO:0000255}. Nucleus membrane {ECO:0000250|UniProtKB:Q9BVK8}; Multi-pass membrane protein {ECO:0000255}. Cell membrane {ECO:0000250|UniProtKB:I6VSD2}; Multi-pass membrane protein {ECO:0000255}.,NIEOKRESLONY
Nup62,otoczka,True,True,False,True,nazwa,Nup62,46,0.28,0.001,0.001,0.001,0.0,,,,,0.001,0.0,0.002,0.001,0.0,0.001,0.002,0.001,0.001,0.32,0.0,0.34,0.39,0.09,0.38,0.55,0.1,0.29,"SUBCELLULAR LOCATION: Nucleus, nuclear pore complex {ECO:0000250|UniProtKB:P37198}. Cytoplasm, cytoskeleton, spindle pole {ECO:0000250|UniProtKB:P37198}. Nucleus envelope {ECO:0000250|UniProtKB:P37198}. Cytoplasm, cytoskeleton, microtubule organizing center, centrosome {ECO:0000250|UniProtKB:P37198}. Note=Central region of the nuclear pore, within the transporter. During mitotic cell division, it ","SUBCELLULAR LOCATION: Nucleus, nuclear pore complex {ECO:0000250|UniProtKB:P37198}. Cytoplasm, cytoskeleton, spindle pole {ECO:0000250|UniProtKB:P37198}. Nucleus envelope {ECO:0000250|UniProtKB:P37198}. Cytoplasm, cytoskeleton, microtubule organizing center, centrosome {ECO:0000250|UniProtKB:P37198}. Note=Central region of the nuclear pore, within the transporter. During mitotic cell division, it associates with the poles of the mitotic spindle. {ECO:0000250|UniProtKB:P37198}.",POR_niepewny
Ccdc155,otoczka,True,True,True,False,synonim,Kash5,192,1.15,0.005,0.005,0.004,0.1,,,,,0.008,0.0,0.005,0.006,0.004,0.005,0.01,0.005,0.003,1.61,0.0,1.31,1.44,1.03,1.27,1.65,0.92,0.92,"SUBCELLULAR LOCATION: Nucleus outer membrane {ECO:0000269|PubMed:24062341, ECO:0000269|PubMed:26842404}; Single-pass type IV membrane protein {ECO:0000305}; Cytoplasmic side {ECO:0000305}. Nucleus {ECO:0000269|PubMed:22826121}. Chromosome, telomere {ECO:0000269|PubMed:22826121}. Nucleus envelope {ECO:0000250|UniProtKB:Q8N6L0}. Note=Localized exclusively at telomeres from the leptotene to diplotene","SUBCELLULAR LOCATION: Nucleus outer membrane {ECO:0000269|PubMed:24062341, ECO:0000269|PubMed:26842404}; Single-pass type IV membrane protein {ECO:0000305}; Cytoplasmic side {ECO:0000305}. Nucleus {ECO:0000269|PubMed:22826121}. Chromosome, telomere {ECO:0000269|PubMed:22826121}. Nucleus envelope {ECO:0000250|UniProtKB:Q8N6L0}. Note=Localized exclusively at telomeres from the leptotene to diplotene stages. Colocalizes with SUN2 at sites of telomere attachment in meiocytes. At oocyte MI stage localized around the spindle, at MII stage localized to the spindle poles. {ECO:0000269|PubMed:24586178, ECO:0000269|PubMed:26842404}.",ONM_dostepny
Nell1,otoczka,True,True,False,True,nazwa,Nell1,16609,99.85,14.096,13.424,12.734,0.076,,,,,13.221,6.941,15.725,14.507,13.055,16.622,13.894,12.036,13.432,100.0,98.67,99.94,99.89,99.55,99.75,99.82,99.86,99.95,SUBCELLULAR LOCATION: Cytoplasm {ECO:0000250|UniProtKB:Q92832}. Nucleus envelope {ECO:0000250|UniProtKB:Q92832}. Secreted {ECO:0000250|UniProtKB:Q62919}. Note=Colocalizes with ATRAID on the nuclear envelope and the perinuclear region. {ECO:0000250|UniProtKB:Q92832}.,SUBCELLULAR LOCATION: Cytoplasm {ECO:0000250|UniProtKB:Q92832}. Nucleus envelope {ECO:0000250|UniProtKB:Q92832}. Secreted {ECO:0000250|UniProtKB:Q62919}. Note=Colocalizes with ATRAID on the nuclear envelope and the perinuclear region. {ECO:0000250|UniProtKB:Q92832}.,NIEOKRESLONY
Nup98,otoczka,True,True,True,False,nazwa,Nup98,13727,82.52,0.861,0.857,0.832,0.042,,,,,0.916,0.804,0.903,0.883,0.85,0.886,0.757,0.833,0.832,80.87,84.0,85.02,85.02,80.03,85.09,72.61,76.97,83.97,"SUBCELLULAR LOCATION: Nucleus membrane {ECO:0000250|UniProtKB:P52948}; Peripheral membrane protein {ECO:0000250|UniProtKB:P52948}; Nucleoplasmic side {ECO:0000250|UniProtKB:P52948}. Nucleus, nuclear pore complex {ECO:0000250|UniProtKB:P52948}. Nucleus, nucleoplasm {ECO:0000250|UniProtKB:P52948}. Note=Localized to the nucleoplasmic side of the nuclear pore complex (NPC), at or near the nucleoplasmi","SUBCELLULAR LOCATION: Nucleus membrane {ECO:0000250|UniProtKB:P52948}; Peripheral membrane protein {ECO:0000250|UniProtKB:P52948}; Nucleoplasmic side {ECO:0000250|UniProtKB:P52948}. Nucleus, nuclear pore complex {ECO:0000250|UniProtKB:P52948}. Nucleus, nucleoplasm {ECO:0000250|UniProtKB:P52948}. Note=Localized to the nucleoplasmic side of the nuclear pore complex (NPC), at or near the nucleoplasmic basket. Dissociates from the disassembled NPC structure early during prophase of mitosis. Colocalized with NUP153 and TPR to the nuclear basket of NPC. Colocalized with DHX9 in diffuse and discrete intranuclear foci (GLFG-body). Remains localized to the nuclear membrane after poliovirus (PV) infection. {ECO:0000250|UniProtKB:P52948}.",INM_niedostepny
Nucb2,otoczka,True,True,False,True,nazwa,Nucb2,855,5.14,0.02,0.021,0.017,0.199,,,,,0.028,0.02,0.022,0.023,0.018,0.022,0.014,0.014,0.02,5.95,8.0,6.09,5.72,4.42,6.18,3.12,2.99,5.22,SUBCELLULAR LOCATION: Cytoplasm {ECO:0000269|PubMed:10915798}. Perikaryon {ECO:0000269|PubMed:10915798}. Endoplasmic reticulum {ECO:0000269|PubMed:10915798}. Golgi apparatus {ECO:0000250}. Nucleus envelope {ECO:0000269|PubMed:10915798}. Membrane {ECO:0000250}; Peripheral membrane protein {ECO:0000250}. Secreted {ECO:0000269|PubMed:10915798}. Note=In dendrites and perikarya of brain neurons. Abunda,"SUBCELLULAR LOCATION: Cytoplasm {ECO:0000269|PubMed:10915798}. Perikaryon {ECO:0000269|PubMed:10915798}. Endoplasmic reticulum {ECO:0000269|PubMed:10915798}. Golgi apparatus {ECO:0000250}. Nucleus envelope {ECO:0000269|PubMed:10915798}. Membrane {ECO:0000250}; Peripheral membrane protein {ECO:0000250}. Secreted {ECO:0000269|PubMed:10915798}. Note=In dendrites and perikarya of brain neurons. Abundant in the ER cisternae and nuclear envelope, but not detected in Golgi, mitochondria or nucleoplasm in neurons. In cell culture, cytoplasmic and secreted.; SUBCELLULAR LOCATION: [Nesfatin-1]: Secreted {ECO:0000250}.",NIEOKRESLONY
Prr14,otoczka,True,True,True,False,nazwa,Prr14,11292,67.89,0.518,0.538,0.474,0.179,,,,,0.599,0.516,0.527,0.573,0.517,0.535,0.502,0.442,0.507,69.13,81.33,71.88,73.42,65.15,70.49,58.82,56.16,69.15,"SUBCELLULAR LOCATION: Chromosome {ECO:0000250|UniProtKB:Q9BWN1}. Nucleus {ECO:0000250|UniProtKB:Q9BWN1}. Nucleus lamina {ECO:0000250|UniProtKB:Q9BWN1}. Nucleus, nucleoplasm {ECO:0000250|UniProtKB:Q9BWN1}. Note=During interphase, associated with peripheral heterochromatin at the nuclear lamina. Released from the nuclear lamina in mitotic prophase and remains highly dispersed in metaphase. Associate","SUBCELLULAR LOCATION: Chromosome {ECO:0000250|UniProtKB:Q9BWN1}. Nucleus {ECO:0000250|UniProtKB:Q9BWN1}. Nucleus lamina {ECO:0000250|UniProtKB:Q9BWN1}. Nucleus, nucleoplasm {ECO:0000250|UniProtKB:Q9BWN1}. Note=During interphase, associated with peripheral heterochromatin at the nuclear lamina. Released from the nuclear lamina in mitotic prophase and remains highly dispersed in metaphase. Associates with chromatin at the onset of anaphase and relocalizes to the nuclear lamina in telophase. {ECO:0000250|UniProtKB:Q9BWN1}.",INM_niedostepny
Nlrp6,otoczka,True,True,False,True,nazwa,Nlrp6,12,0.07,0.0,0.0,0.0,0.0,,,,,0.0,0.0,0.0,0.0,0.0,0.001,0.001,0.001,0.0,0.0,0.0,0.03,0.0,0.0,0.25,0.18,0.14,0.07,"SUBCELLULAR LOCATION: Cytoplasm {ECO:0000250|UniProtKB:Q63035}. Inflammasome {ECO:0000269|PubMed:30248149, ECO:0000269|PubMed:34678144}.; SUBCELLULAR LOCATION: [Isoform 1]: Cytoplasm {ECO:0000250|UniProtKB:Q63035}. Inflammasome {ECO:0000250|UniProtKB:P59044}. Cell membrane {ECO:0000250|UniProtKB:Q63035}. Nucleus membrane {ECO:0000250|UniProtKB:Q63035}.; SUBCELLULAR LOCATION: [Isoform 2]: Cytoplasm","SUBCELLULAR LOCATION: Cytoplasm {ECO:0000250|UniProtKB:Q63035}. Inflammasome {ECO:0000269|PubMed:30248149, ECO:0000269|PubMed:34678144}.; SUBCELLULAR LOCATION: [Isoform 1]: Cytoplasm {ECO:0000250|UniProtKB:Q63035}. Inflammasome {ECO:0000250|UniProtKB:P59044}. Cell membrane {ECO:0000250|UniProtKB:Q63035}. Nucleus membrane {ECO:0000250|UniProtKB:Q63035}.; SUBCELLULAR LOCATION: [Isoform 2]: Cytoplasm {ECO:0000250|UniProtKB:Q63035}. Cell membrane {ECO:0000250|UniProtKB:Q63035}. Note=Predominantly expressed in the cell membrane. {ECO:0000250|UniProtKB:Q63035}.",NIEOKRESLONY
Ccnd1,otoczka,True,True,False,True,nazwa,Ccnd1,556,3.34,0.015,0.015,0.016,-0.057,,,,,0.015,0.017,0.016,0.012,0.015,0.012,0.017,0.021,0.012,3.22,4.0,3.89,3.11,3.13,3.06,4.04,3.86,2.85,SUBCELLULAR LOCATION: Nucleus {ECO:0000269|PubMed:19767775}. Cytoplasm {ECO:0000250|UniProtKB:P24385}. Nucleus membrane {ECO:0000250|UniProtKB:P24385}. Note=Cyclin D-CDK4 complexes accumulate at the nuclear membrane and are then translocated into the nucleus through interaction with KIP/CIP family members. {ECO:0000250|UniProtKB:P24385}.,SUBCELLULAR LOCATION: Nucleus {ECO:0000269|PubMed:19767775}. Cytoplasm {ECO:0000250|UniProtKB:P24385}. Nucleus membrane {ECO:0000250|UniProtKB:P24385}. Note=Cyclin D-CDK4 complexes accumulate at the nuclear membrane and are then translocated into the nucleus through interaction with KIP/CIP family members. {ECO:0000250|UniProtKB:P24385}.,NIEOKRESLONY
Syne1,otoczka,True,True,False,True,nazwa,Syne1,16154,97.11,2.312,2.245,2.442,-0.121,,,,,1.972,2.402,2.252,2.29,2.201,2.362,2.234,2.506,2.377,93.25,97.33,97.51,98.06,95.71,97.2,95.22,97.3,97.82,"SUBCELLULAR LOCATION: Nucleus outer membrane {ECO:0000305}; Single-pass type IV membrane protein {ECO:0000305}; Cytoplasmic side {ECO:0000305}. Nucleus. Nucleus envelope. Cytoplasm, cytoskeleton. Cytoplasm, myofibril, sarcomere {ECO:0000250}. Note=The largest part of the protein is cytoplasmic, while its C-terminal part is associated with the nuclear envelope, most probably the outer nuclear membr","SUBCELLULAR LOCATION: Nucleus outer membrane {ECO:0000305}; Single-pass type IV membrane protein {ECO:0000305}; Cytoplasmic side {ECO:0000305}. Nucleus. Nucleus envelope. Cytoplasm, cytoskeleton. Cytoplasm, myofibril, sarcomere {ECO:0000250}. Note=The largest part of the protein is cytoplasmic, while its C-terminal part is associated with the nuclear envelope, most probably the outer nuclear membrane. In skeletal and smooth muscles, a significant amount is found in the sarcomeres (By similarity). {ECO:0000250}.",ONM_dostepny
Myct1,otoczka,True,True,True,False,nazwa,Myct1,57,0.34,0.001,0.002,0.001,0.126,,,,,0.002,0.0,0.001,0.002,0.002,0.001,0.003,0.001,0.001,0.48,0.0,0.42,0.55,0.49,0.25,0.74,0.14,0.17,SUBCELLULAR LOCATION: Nucleus membrane {ECO:0000305}; Single-pass membrane protein {ECO:0000305}.,SUBCELLULAR LOCATION: Nucleus membrane {ECO:0000305}; Single-pass membrane protein {ECO:0000305}.,NIEOKRESLONY
Nup43,otoczka,True,True,True,False,nazwa,Nup43,5357,32.21,0.174,0.178,0.167,0.087,,,,,0.183,0.166,0.176,0.179,0.184,0.165,0.19,0.166,0.168,28.3,40.0,34.3,34.52,31.68,33.21,29.04,26.03,33.24,"SUBCELLULAR LOCATION: Chromosome, centromere, kinetochore {ECO:0000250}. Nucleus, nuclear pore complex {ECO:0000250}.","SUBCELLULAR LOCATION: Chromosome, centromere, kinetochore {ECO:0000250}. Nucleus, nuclear pore complex {ECO:0000250}.",POR_niepewny
Ranbp2,otoczka,True,True,True,False,nazwa,Ranbp2,13809,83.02,0.933,0.946,0.931,0.023,,,,,0.824,1.126,0.928,0.904,0.876,1.092,0.871,0.91,0.952,75.56,94.67,85.16,83.19,79.76,87.0,76.84,78.9,85.13,"SUBCELLULAR LOCATION: Nucleus {ECO:0000250|UniProtKB:P49792}. Nucleus membrane {ECO:0000250|UniProtKB:P49792}. Nucleus, nuclear pore complex {ECO:0000250|UniProtKB:P49792}. Nucleus envelope {ECO:0000250|UniProtKB:P49792}. Note=Detected in diffuse and discrete intranuclear foci. Cytoplasmic filaments. {ECO:0000250|UniProtKB:P49792}.","SUBCELLULAR LOCATION: Nucleus {ECO:0000250|UniProtKB:P49792}. Nucleus membrane {ECO:0000250|UniProtKB:P49792}. Nucleus, nuclear pore complex {ECO:0000250|UniProtKB:P49792}. Nucleus envelope {ECO:0000250|UniProtKB:P49792}. Note=Detected in diffuse and discrete intranuclear foci. Cytoplasmic filaments. {ECO:0000250|UniProtKB:P49792}.",POR_niepewny
Dnajb12,otoczka,True,True,False,True,nazwa,Dnajb12,4778,28.72,0.142,0.157,0.132,0.234,,,,,0.17,0.187,0.135,0.143,0.145,0.153,0.165,0.121,0.142,29.58,42.67,29.77,30.36,26.85,32.38,26.65,21.29,30.34,"SUBCELLULAR LOCATION: Endoplasmic reticulum membrane {ECO:0000250|UniProtKB:Q9NXW2}; Single-pass membrane protein {ECO:0000255}. Nucleus membrane {ECO:0000250|UniProtKB:Q9NXW2}; Single-pass membrane protein {ECO:0000250|UniProtKB:Q9NXW2}. Note=Localizes to the endoplasmic reticulum membrane. When overexpressed, forms membranous structures in the nucleus. {ECO:0000250|UniProtKB:Q9NXW2}.","SUBCELLULAR LOCATION: Endoplasmic reticulum membrane {ECO:0000250|UniProtKB:Q9NXW2}; Single-pass membrane protein {ECO:0000255}. Nucleus membrane {ECO:0000250|UniProtKB:Q9NXW2}; Single-pass membrane protein {ECO:0000250|UniProtKB:Q9NXW2}. Note=Localizes to the endoplasmic reticulum membrane. When overexpressed, forms membranous structures in the nucleus. {ECO:0000250|UniProtKB:Q9NXW2}.",NIEOKRESLONY
Mcm3ap,otoczka,True,True,False,True,nazwa,Mcm3ap,4914,29.54,0.14,0.146,0.137,0.086,,,,,0.142,0.169,0.137,0.14,0.14,0.146,0.149,0.132,0.142,25.08,38.67,31.03,31.47,28.37,33.46,25.18,22.5,31.17,"SUBCELLULAR LOCATION: Cytoplasm {ECO:0000269|PubMed:10733502, ECO:0000269|PubMed:20507984}. Nucleus {ECO:0000269|PubMed:10733502, ECO:0000269|PubMed:20507984}. Nucleus envelope {ECO:0000250|UniProtKB:O60318}. Nucleus, nuclear pore complex {ECO:0000250|UniProtKB:O60318}. Nucleus, nucleoplasm {ECO:0000250|UniProtKB:O60318}. Chromosome {ECO:0000250|UniProtKB:O60318}. Note=In stimulated B-cells, selec","SUBCELLULAR LOCATION: Cytoplasm {ECO:0000269|PubMed:10733502, ECO:0000269|PubMed:20507984}. Nucleus {ECO:0000269|PubMed:10733502, ECO:0000269|PubMed:20507984}. Nucleus envelope {ECO:0000250|UniProtKB:O60318}. Nucleus, nuclear pore complex {ECO:0000250|UniProtKB:O60318}. Nucleus, nucleoplasm {ECO:0000250|UniProtKB:O60318}. Chromosome {ECO:0000250|UniProtKB:O60318}. Note=In stimulated B-cells, selectively targeted to immunoglobulin gene variable regions (PubMed:20507984). Predominantly located at the nuclear envelope, facing the nucleus interior (By similarity). Localization at the nuclear pore complex requires NUP153, TPR and ALYREF/ALY (By similarity). Also found associated with chromatin (PubMed:23652018). In B-cells, targeted to the immunoglobulin variable region genes (PubMed:20507984, PubMed:23652018). {ECO:0000250|UniProtKB:O60318, ECO:0000269|PubMed:20507984, ECO:0000269|PubMed:23652018}.",POR_niepewny
Agpat3,otoczka,True,True,False,True,nazwa,Agpat3,9792,58.87,0.38,0.392,0.376,0.059,,,,,0.437,0.43,0.372,0.397,0.365,0.374,0.372,0.358,0.393,57.4,70.67,61.39,62.1,54.83,60.04,51.65,50.31,62.26,SUBCELLULAR LOCATION: Endoplasmic reticulum membrane {ECO:0000269|PubMed:19114731}; Multi-pass membrane protein {ECO:0000255}. Nucleus envelope {ECO:0000250|UniProtKB:Q9NRZ7}.,SUBCELLULAR LOCATION: Endoplasmic reticulum membrane {ECO:0000269|PubMed:19114731}; Multi-pass membrane protein {ECO:0000255}. Nucleus envelope {ECO:0000250|UniProtKB:Q9NRZ7}.,NIEOKRESLONY
Lmnb2,otoczka,True,True,True,False,nazwa,Lmnb2,1515,9.11,0.038,0.04,0.035,0.152,,,,,0.042,0.038,0.038,0.044,0.039,0.045,0.034,0.032,0.037,9.16,12.0,9.81,10.71,8.09,10.77,6.8,6.33,9.36,SUBCELLULAR LOCATION: Nucleus lamina {ECO:0000269|PubMed:28241138}.,SUBCELLULAR LOCATION: Nucleus lamina {ECO:0000269|PubMed:28241138}.,INM_niedostepny
Nup37,otoczka,True,True,True,False,nazwa,Nup37,2553,15.35,0.068,0.068,0.066,0.037,,,,,0.077,0.06,0.066,0.076,0.071,0.071,0.053,0.064,0.069,14.31,20.0,16.47,17.04,15.15,15.87,9.93,11.35,16.34,"SUBCELLULAR LOCATION: Chromosome, centromere, kinetochore {ECO:0000250}. Nucleus, nuclear pore complex {ECO:0000250}.","SUBCELLULAR LOCATION: Chromosome, centromere, kinetochore {ECO:0000250}. Nucleus, nuclear pore complex {ECO:0000250}.",POR_niepewny
Tmpo,otoczka,True,True,True,False,nazwa,Tmpo,2920,17.55,0.077,0.079,0.07,0.154,,,,,0.078,0.074,0.078,0.085,0.084,0.084,0.069,0.065,0.074,13.02,21.33,18.81,20.31,18.32,18.99,13.6,12.7,17.87,SUBCELLULAR LOCATION: Nucleus inner membrane {ECO:0000250}; Single-pass type II membrane protein {ECO:0000250}. Chromosome {ECO:0000250}. Note=Tightly associated with the nuclear lamina. {ECO:0000250}.,SUBCELLULAR LOCATION: Nucleus inner membrane {ECO:0000250}; Single-pass type II membrane protein {ECO:0000250}. Chromosome {ECO:0000250}. Note=Tightly associated with the nuclear lamina. {ECO:0000250}.,INM_niedostepny
Nav3,otoczka,True,True,False,True,nazwa,Nav3,13756,82.7,2.504,3.923,0.564,2.777,Aldoc_3,1.264,0.0,44.71,5.132,4.591,3.939,3.106,3.057,3.56,4.073,0.426,0.701,99.04,98.67,98.07,92.06,90.3,97.07,97.43,48.48,68.21,"SUBCELLULAR LOCATION: Nucleus outer membrane {ECO:0000269|PubMed:12062803}. Cytoplasm, cytoskeleton {ECO:0000250|UniProtKB:Q8IVL0}.","SUBCELLULAR LOCATION: Nucleus outer membrane {ECO:0000269|PubMed:12062803}. Cytoplasm, cytoskeleton {ECO:0000250|UniProtKB:Q8IVL0}.",ONM_dostepny
Osbpl8,otoczka,True,True,False,True,nazwa,Osbpl8,11849,71.23,0.591,0.645,0.547,0.234,Aldoc_1,0.71,1.2919398114779014e-31,12.02,0.945,0.553,0.57,0.624,0.575,0.656,0.595,0.543,0.551,82.32,76.0,73.05,74.08,68.99,77.5,64.89,61.18,71.37,SUBCELLULAR LOCATION: Endoplasmic reticulum membrane {ECO:0000250|UniProtKB:Q9BZF1}; Single-pass membrane protein {ECO:0000250|UniProtKB:Q9BZF1}. Nucleus membrane {ECO:0000250|UniProtKB:Q9BZF1}. Note=The presence of the N-terminus extension contains an overall negative charge that may explain the weak localization to the cortical endoplasmic reticulum. {ECO:0000250|UniProtKB:Q9BZF1}.,SUBCELLULAR LOCATION: Endoplasmic reticulum membrane {ECO:0000250|UniProtKB:Q9BZF1}; Single-pass membrane protein {ECO:0000250|UniProtKB:Q9BZF1}. Nucleus membrane {ECO:0000250|UniProtKB:Q9BZF1}. Note=The presence of the N-terminus extension contains an overall negative charge that may explain the weak localization to the cortical endoplasmic reticulum. {ECO:0000250|UniProtKB:Q9BZF1}.,NIEOKRESLONY
Nup107,otoczka,True,True,True,False,nazwa,Nup107,4137,24.87,0.12,0.116,0.123,-0.078,,,,,0.117,0.096,0.114,0.111,0.12,0.123,0.132,0.122,0.124,20.58,28.0,25.69,24.97,23.28,25.75,20.77,21.39,27.51,"SUBCELLULAR LOCATION: Nucleus membrane {ECO:0000250|UniProtKB:P57740}. Nucleus, nuclear pore complex {ECO:0000250|UniProtKB:P57740}. Chromosome, centromere, kinetochore {ECO:0000250|UniProtKB:P57740}. Note=Located on both the cytoplasmic and nuclear sides of the NPC core structure. During mitosis, localizes to the kinetochores. Dissociates from the disassembled NPC structure late during prophase o","SUBCELLULAR LOCATION: Nucleus membrane {ECO:0000250|UniProtKB:P57740}. Nucleus, nuclear pore complex {ECO:0000250|UniProtKB:P57740}. Chromosome, centromere, kinetochore {ECO:0000250|UniProtKB:P57740}. Note=Located on both the cytoplasmic and nuclear sides of the NPC core structure. During mitosis, localizes to the kinetochores. Dissociates from the disassembled NPC structure late during prophase of mitosis. {ECO:0000250|UniProtKB:P57740}.",POR_niepewny
Lemd3,otoczka,True,True,True,False,nazwa,Lemd3,8559,51.45,0.31,0.316,0.311,0.022,,,,,0.335,0.3,0.302,0.306,0.312,0.331,0.329,0.325,0.297,47.75,62.67,53.31,53.33,50.4,53.98,47.43,46.06,52.22,SUBCELLULAR LOCATION: Nucleus inner membrane; Multi-pass membrane protein.,SUBCELLULAR LOCATION: Nucleus inner membrane; Multi-pass membrane protein.,INM_niedostepny
Cdk4,otoczka,True,True,False,True,nazwa,Cdk4,2041,12.27,0.051,0.053,0.042,0.277,,,,,0.059,0.032,0.052,0.059,0.059,0.05,0.06,0.039,0.045,11.9,13.33,13.73,14.59,13.36,12.56,11.4,7.48,11.85,SUBCELLULAR LOCATION: Cytoplasm {ECO:0000250|UniProtKB:P11802}. Nucleus {ECO:0000250|UniProtKB:P11802}. Nucleus membrane {ECO:0000250|UniProtKB:P11802}. Note=Cytoplasmic when non-complexed. Forms a cyclin D-CDK4 complex in the cytoplasm as cells progress through G(1) phase. The complex accumulates on the nuclear membrane and enters the nucleus on transition from G(1) to S phase. Also present in nu,SUBCELLULAR LOCATION: Cytoplasm {ECO:0000250|UniProtKB:P11802}. Nucleus {ECO:0000250|UniProtKB:P11802}. Nucleus membrane {ECO:0000250|UniProtKB:P11802}. Note=Cytoplasmic when non-complexed. Forms a cyclin D-CDK4 complex in the cytoplasm as cells progress through G(1) phase. The complex accumulates on the nuclear membrane and enters the nucleus on transition from G(1) to S phase. Also present in nucleoli and heterochromatin lumps. Colocalizes with RB1 after release into the nucleus (By similarity). {ECO:0000250|UniProtKB:P11802}.,NIEOKRESLONY
Tmem194,otoczka,True,True,True,False,synonim,Nemp1,2489,14.96,0.072,0.072,0.073,-0.017,,,,,0.075,0.072,0.071,0.077,0.075,0.061,0.075,0.075,0.071,11.74,21.33,15.26,17.15,13.94,14.15,14.15,13.38,15.88,"SUBCELLULAR LOCATION: Nucleus inner membrane {ECO:0000269|PubMed:25946333}; Multi-pass membrane protein {ECO:0000255}; Nucleoplasmic side {ECO:0000250|UniProtKB:B9X187}. Nucleus envelope {ECO:0000269|PubMed:25946333, ECO:0000269|PubMed:36215313}. Note=Colocalizes with lamins and RAN-GTP at the nuclear envelope. {ECO:0000269|PubMed:25946333}.","SUBCELLULAR LOCATION: Nucleus inner membrane {ECO:0000269|PubMed:25946333}; Multi-pass membrane protein {ECO:0000255}; Nucleoplasmic side {ECO:0000250|UniProtKB:B9X187}. Nucleus envelope {ECO:0000269|PubMed:25946333, ECO:0000269|PubMed:36215313}. Note=Colocalizes with lamins and RAN-GTP at the nuclear envelope. {ECO:0000269|PubMed:25946333}.",INM_niedostepny
Pcid2,otoczka,True,True,False,True,nazwa,Pcid2,5195,31.23,0.153,0.16,0.14,0.181,,,,,0.148,0.164,0.148,0.166,0.16,0.164,0.173,0.129,0.152,26.05,41.33,32.88,34.18,31.05,34.1,26.47,22.65,33.05,"SUBCELLULAR LOCATION: Cytoplasm {ECO:0000250|UniProtKB:Q5JVF3}. Nucleus, nuclear pore complex {ECO:0000250|UniProtKB:Q5JVF3}.","SUBCELLULAR LOCATION: Cytoplasm {ECO:0000250|UniProtKB:Q5JVF3}. Nucleus, nuclear pore complex {ECO:0000250|UniProtKB:Q5JVF3}.",POR_niepewny
Agpat5,otoczka,True,True,False,True,nazwa,Agpat5,10394,62.49,0.436,0.446,0.428,0.058,,,,,0.425,0.598,0.45,0.443,0.427,0.417,0.36,0.394,0.463,56.75,78.67,67.63,65.26,59.79,62.33,49.45,51.52,66.13,SUBCELLULAR LOCATION: Endoplasmic reticulum membrane {ECO:0000250|UniProtKB:Q9NUQ2}; Multi-pass membrane protein {ECO:0000255}. Nucleus envelope {ECO:0000250|UniProtKB:Q9NUQ2}. Mitochondrion {ECO:0000250|UniProtKB:Q9NUQ2}.,SUBCELLULAR LOCATION: Endoplasmic reticulum membrane {ECO:0000250|UniProtKB:Q9NUQ2}; Multi-pass membrane protein {ECO:0000255}. Nucleus envelope {ECO:0000250|UniProtKB:Q9NUQ2}. Mitochondrion {ECO:0000250|UniProtKB:Q9NUQ2}.,NIEOKRESLONY
Tnks,otoczka,True,True,False,True,nazwa,Tnks,11437,68.76,0.521,0.532,0.536,-0.011,,,,,0.499,0.601,0.49,0.53,0.501,0.563,0.539,0.546,0.525,59.0,76.0,69.28,71.7,65.82,74.51,61.76,62.34,71.91,"SUBCELLULAR LOCATION: Cytoplasm {ECO:0000250|UniProtKB:O95271}. Golgi apparatus membrane {ECO:0000250|UniProtKB:O95271}; Peripheral membrane protein {ECO:0000250|UniProtKB:O95271}. Cytoplasm, cytoskeleton, microtubule organizing center, centrosome {ECO:0000250|UniProtKB:O95271}. Nucleus, nuclear pore complex {ECO:0000250|UniProtKB:O95271}. Chromosome, telomere {ECO:0000250|UniProtKB:O95271}. Cytop","SUBCELLULAR LOCATION: Cytoplasm {ECO:0000250|UniProtKB:O95271}. Golgi apparatus membrane {ECO:0000250|UniProtKB:O95271}; Peripheral membrane protein {ECO:0000250|UniProtKB:O95271}. Cytoplasm, cytoskeleton, microtubule organizing center, centrosome {ECO:0000250|UniProtKB:O95271}. Nucleus, nuclear pore complex {ECO:0000250|UniProtKB:O95271}. Chromosome, telomere {ECO:0000250|UniProtKB:O95271}. Cytoplasm, cytoskeleton, spindle pole {ECO:0000250|UniProtKB:O95271}. Note=Associated with the Golgi and with juxtanuclear SLC2A4/GLUT4-vesicles. A minor proportion is also found at nuclear pore complexes and around the pericentriolar matrix of mitotic centromeres. During interphase, a small fraction of TNKS is found in the nucleus, associated with TERF1. Localizes to spindle poles at mitosis onset via interaction with NUMA1. {ECO:0000250|UniProtKB:O95271}.",POR_niepewny
Tmem38a,otoczka,True,True,True,False,nazwa,Tmem38a,11330,68.11,0.518,0.53,0.495,0.097,,,,,0.521,0.584,0.531,0.534,0.509,0.538,0.495,0.467,0.523,65.11,78.67,72.16,70.92,65.46,71.19,60.48,56.69,70.65,SUBCELLULAR LOCATION: Sarcoplasmic reticulum membrane {ECO:0000250|UniProtKB:A5A6S6}; Multi-pass membrane protein {ECO:0000250|UniProtKB:A5A6S6}. Nucleus membrane {ECO:0000250|UniProtKB:A5A6S6}.,SUBCELLULAR LOCATION: Sarcoplasmic reticulum membrane {ECO:0000250|UniProtKB:A5A6S6}; Multi-pass membrane protein {ECO:0000250|UniProtKB:A5A6S6}. Nucleus membrane {ECO:0000250|UniProtKB:A5A6S6}.,NIEOKRESLONY
Cnep1r1,otoczka,True,True,False,True,nazwa,Cnep1r1,8322,50.03,0.292,0.293,0.274,0.093,,,,,0.25,0.282,0.283,0.316,0.305,0.312,0.305,0.248,0.3,40.68,61.33,51.36,55.55,49.51,54.68,44.49,37.81,53.05,SUBCELLULAR LOCATION: Nucleus membrane {ECO:0000250}; Multi-pass membrane protein {ECO:0000250}. Cytoplasm {ECO:0000250}. Note=Filamentous pattern in the cytoplasm. {ECO:0000250}.,SUBCELLULAR LOCATION: Nucleus membrane {ECO:0000250}; Multi-pass membrane protein {ECO:0000250}. Cytoplasm {ECO:0000250}. Note=Filamentous pattern in the cytoplasm. {ECO:0000250}.,NIEOKRESLONY
Nup93,otoczka,True,True,True,False,nazwa,Nup93,15880,95.47,2.257,2.187,2.184,0.002,,,,,1.853,2.08,2.329,2.349,2.119,2.645,1.933,2.105,2.264,91.16,96.0,96.92,96.78,93.25,96.88,89.52,93.14,96.88,"SUBCELLULAR LOCATION: Nucleus membrane {ECO:0000250|UniProtKB:Q66HC5}; Peripheral membrane protein {ECO:0000250|UniProtKB:Q66HC5}. Nucleus, nuclear pore complex {ECO:0000250|UniProtKB:Q8N1F7}. Nucleus envelope {ECO:0000269|PubMed:26878725}. Note=Localizes at the nuclear basket and at or near the nuclear entry to the gated channel of the pore. {ECO:0000250}.","SUBCELLULAR LOCATION: Nucleus membrane {ECO:0000250|UniProtKB:Q66HC5}; Peripheral membrane protein {ECO:0000250|UniProtKB:Q66HC5}. Nucleus, nuclear pore complex {ECO:0000250|UniProtKB:Q8N1F7}. Nucleus envelope {ECO:0000269|PubMed:26878725}. Note=Localizes at the nuclear basket and at or near the nuclear entry to the gated channel of the pore. {ECO:0000250}.",POR_niepewny
Ccdc79,otoczka,True,True,True,False,synonim,Terb1,2994,18.0,0.094,0.108,0.079,0.407,,,,,0.122,0.151,0.109,0.106,0.092,0.087,0.087,0.072,0.086,19.77,22.67,21.22,21.14,16.8,18.16,15.26,12.31,17.29,"SUBCELLULAR LOCATION: Chromosome, telomere {ECO:0000269|PubMed:24413433, ECO:0000269|PubMed:24885367}. Nucleus inner membrane {ECO:0000269|PubMed:26548954}. Note=Localizes to telomeres during meiotic prophase (PubMed:24413433). In leptotene spermatocytes, localizes to telomeres that localize to the nucleus inner membrane (PubMed:26548954). {ECO:0000269|PubMed:24413433, ECO:0000269|PubMed:26548954}","SUBCELLULAR LOCATION: Chromosome, telomere {ECO:0000269|PubMed:24413433, ECO:0000269|PubMed:24885367}. Nucleus inner membrane {ECO:0000269|PubMed:26548954}. Note=Localizes to telomeres during meiotic prophase (PubMed:24413433). In leptotene spermatocytes, localizes to telomeres that localize to the nucleus inner membrane (PubMed:26548954). {ECO:0000269|PubMed:24413433, ECO:0000269|PubMed:26548954}.",INM_niedostepny
Nutf2,otoczka,True,True,False,True,nazwa,Nutf2,7947,47.78,0.271,0.267,0.273,-0.031,,,,,0.243,0.332,0.259,0.278,0.264,0.277,0.219,0.244,0.302,39.55,62.67,49.18,51.39,44.41,50.92,34.93,37.61,53.36,"SUBCELLULAR LOCATION: Cytoplasm, cytosol {ECO:0000250|UniProtKB:P61970}. Nucleus outer membrane {ECO:0000250|UniProtKB:P61972}. Nucleus, nuclear pore complex {ECO:0000250|UniProtKB:P61972}. Nucleus inner membrane {ECO:0000250|UniProtKB:P61972}. Nucleus, nucleoplasm {ECO:0000250|UniProtKB:P61970}. Note=At steady state it is essentially nucleoplasmic, enriched in nucleoplasmic foci. {ECO:0000250|Uni","SUBCELLULAR LOCATION: Cytoplasm, cytosol {ECO:0000250|UniProtKB:P61970}. Nucleus outer membrane {ECO:0000250|UniProtKB:P61972}. Nucleus, nuclear pore complex {ECO:0000250|UniProtKB:P61972}. Nucleus inner membrane {ECO:0000250|UniProtKB:P61972}. Nucleus, nucleoplasm {ECO:0000250|UniProtKB:P61970}. Note=At steady state it is essentially nucleoplasmic, enriched in nucleoplasmic foci. {ECO:0000250|UniProtKB:P61970}.",ONM+INM_mieszany
Ist1,otoczka,True,True,False,True,nazwa,Ist1,7521,45.21,0.247,0.257,0.228,0.166,,,,,0.285,0.253,0.26,0.258,0.242,0.255,0.245,0.211,0.245,45.5,57.33,49.85,49.17,41.11,47.36,35.85,34.19,47.39,"SUBCELLULAR LOCATION: Cytoplasmic vesicle {ECO:0000250|UniProtKB:P53990}. Cytoplasm, cytoskeleton, microtubule organizing center, centrosome {ECO:0000250|UniProtKB:P53990}. Midbody {ECO:0000250|UniProtKB:P53990}. Nucleus envelope {ECO:0000250|UniProtKB:P53990}. Note=Localizes to centrosome and midbody of dividing cells. Colocalized with SPART to the ends of Flemming bodies during cytokinesis. Loca","SUBCELLULAR LOCATION: Cytoplasmic vesicle {ECO:0000250|UniProtKB:P53990}. Cytoplasm, cytoskeleton, microtubule organizing center, centrosome {ECO:0000250|UniProtKB:P53990}. Midbody {ECO:0000250|UniProtKB:P53990}. Nucleus envelope {ECO:0000250|UniProtKB:P53990}. Note=Localizes to centrosome and midbody of dividing cells. Colocalized with SPART to the ends of Flemming bodies during cytokinesis. Localizes to the reforming nuclear envelope on chromatin disks during late anaphase. {ECO:0000250|UniProtKB:P53990}.",NIEOKRESLONY
Tmem170,otoczka,True,True,False,True,synonim,Tmem170a,2367,14.23,0.061,0.063,0.062,0.02,,,,,0.057,0.082,0.058,0.059,0.062,0.063,0.059,0.055,0.068,10.93,21.33,14.45,14.93,12.91,15.68,11.76,10.57,16.42,SUBCELLULAR LOCATION: Endoplasmic reticulum membrane {ECO:0000250|UniProtKB:Q8WVE7}; Multi-pass membrane protein {ECO:0000255}. Nucleus envelope {ECO:0000250|UniProtKB:Q8WVE7}.,SUBCELLULAR LOCATION: Endoplasmic reticulum membrane {ECO:0000250|UniProtKB:Q8WVE7}; Multi-pass membrane protein {ECO:0000255}. Nucleus envelope {ECO:0000250|UniProtKB:Q8WVE7}.,NIEOKRESLONY
Nup133,otoczka,True,True,True,False,nazwa,Nup133,3375,20.29,0.092,0.094,0.096,-0.027,,,,,0.111,0.099,0.085,0.087,0.089,0.091,0.097,0.098,0.094,20.58,26.67,20.18,20.09,19.17,21.92,18.01,17.33,22.07,"SUBCELLULAR LOCATION: Nucleus, nuclear pore complex {ECO:0000250|UniProtKB:Q8WUM0}. Chromosome, centromere, kinetochore {ECO:0000250|UniProtKB:Q8WUM0}. Note=Located on both the cytoplasmic and nuclear sides of the nuclear pore. During mitosis, localizes to the kinetochores. {ECO:0000250|UniProtKB:Q8WUM0}.","SUBCELLULAR LOCATION: Nucleus, nuclear pore complex {ECO:0000250|UniProtKB:Q8WUM0}. Chromosome, centromere, kinetochore {ECO:0000250|UniProtKB:Q8WUM0}. Note=Located on both the cytoplasmic and nuclear sides of the nuclear pore. During mitosis, localizes to the kinetochores. {ECO:0000250|UniProtKB:Q8WUM0}.",POR_niepewny
Anxa11,otoczka,True,True,False,True,nazwa,Anxa11,2105,12.65,0.055,0.053,0.058,-0.11,,,,,0.066,0.052,0.06,0.052,0.054,0.041,0.044,0.06,0.056,12.7,16.0,14.73,12.82,12.15,10.13,7.9,11.01,13.39,"SUBCELLULAR LOCATION: Cytoplasm {ECO:0000250}. Melanosome {ECO:0000250}. Nucleus envelope {ECO:0000250}. Nucleus, nucleoplasm {ECO:0000250}. Cytoplasm, cytoskeleton, spindle {ECO:0000250}. Note=Found throughout the nucleoplasm at interphase and during mitosis concentrates around the mitotic apparatus. Elevation of intracellular calcium causes relocalization from the nucleoplasm to the nuclear enve","SUBCELLULAR LOCATION: Cytoplasm {ECO:0000250}. Melanosome {ECO:0000250}. Nucleus envelope {ECO:0000250}. Nucleus, nucleoplasm {ECO:0000250}. Cytoplasm, cytoskeleton, spindle {ECO:0000250}. Note=Found throughout the nucleoplasm at interphase and during mitosis concentrates around the mitotic apparatus. Elevation of intracellular calcium causes relocalization from the nucleoplasm to the nuclear envelope, with little effect on the cytoplasmic pool. Localization to the nuclear envelope is cell-cycle dependent. {ECO:0000250}.",NIEOKRESLONY
Nupl1,otoczka,True,True,True,False,synonim,Nup58,5519,33.18,0.163,0.176,0.148,0.235,,,,,0.197,0.156,0.156,0.187,0.162,0.186,0.185,0.143,0.153,32.96,37.33,34.61,37.46,30.88,39.13,29.78,25.11,33.51,"SUBCELLULAR LOCATION: Nucleus, nuclear pore complex {ECO:0000250|UniProtKB:P70581}. Nucleus membrane {ECO:0000250|UniProtKB:P70581}; Peripheral membrane protein {ECO:0000250|UniProtKB:P70581}; Cytoplasmic side {ECO:0000250|UniProtKB:P70581}. Nucleus membrane {ECO:0000250|UniProtKB:P70581}; Peripheral membrane protein {ECO:0000250|UniProtKB:P70581}; Nucleoplasmic side {ECO:0000250|UniProtKB:P70581}","SUBCELLULAR LOCATION: Nucleus, nuclear pore complex {ECO:0000250|UniProtKB:P70581}. Nucleus membrane {ECO:0000250|UniProtKB:P70581}; Peripheral membrane protein {ECO:0000250|UniProtKB:P70581}; Cytoplasmic side {ECO:0000250|UniProtKB:P70581}. Nucleus membrane {ECO:0000250|UniProtKB:P70581}; Peripheral membrane protein {ECO:0000250|UniProtKB:P70581}; Nucleoplasmic side {ECO:0000250|UniProtKB:P70581}. Note=Biased towards cytoplasmic side. Central region of the nuclear pore complex, within the transporter. {ECO:0000250|UniProtKB:P70581}.",ONM+INM_mieszany
Bnip3l,otoczka,True,True,False,True,nazwa,Bnip3l,4053,24.37,0.112,0.118,0.102,0.193,,,,,0.091,0.134,0.108,0.115,0.135,0.137,0.105,0.099,0.104,17.68,34.67,25.75,25.97,26.41,30.15,18.38,17.24,24.35,SUBCELLULAR LOCATION: Nucleus envelope {ECO:0000250}. Endoplasmic reticulum {ECO:0000250}. Mitochondrion outer membrane {ECO:0000250}. Membrane {ECO:0000305}; Single-pass membrane protein {ECO:0000305}. Note=Colocalizes with SPATA18 at the mitochondrion outer membrane. {ECO:0000250}.,SUBCELLULAR LOCATION: Nucleus envelope {ECO:0000250}. Endoplasmic reticulum {ECO:0000250}. Mitochondrion outer membrane {ECO:0000250}. Membrane {ECO:0000305}; Single-pass membrane protein {ECO:0000305}. Note=Colocalizes with SPATA18 at the mitochondrion outer membrane. {ECO:0000250}.,NIEOKRESLONY
Chmp7,otoczka,True,True,False,True,nazwa,Chmp7,2621,15.76,0.068,0.072,0.065,0.129,,,,,0.069,0.094,0.069,0.07,0.067,0.075,0.057,0.062,0.067,13.67,29.33,17.17,16.7,14.97,17.53,11.21,12.02,16.42,"SUBCELLULAR LOCATION: Cytoplasm {ECO:0000250|UniProtKB:Q8WUX9}. Nucleus envelope {ECO:0000250|UniProtKB:Q8WUX9}. Note=Diffused localization, with some punctate distribution, especially in the perinuclear area. Localizes to the reforming nuclear envelope on chromatin disks during late anaphase. {ECO:0000250|UniProtKB:Q8WUX9}.","SUBCELLULAR LOCATION: Cytoplasm {ECO:0000250|UniProtKB:Q8WUX9}. Nucleus envelope {ECO:0000250|UniProtKB:Q8WUX9}. Note=Diffused localization, with some punctate distribution, especially in the perinuclear area. Localizes to the reforming nuclear envelope on chromatin disks during late anaphase. {ECO:0000250|UniProtKB:Q8WUX9}.",NIEOKRESLONY
Dpy19l2,otoczka,True,True,True,False,nazwa,Dpy19l2,543,3.26,0.012,0.01,0.012,-0.138,,,,,0.011,0.003,0.011,0.013,0.011,0.011,0.011,0.012,0.013,2.73,1.33,3.27,3.77,2.77,3.38,2.57,2.56,3.82,"SUBCELLULAR LOCATION: Nucleus inner membrane {ECO:0000269|PubMed:22764053, ECO:0000269|PubMed:34471926}; Multi-pass membrane protein {ECO:0000305}. Note=Restricted to the inner nuclear membrane facing the acrosomal vesicle. The N- and C-termini are oriented towards the nucleoplasm (PubMed:22764053). Colocalizes with FAM209 at the inner nuclear membrane (PubMed:34471926). {ECO:0000269|PubMed:227640","SUBCELLULAR LOCATION: Nucleus inner membrane {ECO:0000269|PubMed:22764053, ECO:0000269|PubMed:34471926}; Multi-pass membrane protein {ECO:0000305}. Note=Restricted to the inner nuclear membrane facing the acrosomal vesicle. The N- and C-termini are oriented towards the nucleoplasm (PubMed:22764053). Colocalizes with FAM209 at the inner nuclear membrane (PubMed:34471926). {ECO:0000269|PubMed:22764053, ECO:0000269|PubMed:34471926}.",INM_niedostepny
Ei24,otoczka,True,True,False,True,nazwa,Ei24,8548,51.39,0.305,0.318,0.294,0.11,,,,,0.3,0.365,0.294,0.316,0.313,0.329,0.311,0.282,0.305,44.05,68.0,53.28,53.66,50.27,56.98,46.51,40.85,53.97,SUBCELLULAR LOCATION: Nucleus membrane {ECO:0000250}; Multi-pass membrane protein {ECO:0000250}. Cytoplasm {ECO:0000250}. Endoplasmic reticulum membrane {ECO:0000269|PubMed:15781622}; Multi-pass membrane protein {ECO:0000269|PubMed:15781622}.,SUBCELLULAR LOCATION: Nucleus membrane {ECO:0000250}; Multi-pass membrane protein {ECO:0000250}. Cytoplasm {ECO:0000250}. Endoplasmic reticulum membrane {ECO:0000269|PubMed:15781622}; Multi-pass membrane protein {ECO:0000269|PubMed:15781622}.,NIEOKRESLONY
Bcl2l10,otoczka,True,True,False,True,nazwa,Bcl2l10,94,0.57,0.002,0.002,0.002,0.0,,,,,0.001,0.0,0.002,0.004,0.003,0.002,0.002,0.002,0.002,0.16,0.0,0.45,1.0,0.67,0.64,0.37,0.43,0.56,"SUBCELLULAR LOCATION: Mitochondrion {ECO:0000250|UniProtKB:Q9HD36}. Nucleus membrane {ECO:0000250|UniProtKB:Q9HD36}. Endoplasmic reticulum {ECO:0000250|UniProtKB:Q9HD36}. Cytoplasm, cytoskeleton, spindle {ECO:0000269|PubMed:27753540}. Note=Localizes to mitochondria-associated endoplasmic reticulum membranes (MAMs) (By similarity). Localization to MAMs is greatly reduced under apoptotic stress cond","SUBCELLULAR LOCATION: Mitochondrion {ECO:0000250|UniProtKB:Q9HD36}. Nucleus membrane {ECO:0000250|UniProtKB:Q9HD36}. Endoplasmic reticulum {ECO:0000250|UniProtKB:Q9HD36}. Cytoplasm, cytoskeleton, spindle {ECO:0000269|PubMed:27753540}. Note=Localizes to mitochondria-associated endoplasmic reticulum membranes (MAMs) (By similarity). Localization to MAMs is greatly reduced under apoptotic stress conditions (By similarity). {ECO:0000250|UniProtKB:Q9HD36}.",NIEOKRESLONY
Mlip,otoczka,True,True,False,True,nazwa,Mlip,8069,48.51,0.357,0.37,0.319,0.208,,,,,0.414,0.293,0.389,0.363,0.384,0.383,0.364,0.33,0.308,48.55,58.67,54.21,50.89,49.96,50.73,39.15,40.9,45.77,"SUBCELLULAR LOCATION: Nucleus {ECO:0000269|PubMed:21498514, ECO:0000269|PubMed:22343712, ECO:0000269|PubMed:26436652, ECO:0000269|PubMed:33802236}. Nucleus envelope {ECO:0000269|PubMed:21498514}. Nucleus, PML body {ECO:0000269|PubMed:21498514}. Cytoplasm, cytosol {ECO:0000269|PubMed:21498514, ECO:0000269|PubMed:22343712, ECO:0000269|PubMed:26436652}. Cell membrane, sarcolemma {ECO:0000269|PubMed:2","SUBCELLULAR LOCATION: Nucleus {ECO:0000269|PubMed:21498514, ECO:0000269|PubMed:22343712, ECO:0000269|PubMed:26436652, ECO:0000269|PubMed:33802236}. Nucleus envelope {ECO:0000269|PubMed:21498514}. Nucleus, PML body {ECO:0000269|PubMed:21498514}. Cytoplasm, cytosol {ECO:0000269|PubMed:21498514, ECO:0000269|PubMed:22343712, ECO:0000269|PubMed:26436652}. Cell membrane, sarcolemma {ECO:0000269|PubMed:26359501}; Peripheral membrane protein {ECO:0000269|PubMed:26359501}; Cytoplasmic side {ECO:0000269|PubMed:26359501}.",ONM_dostepny
Shisa5,otoczka,True,True,False,True,nazwa,Shisa5,1265,7.6,0.032,0.031,0.033,-0.069,,,,,0.025,0.03,0.032,0.03,0.033,0.031,0.036,0.032,0.034,5.14,10.67,8.02,7.44,7.86,7.84,7.17,6.37,8.08,SUBCELLULAR LOCATION: Endoplasmic reticulum membrane {ECO:0000269|PubMed:12135983}; Single-pass type I membrane protein {ECO:0000269|PubMed:12135983}. Nucleus membrane {ECO:0000269|PubMed:12135983}.,SUBCELLULAR LOCATION: Endoplasmic reticulum membrane {ECO:0000269|PubMed:12135983}; Single-pass type I membrane protein {ECO:0000269|PubMed:12135983}. Nucleus membrane {ECO:0000269|PubMed:12135983}.,NIEOKRESLONY
Sun3,otoczka,True,True,True,False,nazwa,Sun3,52,0.31,0.001,0.001,0.001,0.0,,,,,0.003,0.003,0.002,0.001,0.0,0.001,0.0,0.001,0.001,0.64,1.33,0.45,0.39,0.13,0.25,0.18,0.14,0.31,SUBCELLULAR LOCATION: Membrane {ECO:0000305}; Single-pass membrane protein {ECO:0000305}. Nucleus envelope {ECO:0000269|PubMed:20711465}. Nucleus inner membrane {ECO:0000305}. Note=Localized to spermatid nucleus posterior pole lateral regions excluding the implantation fossa during entire sperm head elongation. {ECO:0000269|PubMed:20711465}.,SUBCELLULAR LOCATION: Membrane {ECO:0000305}; Single-pass membrane protein {ECO:0000305}. Nucleus envelope {ECO:0000269|PubMed:20711465}. Nucleus inner membrane {ECO:0000305}. Note=Localized to spermatid nucleus posterior pole lateral regions excluding the implantation fossa during entire sperm head elongation. {ECO:0000269|PubMed:20711465}.,INM_niedostepny
Egfr,otoczka,True,True,False,True,nazwa,Egfr,281,1.69,0.007,0.009,0.005,0.341,,,,,0.019,0.017,0.006,0.007,0.007,0.005,0.005,0.003,0.007,2.41,6.67,1.68,1.94,1.74,1.27,1.47,0.87,1.96,SUBCELLULAR LOCATION: Cell membrane {ECO:0000250|UniProtKB:P00533}; Single-pass type I membrane protein {ECO:0000250|UniProtKB:P00533}. Endoplasmic reticulum membrane {ECO:0000250|UniProtKB:P00533}; Single-pass type I membrane protein {ECO:0000250|UniProtKB:P00533}. Golgi apparatus membrane {ECO:0000250|UniProtKB:P00533}; Single-pass type I membrane protein {ECO:0000250|UniProtKB:P00533}. Nucleus ,"SUBCELLULAR LOCATION: Cell membrane {ECO:0000250|UniProtKB:P00533}; Single-pass type I membrane protein {ECO:0000250|UniProtKB:P00533}. Endoplasmic reticulum membrane {ECO:0000250|UniProtKB:P00533}; Single-pass type I membrane protein {ECO:0000250|UniProtKB:P00533}. Golgi apparatus membrane {ECO:0000250|UniProtKB:P00533}; Single-pass type I membrane protein {ECO:0000250|UniProtKB:P00533}. Nucleus membrane {ECO:0000250|UniProtKB:P00533}; Single-pass type I membrane protein {ECO:0000250|UniProtKB:P00533}. Endosome {ECO:0000250|UniProtKB:P00533}. Endosome membrane {ECO:0000250|UniProtKB:P00533}. Nucleus {ECO:0000250|UniProtKB:P00533}. Note=In response to EGF, translocated from the cell membrane to the nucleus via Golgi and ER. Endocytosed upon activation by ligand. Colocalized with GPER1 in the nucleus of estrogen agonist-induced cancer-associated fibroblasts (CAF). {ECO:0000250|UniProtKB:P00533}.",NIEOKRESLONY
Vrk2,otoczka,True,True,False,True,nazwa,Vrk2,398,2.39,0.009,0.009,0.009,0.0,,,,,0.012,0.005,0.009,0.009,0.014,0.008,0.005,0.01,0.008,2.41,1.33,2.24,2.33,3.35,2.36,0.92,2.08,2.42,SUBCELLULAR LOCATION: Cytoplasm {ECO:0000269|PubMed:14645249}. Endoplasmic reticulum membrane {ECO:0000269|PubMed:31142202}; Single-pass type IV membrane protein {ECO:0000255}. Mitochondrion membrane {ECO:0000250|UniProtKB:Q86Y07}; Single-pass type IV membrane protein {ECO:0000255}. Nucleus envelope {ECO:0000269|PubMed:31142202}.,SUBCELLULAR LOCATION: Cytoplasm {ECO:0000269|PubMed:14645249}. Endoplasmic reticulum membrane {ECO:0000269|PubMed:31142202}; Single-pass type IV membrane protein {ECO:0000255}. Mitochondrion membrane {ECO:0000250|UniProtKB:Q86Y07}; Single-pass type IV membrane protein {ECO:0000255}. Nucleus envelope {ECO:0000269|PubMed:31142202}.,NIEOKRESLONY
Ranbp17,otoczka,True,True,False,True,nazwa,Ranbp17,11981,72.03,0.641,0.645,0.636,0.02,,,,,0.879,0.532,0.644,0.649,0.55,0.692,0.568,0.625,0.647,75.08,78.67,75.59,74.86,66.35,75.72,61.21,63.69,74.4,"SUBCELLULAR LOCATION: Cytoplasm {ECO:0000250}. Nucleus {ECO:0000250}. Nucleus, nuclear pore complex {ECO:0000250}.","SUBCELLULAR LOCATION: Cytoplasm {ECO:0000250}. Nucleus {ECO:0000250}. Nucleus, nuclear pore complex {ECO:0000250}.",POR_niepewny
Adra1b,otoczka,True,True,False,True,nazwa,Adra1b,572,3.44,0.014,0.012,0.014,-0.126,,,,,0.013,0.003,0.014,0.012,0.015,0.013,0.015,0.014,0.015,2.73,1.33,3.75,2.83,3.53,3.25,2.94,2.99,3.89,"SUBCELLULAR LOCATION: Nucleus membrane {ECO:0000269|PubMed:22120526}; Multi-pass membrane protein. Cell membrane {ECO:0000250|UniProtKB:P35368}; Multi-pass membrane protein {ECO:0000255}. Cytoplasm {ECO:0000250|UniProtKB:P35368}. Membrane, caveola {ECO:0000250|UniProtKB:P35368}. Note=Location at the nuclear membrane facilitates heterooligomerization and regulates ERK-mediated signaling in cardiac ","SUBCELLULAR LOCATION: Nucleus membrane {ECO:0000269|PubMed:22120526}; Multi-pass membrane protein. Cell membrane {ECO:0000250|UniProtKB:P35368}; Multi-pass membrane protein {ECO:0000255}. Cytoplasm {ECO:0000250|UniProtKB:P35368}. Membrane, caveola {ECO:0000250|UniProtKB:P35368}. Note=Location at the nuclear membrane facilitates heterooligomerization and regulates ERK-mediated signaling in cardiac myocytes. Colocalizes with GNAQ, PLCB1 as well as LAP2 at the nuclear membrane of cardiac myocytes (By similarity). {ECO:0000250}.",NIEOKRESLONY
Ltc4s,otoczka,True,True,False,True,nazwa,Ltc4s,41,0.25,0.001,0.002,0.001,0.126,,,,,0.004,0.0,0.0,0.002,0.002,0.001,0.002,0.001,0.001,0.64,0.0,0.11,0.5,0.45,0.13,0.18,0.19,0.17,SUBCELLULAR LOCATION: Nucleus outer membrane {ECO:0000250|UniProtKB:Q16873}; Multi-pass membrane protein {ECO:0000250|UniProtKB:Q16873}. Endoplasmic reticulum membrane {ECO:0000250|UniProtKB:Q16873}; Multi-pass membrane protein {ECO:0000250|UniProtKB:Q16873}. Nucleus membrane {ECO:0000250|UniProtKB:Q16873}; Multi-pass membrane protein {ECO:0000250|UniProtKB:Q16873}.,SUBCELLULAR LOCATION: Nucleus outer membrane {ECO:0000250|UniProtKB:Q16873}; Multi-pass membrane protein {ECO:0000250|UniProtKB:Q16873}. Endoplasmic reticulum membrane {ECO:0000250|UniProtKB:Q16873}; Multi-pass membrane protein {ECO:0000250|UniProtKB:Q16873}. Nucleus membrane {ECO:0000250|UniProtKB:Q16873}; Multi-pass membrane protein {ECO:0000250|UniProtKB:Q16873}.,ONM_dostepny
Zfp354c,otoczka,True,True,False,True,synonim,Znf354c,3541,21.29,0.1,0.112,0.086,0.346,,,,,0.122,0.103,0.094,0.1,0.115,0.117,0.132,0.08,0.092,20.74,20.0,22.53,22.25,22.7,25.49,23.53,14.29,20.74,SUBCELLULAR LOCATION: Nucleus {ECO:0000250|UniProtKB:Q9EPU7}. Nucleus membrane {ECO:0000250|UniProtKB:Q86Y25}. Cytoplasm {ECO:0000250|UniProtKB:Q86Y25}.,SUBCELLULAR LOCATION: Nucleus {ECO:0000250|UniProtKB:Q9EPU7}. Nucleus membrane {ECO:0000250|UniProtKB:Q86Y25}. Cytoplasm {ECO:0000250|UniProtKB:Q86Y25}.,NIEOKRESLONY
Pld6,otoczka,True,True,False,True,nazwa,Pld6,1360,8.18,0.034,0.032,0.033,-0.034,,,,,0.034,0.029,0.038,0.039,0.033,0.025,0.025,0.031,0.035,6.91,9.33,9.76,9.43,7.33,6.76,5.7,6.18,8.75,SUBCELLULAR LOCATION: Mitochondrion outer membrane {ECO:0000269|PubMed:21397847}; Single-pass membrane protein {ECO:0000269|PubMed:21397847}. Nucleus membrane {ECO:0000269|PubMed:21397847}. Cell membrane {ECO:0000269|PubMed:21397847}. Golgi apparatus {ECO:0000269|PubMed:33783608}. Note=Localization in the mitochondrial outer membrane is found in different cell types where phospholipase was the pre,"SUBCELLULAR LOCATION: Mitochondrion outer membrane {ECO:0000269|PubMed:21397847}; Single-pass membrane protein {ECO:0000269|PubMed:21397847}. Nucleus membrane {ECO:0000269|PubMed:21397847}. Cell membrane {ECO:0000269|PubMed:21397847}. Golgi apparatus {ECO:0000269|PubMed:33783608}. Note=Localization in the mitochondrial outer membrane is found in different cell types where phospholipase was the predominant activity, however, in pachytene spermatocytes and spermatids of mouse testes where nuclease activity is predominant, localization is restricted to the Golgi, suggesting this enzyme is localized in different subcellular compartments depending on the role (phospholipase or nuclease) it needs to play in each cell type and developmental stage. {ECO:0000305}.",NIEOKRESLONY
Ctdnep1,otoczka,True,True,False,True,nazwa,Ctdnep1,2236,13.44,0.057,0.062,0.052,0.216,,,,,0.055,0.076,0.062,0.054,0.056,0.059,0.071,0.05,0.054,10.61,20.0,15.24,13.93,13.27,14.4,11.03,10.0,13.76,SUBCELLULAR LOCATION: Endoplasmic reticulum membrane {ECO:0000250}; Single-pass membrane protein {ECO:0000250}. Nucleus membrane {ECO:0000250}; Single-pass membrane protein {ECO:0000250}.,SUBCELLULAR LOCATION: Endoplasmic reticulum membrane {ECO:0000250}; Single-pass membrane protein {ECO:0000250}. Nucleus membrane {ECO:0000250}; Single-pass membrane protein {ECO:0000250}.,NIEOKRESLONY
Nup88,otoczka,True,True,True,False,nazwa,Nup88,6988,42.01,0.223,0.223,0.226,-0.018,,,,,0.219,0.22,0.216,0.236,0.204,0.235,0.228,0.221,0.23,37.3,54.67,43.98,46.45,37.44,45.44,34.19,34.96,44.58,"SUBCELLULAR LOCATION: Nucleus, nuclear pore complex {ECO:0000250|UniProtKB:Q99567}.","SUBCELLULAR LOCATION: Nucleus, nuclear pore complex {ECO:0000250|UniProtKB:Q99567}.",POR_niepewny
Pafah1b1,otoczka,True,True,False,True,nazwa,Pafah1b1,16314,98.08,2.988,3.064,2.874,0.092,,,,,3.068,3.223,2.871,3.081,2.985,3.337,2.886,2.679,3.07,97.27,100.0,98.52,97.78,97.45,98.09,96.14,97.49,98.79,"SUBCELLULAR LOCATION: Cytoplasm, cytoskeleton. Cytoplasm, cytoskeleton, microtubule organizing center, centrosome. Cytoplasm, cytoskeleton, spindle. Nucleus membrane {ECO:0000255|HAMAP-Rule:MF_03141}. Note=May localize to the nuclear membrane (By similarity). Localizes to the plus end of microtubules and to the centrosome. Redistributes to axons during neuronal development. Also localizes to the m","SUBCELLULAR LOCATION: Cytoplasm, cytoskeleton. Cytoplasm, cytoskeleton, microtubule organizing center, centrosome. Cytoplasm, cytoskeleton, spindle. Nucleus membrane {ECO:0000255|HAMAP-Rule:MF_03141}. Note=May localize to the nuclear membrane (By similarity). Localizes to the plus end of microtubules and to the centrosome. Redistributes to axons during neuronal development. Also localizes to the microtubules of the manchette in elongating spermatids and to the meiotic spindle in spermatocytes. {ECO:0000250}.",NIEOKRESLONY
Tmem97,otoczka,True,True,False,True,nazwa,Tmem97,502,3.02,0.013,0.015,0.012,0.184,,,,,0.016,0.021,0.015,0.012,0.012,0.011,0.019,0.012,0.011,2.89,6.67,3.49,3.33,2.59,3.38,3.31,2.46,2.76,SUBCELLULAR LOCATION: Rough endoplasmic reticulum membrane {ECO:0000250|UniProtKB:Q5BJF2}; Multi-pass membrane protein {ECO:0000255}. Nucleus membrane {ECO:0000250|UniProtKB:Q5BJF2}; Multi-pass membrane protein {ECO:0000255}.,SUBCELLULAR LOCATION: Rough endoplasmic reticulum membrane {ECO:0000250|UniProtKB:Q5BJF2}; Multi-pass membrane protein {ECO:0000255}. Nucleus membrane {ECO:0000250|UniProtKB:Q5BJF2}; Multi-pass membrane protein {ECO:0000255}.,NIEOKRESLONY
Ints2,otoczka,True,True,False,True,nazwa,Ints2,7131,42.87,0.243,0.243,0.242,0.006,,,,,0.268,0.172,0.235,0.241,0.245,0.251,0.29,0.25,0.234,40.03,41.33,44.65,45.34,40.62,45.32,38.05,37.76,44.2,SUBCELLULAR LOCATION: Nucleus {ECO:0000250|UniProtKB:Q9H0H0}. Nucleus membrane {ECO:0000250|UniProtKB:Q9H0H0}; Single-pass membrane protein {ECO:0000255}. Cytoplasm {ECO:0000250|UniProtKB:Q9H0H0}.,SUBCELLULAR LOCATION: Nucleus {ECO:0000250|UniProtKB:Q9H0H0}. Nucleus membrane {ECO:0000250|UniProtKB:Q9H0H0}; Single-pass membrane protein {ECO:0000255}. Cytoplasm {ECO:0000250|UniProtKB:Q9H0H0}.,NIEOKRESLONY
Rnf43,otoczka,True,True,False,True,nazwa,Rnf43,422,2.54,0.01,0.009,0.01,-0.074,,,,,0.009,0.007,0.01,0.008,0.009,0.011,0.012,0.009,0.012,2.25,2.67,2.74,2.05,2.19,3.19,2.57,1.79,2.93,SUBCELLULAR LOCATION: Cell membrane {ECO:0000250}; Single-pass type I membrane protein {ECO:0000250}. Endoplasmic reticulum membrane {ECO:0000305}; Single-pass type I membrane protein {ECO:0000305}. Nucleus envelope {ECO:0000250}. Note=May be secreted. {ECO:0000250}.,SUBCELLULAR LOCATION: Cell membrane {ECO:0000250}; Single-pass type I membrane protein {ECO:0000250}. Endoplasmic reticulum membrane {ECO:0000305}; Single-pass type I membrane protein {ECO:0000305}. Nucleus envelope {ECO:0000250}. Note=May be secreted. {ECO:0000250}.,NIEOKRESLONY
Lrrc59,otoczka,True,True,False,True,nazwa,Lrrc59,3341,20.09,0.091,0.092,0.082,0.149,,,,,0.088,0.088,0.092,0.095,0.103,0.094,0.087,0.074,0.091,17.04,25.33,21.44,21.2,21.72,21.48,15.62,13.86,21.08,"SUBCELLULAR LOCATION: Microsome membrane {ECO:0000250}; Single-pass type II membrane protein {ECO:0000250}. Endoplasmic reticulum membrane {ECO:0000250}; Single-pass type II membrane protein {ECO:0000250}. Nucleus envelope {ECO:0000250}. Note=Localization in the nuclear envelope depends upon the nuclear import machinery, including KPNB1. {ECO:0000250}.","SUBCELLULAR LOCATION: Microsome membrane {ECO:0000250}; Single-pass type II membrane protein {ECO:0000250}. Endoplasmic reticulum membrane {ECO:0000250}; Single-pass type II membrane protein {ECO:0000250}. Nucleus envelope {ECO:0000250}. Note=Localization in the nuclear envelope depends upon the nuclear import machinery, including KPNB1. {ECO:0000250}.",NIEOKRESLONY
Kpnb1,otoczka,True,True,False,True,nazwa,Kpnb1,9986,60.03,0.409,0.391,0.416,-0.087,,,,,0.331,0.436,0.417,0.393,0.378,0.44,0.341,0.38,0.451,46.14,77.33,63.71,60.65,54.6,66.03,46.32,50.31,65.69,SUBCELLULAR LOCATION: Cytoplasm {ECO:0000250|UniProtKB:Q14974}. Nucleus envelope {ECO:0000250|UniProtKB:Q14974}.,SUBCELLULAR LOCATION: Cytoplasm {ECO:0000250|UniProtKB:Q14974}. Nucleus envelope {ECO:0000250|UniProtKB:Q14974}.,NIEOKRESLONY
Ghdc,otoczka,True,True,False,True,nazwa,Ghdc,1022,6.14,0.026,0.03,0.024,0.234,,,,,0.031,0.039,0.026,0.026,0.029,0.025,0.032,0.025,0.023,6.75,4.0,6.63,6.44,6.52,6.31,6.8,4.68,5.92,SUBCELLULAR LOCATION: Endoplasmic reticulum {ECO:0000269|PubMed:11735219}. Nucleus envelope {ECO:0000269|PubMed:11735219}.,SUBCELLULAR LOCATION: Endoplasmic reticulum {ECO:0000269|PubMed:11735219}. Nucleus envelope {ECO:0000269|PubMed:11735219}.,NIEOKRESLONY
Tex2,otoczka,True,True,False,True,nazwa,Tex2,9620,57.83,0.393,0.418,0.388,0.105,,,,,0.451,0.466,0.368,0.404,0.387,0.433,0.414,0.39,0.386,54.5,77.33,58.6,59.93,55.81,62.72,51.1,51.42,59.74,"SUBCELLULAR LOCATION: Endoplasmic reticulum membrane {ECO:0000250|UniProtKB:Q06833}; Multi-pass membrane protein {ECO:0000255}. Nucleus membrane {ECO:0000250|UniProtKB:Q06833}; Multi-pass membrane protein {ECO:0000255}. Note=Enriched at the nucleus-vacuole junction (By similarity). During endoplasmic reticulum (ER) stress, localizes to ER-Golgi contacts (By similarity). {ECO:0000250|UniProtKB:Q068","SUBCELLULAR LOCATION: Endoplasmic reticulum membrane {ECO:0000250|UniProtKB:Q06833}; Multi-pass membrane protein {ECO:0000255}. Nucleus membrane {ECO:0000250|UniProtKB:Q06833}; Multi-pass membrane protein {ECO:0000255}. Note=Enriched at the nucleus-vacuole junction (By similarity). During endoplasmic reticulum (ER) stress, localizes to ER-Golgi contacts (By similarity). {ECO:0000250|UniProtKB:Q06833, ECO:0000250|UniProtKB:Q8IWB9}.",NIEOKRESLONY
Nup85,otoczka,True,True,False,True,nazwa,Nup85,3854,23.17,0.101,0.112,0.099,0.163,,,,,0.119,0.158,0.101,0.11,0.088,0.104,0.102,0.097,0.101,23.31,42.67,24.99,25.86,19.44,25.11,19.12,17.48,24.71,"SUBCELLULAR LOCATION: Nucleus, nuclear pore complex {ECO:0000250|UniProtKB:Q9BW27}. Chromosome, centromere, kinetochore {ECO:0000250|UniProtKB:Q9BW27}. Cytoplasm, cytoskeleton, spindle {ECO:0000250|UniProtKB:Q9BW27}. Cytoplasm {ECO:0000250|UniProtKB:Q9BW27}. Nucleus membrane {ECO:0000250|UniProtKB:Q9BW27}. Note=During mitosis, localizes to the kinetochores and spindle poles. Upon CCl2 stimulation ","SUBCELLULAR LOCATION: Nucleus, nuclear pore complex {ECO:0000250|UniProtKB:Q9BW27}. Chromosome, centromere, kinetochore {ECO:0000250|UniProtKB:Q9BW27}. Cytoplasm, cytoskeleton, spindle {ECO:0000250|UniProtKB:Q9BW27}. Cytoplasm {ECO:0000250|UniProtKB:Q9BW27}. Nucleus membrane {ECO:0000250|UniProtKB:Q9BW27}. Note=During mitosis, localizes to the kinetochores and spindle poles. Upon CCl2 stimulation translocates from the cytoplasm to the membrane and colocalizes with CCR2 at the front of migrating cells. {ECO:0000250|UniProtKB:Q9BW27}.",POR_niepewny
Qrich2,otoczka,True,True,False,True,nazwa,Qrich2,168,1.01,0.004,0.005,0.003,0.206,,,,,0.005,0.012,0.003,0.004,0.004,0.003,0.001,0.002,0.004,1.29,4.0,0.98,1.22,0.85,1.02,0.18,0.58,1.26,"SUBCELLULAR LOCATION: Nucleus membrane {ECO:0000269|PubMed:30683861}. Nucleus {ECO:0000269|PubMed:30683861}. Cytoplasm {ECO:0000269|PubMed:30683861}. Cell projection, cilium, flagellum {ECO:0000269|PubMed:30683861}. Note=Localization varies during spermatozoa development. The protein is distributed in the nuclear membrane of the spermatogonia, in the nucleus of round spermatids, in the nucleus and","SUBCELLULAR LOCATION: Nucleus membrane {ECO:0000269|PubMed:30683861}. Nucleus {ECO:0000269|PubMed:30683861}. Cytoplasm {ECO:0000269|PubMed:30683861}. Cell projection, cilium, flagellum {ECO:0000269|PubMed:30683861}. Note=Localization varies during spermatozoa development. The protein is distributed in the nuclear membrane of the spermatogonia, in the nucleus of round spermatids, in the nucleus and cytoplasm of early elongating spermatids, in the cytoplasm of late elongating spermatids, and in the flagella of epididymal spermatozoa. {ECO:0000269|PubMed:30683861}.",NIEOKRESLONY
Tmc8,otoczka,True,True,False,True,nazwa,Tmc8,19,0.11,0.0,0.001,0.0,0.138,,,,,0.0,0.005,0.001,0.0,0.0,0.001,0.002,0.0,0.0,0.0,1.33,0.17,0.06,0.0,0.25,0.37,0.0,0.12,SUBCELLULAR LOCATION: Endoplasmic reticulum membrane {ECO:0000250|UniProtKB:Q8IU68}; Multi-pass membrane protein {ECO:0000255}. Golgi apparatus membrane {ECO:0000250|UniProtKB:Q8IU68}; Multi-pass membrane protein {ECO:0000255}. Nucleus membrane {ECO:0000250|UniProtKB:Q8IU68}; Multi-pass membrane protein {ECO:0000255}.,SUBCELLULAR LOCATION: Endoplasmic reticulum membrane {ECO:0000250|UniProtKB:Q8IU68}; Multi-pass membrane protein {ECO:0000255}. Golgi apparatus membrane {ECO:0000250|UniProtKB:Q8IU68}; Multi-pass membrane protein {ECO:0000255}. Nucleus membrane {ECO:0000250|UniProtKB:Q8IU68}; Multi-pass membrane protein {ECO:0000255}.,NIEOKRESLONY
Nup153,otoczka,True,True,True,False,nazwa,Nup153,5706,34.3,0.172,0.179,0.172,0.054,,,,,0.156,0.194,0.159,0.18,0.178,0.174,0.209,0.17,0.173,28.46,48.0,34.83,36.07,33.51,36.33,33.82,28.34,36.41,"SUBCELLULAR LOCATION: Nucleus {ECO:0000269|PubMed:38129135}. Nucleus membrane. Nucleus, nuclear pore complex. Nucleus, nucleoplasm {ECO:0000269|PubMed:38129135}. Note=Dissociates from the NPC structure early during prophase of mitosis. Integrated in the newly assembled nuclear envelope of postmitotic cells early in G1 (By similarity). Localized to the nucleoplasmic side of the nuclear pore complex","SUBCELLULAR LOCATION: Nucleus {ECO:0000269|PubMed:38129135}. Nucleus membrane. Nucleus, nuclear pore complex. Nucleus, nucleoplasm {ECO:0000269|PubMed:38129135}. Note=Dissociates from the NPC structure early during prophase of mitosis. Integrated in the newly assembled nuclear envelope of postmitotic cells early in G1 (By similarity). Localized to the nucleoplasmic side of the nuclear pore complex (NPC) core structure, forming a fibrous structure called the nuclear basket. Tightly associated with the nuclear membrane and lamina. Colocalized with NUP98 and TPR to the nuclear basket at the nucleoplasmic side of the NPC. Detected in diffuse and discrete intranuclear foci. Nucleoplasmic in round spermatids. Colocalizes with NUP210L at the caudal extremity in elongating spermatids (PubMed:38129135). {ECO:0000250, ECO:0000269|PubMed:38129135}.",INM_niedostepny
Bicd2,otoczka,True,True,False,True,nazwa,Bicd2,2246,13.5,0.056,0.062,0.053,0.193,,,,,0.061,0.077,0.053,0.057,0.062,0.058,0.065,0.05,0.056,13.5,24.0,14.03,14.37,13.94,14.85,11.95,9.17,14.1,"SUBCELLULAR LOCATION: Golgi apparatus {ECO:0000269|PubMed:11483508, ECO:0000269|PubMed:12447383, ECO:0000269|PubMed:25962623}. Cytoplasm, cytoskeleton {ECO:0000269|PubMed:11483508}. Cytoplasm {ECO:0000250|UniProtKB:Q8TD16}. Nucleus, nuclear pore complex {ECO:0000250|UniProtKB:Q8TD16}. Nucleus envelope {ECO:0000250|UniProtKB:Q8TD16}. Note=In interphase cells mainly localizes to the Golgi complex an","SUBCELLULAR LOCATION: Golgi apparatus {ECO:0000269|PubMed:11483508, ECO:0000269|PubMed:12447383, ECO:0000269|PubMed:25962623}. Cytoplasm, cytoskeleton {ECO:0000269|PubMed:11483508}. Cytoplasm {ECO:0000250|UniProtKB:Q8TD16}. Nucleus, nuclear pore complex {ECO:0000250|UniProtKB:Q8TD16}. Nucleus envelope {ECO:0000250|UniProtKB:Q8TD16}. Note=In interphase cells mainly localizes to the Golgi complex and colocalizes with dynactin at microtubule plus ends (PubMed:11483508). Localizes to the nuclear envelope and cytoplasmic stacks of nuclear pore complex known as annulate lamellae in a RANBP2-dependent manner during G2 phase of the cell cycle (By similarity). {ECO:0000250|UniProtKB:Q8TD16, ECO:0000269|PubMed:11483508}.",POR_niepewny
Cetn3,otoczka,True,True,False,True,nazwa,Cetn3,7353,44.2,0.244,0.265,0.218,0.27,,,,,0.33,0.256,0.252,0.257,0.243,0.269,0.245,0.207,0.229,46.46,53.33,47.5,47.72,42.76,49.08,37.5,33.8,44.34,"SUBCELLULAR LOCATION: Cytoplasm, cytoskeleton, microtubule organizing center, centrosome {ECO:0000250|UniProtKB:O15182}. Nucleus, nucleolus {ECO:0000250|UniProtKB:O15182}. Nucleus envelope {ECO:0000250|UniProtKB:O15182}. Nucleus, nuclear pore complex {ECO:0000250|UniProtKB:O15182}. Cytoplasm, cytoskeleton, microtubule organizing center, centrosome, centriole {ECO:0000250|UniProtKB:O15182}. Note=Ce","SUBCELLULAR LOCATION: Cytoplasm, cytoskeleton, microtubule organizing center, centrosome {ECO:0000250|UniProtKB:O15182}. Nucleus, nucleolus {ECO:0000250|UniProtKB:O15182}. Nucleus envelope {ECO:0000250|UniProtKB:O15182}. Nucleus, nuclear pore complex {ECO:0000250|UniProtKB:O15182}. Cytoplasm, cytoskeleton, microtubule organizing center, centrosome, centriole {ECO:0000250|UniProtKB:O15182}. Note=Centrosome of interphase and mitotic cells. Localizes to centriole distal lumen (By similarity). Localization at the nuclear pore complex requires NUP153 and TPR (By similarity). {ECO:0000250|UniProtKB:O15182}.",POR_niepewny
Fam169a,otoczka,True,True,True,False,nazwa,Fam169a,8342,50.15,0.317,0.325,0.3,0.112,,,,,0.33,0.316,0.307,0.331,0.329,0.344,0.32,0.284,0.316,47.27,65.33,51.94,53.88,47.5,54.37,44.49,40.95,52.32,SUBCELLULAR LOCATION: Nucleus envelope {ECO:0000250}. Nucleus inner membrane {ECO:0000250}; Peripheral membrane protein {ECO:0000250}; Nucleoplasmic side {ECO:0000250}. Note=Enriched at the nuclear lamina. {ECO:0000250}.,SUBCELLULAR LOCATION: Nucleus envelope {ECO:0000250}. Nucleus inner membrane {ECO:0000250}; Peripheral membrane protein {ECO:0000250}; Nucleoplasmic side {ECO:0000250}. Note=Enriched at the nuclear lamina. {ECO:0000250}.,INM_niedostepny
Erbb2ip,otoczka,True,True,False,True,synonim,Erbin,361,2.17,0.009,0.012,0.006,0.459,,,,,0.021,0.013,0.008,0.008,0.008,0.009,0.018,0.005,0.008,4.34,4.0,2.21,2.22,1.97,2.42,2.57,1.11,2.25,"SUBCELLULAR LOCATION: Cell junction, hemidesmosome {ECO:0000250|UniProtKB:Q96RT1}. Nucleus membrane {ECO:0000269|PubMed:18802028}. Basolateral cell membrane {ECO:0000269|PubMed:16203728}. Cytoplasm {ECO:0000250|UniProtKB:Q96RT1}. Cell membrane {ECO:0000250|UniProtKB:Q96RT1}. Note=Found in hemidesmosomes, which are cell-substrate adhesion complexes in stratified epithelia. In transfected cells, eit","SUBCELLULAR LOCATION: Cell junction, hemidesmosome {ECO:0000250|UniProtKB:Q96RT1}. Nucleus membrane {ECO:0000269|PubMed:18802028}. Basolateral cell membrane {ECO:0000269|PubMed:16203728}. Cytoplasm {ECO:0000250|UniProtKB:Q96RT1}. Cell membrane {ECO:0000250|UniProtKB:Q96RT1}. Note=Found in hemidesmosomes, which are cell-substrate adhesion complexes in stratified epithelia. In transfected cells, either diffusely distributed over the cytoplasm or concentrated at the basolateral membrane (By similarity). Colocalizes with the adrenergic receptors, ADREN1A and ADREN1B, at the nuclear membrane of cardiac myocytes. {ECO:0000250|UniProtKB:Q96RT1}.",NIEOKRESLONY
Rnf180,otoczka,True,True,False,True,nazwa,Rnf180,6996,42.06,0.255,0.318,0.196,0.671,Aldoc_7,0.667,6.07559088688504e-08,6.0,0.371,0.31,0.249,0.258,0.299,0.33,0.407,0.194,0.199,46.78,56.0,43.53,43.95,46.02,52.58,50.55,29.36,38.1,SUBCELLULAR LOCATION: Endoplasmic reticulum membrane {ECO:0000269|PubMed:18363970}; Single-pass membrane protein {ECO:0000269|PubMed:18363970}. Nucleus envelope {ECO:0000269|PubMed:18363970}.,SUBCELLULAR LOCATION: Endoplasmic reticulum membrane {ECO:0000269|PubMed:18363970}; Single-pass membrane protein {ECO:0000269|PubMed:18363970}. Nucleus envelope {ECO:0000269|PubMed:18363970}.,NIEOKRESLONY
Lpin1,otoczka,True,True,False,True,nazwa,Lpin1,2212,13.3,0.058,0.067,0.058,0.179,,,,,0.055,0.101,0.052,0.061,0.054,0.07,0.076,0.059,0.058,10.61,28.0,12.97,15.48,12.02,15.11,12.32,11.2,13.95,"SUBCELLULAR LOCATION: [Isoform 1]: Mitochondrion outer membrane {ECO:0000269|PubMed:21397848}. Cytoplasm {ECO:0000269|PubMed:16049017, ECO:0000269|PubMed:21397848}. Nucleus membrane {ECO:0000269|PubMed:21397848}. Note=Recruited at the mitochondrion outer membrane following phosphatidic acid formation mediated by PLD6. In neuronals cells, isoform 1 is exclusively cytoplasmic (PubMed:21397848). In 3","SUBCELLULAR LOCATION: [Isoform 1]: Mitochondrion outer membrane {ECO:0000269|PubMed:21397848}. Cytoplasm {ECO:0000269|PubMed:16049017, ECO:0000269|PubMed:21397848}. Nucleus membrane {ECO:0000269|PubMed:21397848}. Note=Recruited at the mitochondrion outer membrane following phosphatidic acid formation mediated by PLD6. In neuronals cells, isoform 1 is exclusively cytoplasmic (PubMed:21397848). In 3T3-L1 pre-adipocytes, it primarily located in the cytoplasm (PubMed:16049017). {ECO:0000269|PubMed:16049017, ECO:0000269|PubMed:21397848}.; SUBCELLULAR LOCATION: [Isoform 2]: Nucleus {ECO:0000269|PubMed:11138012, ECO:0000269|PubMed:16049017, ECO:0000269|PubMed:17105729, ECO:0000269|PubMed:19753306, ECO:0000269|PubMed:22134922}. Cytoplasm {ECO:0000269|PubMed:19753306}. Endoplasmic reticulum membrane {ECO:0000250|UniProtKB:Q14693}. Note=Nuclear localization requires both CNEP1R1 and CTDNEP1 (PubMed:22134922). In neuronals cells, localized in both the cytoplasm and the nucleus (PubMed:19753306). In 3T3-L1 pre-adipocytes, it is predominantly nuclear (PubMed:16049017). Translocates from the cytosol to the endoplasmic reticulum following acetylation by KAT5 (By similarity). {ECO:0000250|UniProtKB:Q14693, ECO:0000269|PubMed:16049017, ECO:0000269|PubMed:19753306, ECO:0000269|PubMed:22134922}.",NIEOKRESLONY
Tmem18,otoczka,True,True,False,True,nazwa,Tmem18,1846,11.1,0.045,0.049,0.044,0.128,,,,,0.041,0.081,0.044,0.045,0.041,0.055,0.035,0.036,0.051,8.2,25.33,11.97,11.43,9.34,14.02,7.54,7.0,12.74,SUBCELLULAR LOCATION: Cytoplasm {ECO:0000250|UniProtKB:Q96B42}. Nucleus membrane {ECO:0000250|UniProtKB:Q96B42}; Multi-pass membrane protein {ECO:0000255}.,SUBCELLULAR LOCATION: Cytoplasm {ECO:0000250|UniProtKB:Q96B42}. Nucleus membrane {ECO:0000250|UniProtKB:Q96B42}; Multi-pass membrane protein {ECO:0000255}.,NIEOKRESLONY
Syne2,otoczka,True,True,False,True,nazwa,Syne2,14814,89.06,1.197,1.24,1.08,0.198,,,,,1.434,1.306,1.402,1.186,1.184,1.148,1.018,1.051,1.109,88.26,96.0,94.3,89.07,86.77,90.06,79.23,82.47,89.97,"SUBCELLULAR LOCATION: Nucleus outer membrane; Single-pass type IV membrane protein; Cytoplasmic side. Sarcoplasmic reticulum membrane {ECO:0000250}; Single-pass type IV membrane protein {ECO:0000250}. Cell membrane; Single-pass membrane protein. Cytoplasm, cytoskeleton. Mitochondrion {ECO:0000250}. Nucleus, nucleoplasm {ECO:0000250}. Note=Different isoform patterns are found in the different compa","SUBCELLULAR LOCATION: Nucleus outer membrane; Single-pass type IV membrane protein; Cytoplasmic side. Sarcoplasmic reticulum membrane {ECO:0000250}; Single-pass type IV membrane protein {ECO:0000250}. Cell membrane; Single-pass membrane protein. Cytoplasm, cytoskeleton. Mitochondrion {ECO:0000250}. Nucleus, nucleoplasm {ECO:0000250}. Note=Different isoform patterns are found in the different compartments of the cell. The isoforms having the C-terminal transmembrane span can be found in several organellar membranes like the nuclear envelope, the sarcoplasmic reticulum of myoblasts, or the lamellipodia and focal adhesions at the cell membrane. The largest part of the outer nuclear membrane-associated protein is cytoplasmic, while its C-terminal part is associated with the nuclear envelope, most probably the outer nuclear membrane. Remains associated with the nuclear envelope during its breakdown in mitotic cells. Shorter soluble isoforms can be found in the cytoplasm and within the nucleus (By similarity). {ECO:0000250}.",ONM_dostepny
Ifi27,otoczka,True,True,True,False,synonim,Ifi27l2a,543,3.26,0.014,0.013,0.012,0.064,,,,,0.018,0.007,0.015,0.015,0.017,0.011,0.009,0.009,0.015,3.38,2.67,3.3,3.77,3.26,2.8,2.21,2.08,3.92,SUBCELLULAR LOCATION: Nucleus inner membrane {ECO:0000305|PubMed:22427340}; Multi-pass membrane protein {ECO:0000255}.,SUBCELLULAR LOCATION: Nucleus inner membrane {ECO:0000305|PubMed:22427340}; Multi-pass membrane protein {ECO:0000255}.,INM_niedostepny
Ifi27l2a,otoczka,True,True,True,False,nazwa,Ifi27l2a,36,0.22,0.001,0.001,0.0,0.138,,,,,0.001,0.004,0.001,0.001,0.0,0.001,0.001,0.0,0.001,0.32,1.33,0.17,0.33,0.09,0.25,0.37,0.05,0.29,SUBCELLULAR LOCATION: Nucleus inner membrane {ECO:0000305|PubMed:22427340}; Multi-pass membrane protein {ECO:0000255}.,SUBCELLULAR LOCATION: Nucleus inner membrane {ECO:0000305|PubMed:22427340}; Multi-pass membrane protein {ECO:0000255}.,INM_niedostepny
Syne3,otoczka,True,True,False,True,nazwa,Syne3,787,4.73,0.022,0.02,0.018,0.1,,,,,0.019,0.014,0.025,0.027,0.028,0.016,0.012,0.016,0.02,2.57,4.0,5.42,5.72,5.41,4.33,2.57,3.24,4.86,SUBCELLULAR LOCATION: Nucleus outer membrane; Single-pass type IV membrane protein. Nucleus envelope. Rough endoplasmic reticulum.,SUBCELLULAR LOCATION: Nucleus outer membrane; Single-pass type IV membrane protein. Nucleus envelope. Rough endoplasmic reticulum.,ONM_dostepny
Mta1,otoczka,True,True,False,True,nazwa,Mta1,3598,21.63,0.098,0.102,0.095,0.093,,,,,0.116,0.091,0.101,0.1,0.096,0.095,0.114,0.096,0.093,21.54,26.67,23.43,23.42,20.73,22.94,18.38,17.72,21.59,"SUBCELLULAR LOCATION: Nucleus {ECO:0000269|PubMed:11483358, ECO:0000269|PubMed:20682799, ECO:0000269|PubMed:24970816}. Nucleus envelope {ECO:0000255|PROSITE-ProRule:PRU00512, ECO:0000255|PROSITE-ProRule:PRU00624}. Cytoplasm {ECO:0000269|PubMed:15077195, ECO:0000269|PubMed:20682799, ECO:0000269|PubMed:24970816}. Cytoplasm, cytoskeleton {ECO:0000250|UniProtKB:Q13330}. Note=Associated with microtubul","SUBCELLULAR LOCATION: Nucleus {ECO:0000269|PubMed:11483358, ECO:0000269|PubMed:20682799, ECO:0000269|PubMed:24970816}. Nucleus envelope {ECO:0000255|PROSITE-ProRule:PRU00512, ECO:0000255|PROSITE-ProRule:PRU00624}. Cytoplasm {ECO:0000269|PubMed:15077195, ECO:0000269|PubMed:20682799, ECO:0000269|PubMed:24970816}. Cytoplasm, cytoskeleton {ECO:0000250|UniProtKB:Q13330}. Note=Associated with microtubules. Primarily localized in the cytoplasm in embryonic tissues (PubMed:24970816). Localization at the nuclear envelope is TPR-dependent (By similarity). {ECO:0000250|UniProtKB:Q13330, ECO:0000269|PubMed:24970816}.",NIEOKRESLONY
Nup155,otoczka,True,True,True,False,nazwa,Nup155,5244,31.53,0.157,0.156,0.157,-0.009,,,,,0.157,0.152,0.15,0.163,0.168,0.145,0.16,0.157,0.157,27.65,25.33,32.23,34.18,31.32,31.04,25.74,27.91,33.32,"SUBCELLULAR LOCATION: Nucleus, nuclear pore complex {ECO:0000250|UniProtKB:P37199}. Nucleus membrane {ECO:0000250|UniProtKB:P37199}; Peripheral membrane protein {ECO:0000250|UniProtKB:P37199}; Cytoplasmic side {ECO:0000250|UniProtKB:P37199}. Nucleus membrane {ECO:0000250|UniProtKB:P37199}; Peripheral membrane protein {ECO:0000250|UniProtKB:P37199}; Nucleoplasmic side {ECO:0000250|UniProtKB:P37199}","SUBCELLULAR LOCATION: Nucleus, nuclear pore complex {ECO:0000250|UniProtKB:P37199}. Nucleus membrane {ECO:0000250|UniProtKB:P37199}; Peripheral membrane protein {ECO:0000250|UniProtKB:P37199}; Cytoplasmic side {ECO:0000250|UniProtKB:P37199}. Nucleus membrane {ECO:0000250|UniProtKB:P37199}; Peripheral membrane protein {ECO:0000250|UniProtKB:P37199}; Nucleoplasmic side {ECO:0000250|UniProtKB:P37199}. Note=In mitosis, assumes a diffuse cytoplasmic distribution probably as a monomer, before reversing back into a punctate nuclear surface localization at the end of mitosis. {ECO:0000250|UniProtKB:P37199}.",ONM+INM_mieszany
Fam105a,otoczka,True,True,False,True,synonim,Otulinl,1675,10.07,0.047,0.05,0.05,0.0,,,,,0.061,0.051,0.039,0.042,0.048,0.046,0.061,0.051,0.049,10.77,17.33,8.86,9.82,10.5,10.39,10.29,8.84,11.22,SUBCELLULAR LOCATION: Cytoplasm {ECO:0000250|UniProtKB:Q9NUU6}. Endoplasmic reticulum membrane {ECO:0000250|UniProtKB:Q9NUU6}; Peripheral membrane protein {ECO:0000250|UniProtKB:Q9NUU6}. Nucleus envelope {ECO:0000250|UniProtKB:Q9NUU6}.,SUBCELLULAR LOCATION: Cytoplasm {ECO:0000250|UniProtKB:Q9NUU6}. Endoplasmic reticulum membrane {ECO:0000250|UniProtKB:Q9NUU6}; Peripheral membrane protein {ECO:0000250|UniProtKB:Q9NUU6}. Nucleus envelope {ECO:0000250|UniProtKB:Q9NUU6}.,NIEOKRESLONY
Mtdh,otoczka,True,True,False,True,nazwa,Mtdh,14575,87.62,1.082,1.104,1.015,0.12,,,,,1.2,1.038,1.12,1.112,1.123,1.108,1.027,0.996,1.035,87.46,94.67,90.49,89.57,86.19,89.1,81.62,80.3,88.85,"SUBCELLULAR LOCATION: Endoplasmic reticulum membrane {ECO:0000250}; Single-pass membrane protein {ECO:0000250}. Nucleus membrane {ECO:0000250}; Single-pass membrane protein {ECO:0000250}. Cell junction, tight junction {ECO:0000250}. Nucleus, nucleolus {ECO:0000250}. Cytoplasm, perinuclear region {ECO:0000250}. Note=In epithelial cells, recruited to tight junctions (TJ) during the maturation of the","SUBCELLULAR LOCATION: Endoplasmic reticulum membrane {ECO:0000250}; Single-pass membrane protein {ECO:0000250}. Nucleus membrane {ECO:0000250}; Single-pass membrane protein {ECO:0000250}. Cell junction, tight junction {ECO:0000250}. Nucleus, nucleolus {ECO:0000250}. Cytoplasm, perinuclear region {ECO:0000250}. Note=In epithelial cells, recruited to tight junctions (TJ) during the maturation of the TJ complexes. A nucleolar staining may be due to nuclear targeting of an isoform lacking the transmembrane domain. TNF causes translocation from the cytoplasm to the nucleus (By similarity). {ECO:0000250}.",NIEOKRESLONY
Sun2,otoczka,True,True,False,True,nazwa,Sun2,4406,26.49,0.129,0.133,0.128,0.051,,,,,0.134,0.121,0.121,0.114,0.13,0.148,0.161,0.124,0.132,23.63,26.67,27.34,25.47,24.4,31.1,27.21,21.25,28.53,"SUBCELLULAR LOCATION: Nucleus inner membrane {ECO:0000269|PubMed:19933576}; Single-pass type II membrane protein {ECO:0000250|UniProtKB:Q9UH99}. Nucleus envelope {ECO:0000269|PubMed:17132086, ECO:0000269|PubMed:19843581, ECO:0000269|PubMed:19874786, ECO:0000269|PubMed:19933576}. Endosome membrane {ECO:0000250|UniProtKB:Q9UH99}; Single-pass type II membrane protein {ECO:0000250|UniProtKB:Q9UH99}. N","SUBCELLULAR LOCATION: Nucleus inner membrane {ECO:0000269|PubMed:19933576}; Single-pass type II membrane protein {ECO:0000250|UniProtKB:Q9UH99}. Nucleus envelope {ECO:0000269|PubMed:17132086, ECO:0000269|PubMed:19843581, ECO:0000269|PubMed:19874786, ECO:0000269|PubMed:19933576}. Endosome membrane {ECO:0000250|UniProtKB:Q9UH99}; Single-pass type II membrane protein {ECO:0000250|UniProtKB:Q9UH99}. Note=Colocalizes with KASH5 at sites of telomere attachment in meiocytes. {ECO:0000269|PubMed:24586178}.",INM_niedostepny
Rangap1,otoczka,True,True,False,True,nazwa,Rangap1,7543,45.35,0.264,0.262,0.267,-0.026,,,,,0.229,0.309,0.251,0.275,0.303,0.239,0.23,0.272,0.262,37.14,54.67,46.83,47.39,48.88,43.72,33.64,39.11,47.61,"SUBCELLULAR LOCATION: Cytoplasm {ECO:0000269|PubMed:26506250, ECO:0000269|PubMed:9442102, ECO:0000269|PubMed:9456312}. Nucleus, nucleoplasm {ECO:0000269|PubMed:26506250}. Nucleus envelope {ECO:0000269|PubMed:16469311, ECO:0000269|PubMed:18305100, ECO:0000269|PubMed:26506250, ECO:0000269|PubMed:9442102, ECO:0000269|PubMed:9456312}. Chromosome, centromere, kinetochore {ECO:0000250|UniProtKB:P46060}.","SUBCELLULAR LOCATION: Cytoplasm {ECO:0000269|PubMed:26506250, ECO:0000269|PubMed:9442102, ECO:0000269|PubMed:9456312}. Nucleus, nucleoplasm {ECO:0000269|PubMed:26506250}. Nucleus envelope {ECO:0000269|PubMed:16469311, ECO:0000269|PubMed:18305100, ECO:0000269|PubMed:26506250, ECO:0000269|PubMed:9442102, ECO:0000269|PubMed:9456312}. Chromosome, centromere, kinetochore {ECO:0000250|UniProtKB:P46060}. Cytoplasm, cytoskeleton, spindle {ECO:0000250|UniProtKB:P46060}. Note=Cytoplasmic during interphase (PubMed:26506250). Detected at the nuclear envelope during interphase (PubMed:26506250, PubMed:9442102, PubMed:9456312). Shuttles between nucleus and cytoplasm (PubMed:26506250). Targeted to the nuclear pores after sumoylation. During mitosis, associates with mitotic spindles, but is essentially not detected at the spindle poles. Association with kinetochores appears soon after nuclear envelope breakdown and persists until late anaphase. Mitotic location also requires sumoylation (By similarity). {ECO:0000250|UniProtKB:P46060, ECO:0000269|PubMed:26506250, ECO:0000269|PubMed:9442102, ECO:0000269|PubMed:9456312}.",POR_niepewny
Nup50,otoczka,True,True,True,False,nazwa,Nup50,7397,44.47,0.251,0.248,0.254,-0.033,,,,,0.207,0.316,0.249,0.244,0.235,0.277,0.209,0.234,0.274,34.73,64.0,47.05,45.06,39.63,49.78,32.9,35.63,49.64,"SUBCELLULAR LOCATION: Nucleus, nuclear pore complex. Nucleus membrane {ECO:0000250|UniProtKB:O08587}; Peripheral membrane protein {ECO:0000250|UniProtKB:O08587}; Nucleoplasmic side {ECO:0000250|UniProtKB:O08587}. Note=Localizes to the nucleoplasmic fibrils of the nuclear pore complex. Dissociates from the NPC structure early during prophase of mitosis. Associates with the newly formed nuclear memb","SUBCELLULAR LOCATION: Nucleus, nuclear pore complex. Nucleus membrane {ECO:0000250|UniProtKB:O08587}; Peripheral membrane protein {ECO:0000250|UniProtKB:O08587}; Nucleoplasmic side {ECO:0000250|UniProtKB:O08587}. Note=Localizes to the nucleoplasmic fibrils of the nuclear pore complex. Dissociates from the NPC structure early during prophase of mitosis. Associates with the newly formed nuclear membrane during telophase. In the testis, the localization changes during germ cell differentiation from the nuclear surface in spermatocytes to the whole nucleus (interior) in spermatids and back to the nuclear surface in spermatozoa. {ECO:0000250|UniProtKB:O08587, ECO:0000250|UniProtKB:Q9UKX7}.",INM_niedostepny
Prickle1,otoczka,True,True,False,True,nazwa,Prickle1,15940,95.83,2.183,2.102,2.49,-0.243,,,,,2.178,1.836,1.939,1.913,2.133,2.142,2.571,2.754,2.225,93.89,93.33,95.44,95.34,94.68,95.03,96.32,97.15,96.91,"SUBCELLULAR LOCATION: Nucleus membrane {ECO:0000250}. Cytoplasm, cytosol {ECO:0000250}. Note=A smaller amount is detected in the cytosol. {ECO:0000250}.","SUBCELLULAR LOCATION: Nucleus membrane {ECO:0000250}. Cytoplasm, cytosol {ECO:0000250}. Note=A smaller amount is detected in the cytosol. {ECO:0000250}.",NIEOKRESLONY
Aaas,otoczka,True,True,False,True,nazwa,Aaas,8377,50.36,0.311,0.327,0.241,0.425,Aldoc_3,0.526,6.534472144708429e-53,15.59,0.502,0.235,0.399,0.374,0.296,0.252,0.231,0.208,0.274,59.49,48.0,62.62,58.49,46.92,45.44,34.19,34.38,48.74,"SUBCELLULAR LOCATION: Nucleus, nuclear pore complex {ECO:0000250|UniProtKB:Q9NRG9}. Cytoplasm, cytoskeleton, spindle pole {ECO:0000250|UniProtKB:Q9NRG9}. Nucleus envelope {ECO:0000250|UniProtKB:Q9NRG9}. Note=In metaphase cells localizes within the spindle with some accumulation around spindle poles, with the highest concentration between the centrosome and metaphase plate. The localization to the ","SUBCELLULAR LOCATION: Nucleus, nuclear pore complex {ECO:0000250|UniProtKB:Q9NRG9}. Cytoplasm, cytoskeleton, spindle pole {ECO:0000250|UniProtKB:Q9NRG9}. Nucleus envelope {ECO:0000250|UniProtKB:Q9NRG9}. Note=In metaphase cells localizes within the spindle with some accumulation around spindle poles, with the highest concentration between the centrosome and metaphase plate. The localization to the spindle is microtubule-mediated. {ECO:0000250|UniProtKB:Q9NRG9}.",POR_niepewny
Dnase1,otoczka,True,True,False,True,nazwa,Dnase1,34,0.2,0.001,0.001,0.0,0.138,,,,,0.001,0.0,0.0,0.001,0.001,0.003,0.002,0.0,0.001,0.16,0.0,0.14,0.17,0.18,0.45,0.55,0.05,0.24,"SUBCELLULAR LOCATION: Secreted {ECO:0000250|UniProtKB:P24855}. Zymogen granule {ECO:0000250|UniProtKB:P24855}. Nucleus envelope {ECO:0000250|UniProtKB:P24855}. Note=Secretory protein, stored in zymogen granules and found in the nuclear envelope. {ECO:0000250|UniProtKB:P24855}.","SUBCELLULAR LOCATION: Secreted {ECO:0000250|UniProtKB:P24855}. Zymogen granule {ECO:0000250|UniProtKB:P24855}. Nucleus envelope {ECO:0000250|UniProtKB:P24855}. Note=Secretory protein, stored in zymogen granules and found in the nuclear envelope. {ECO:0000250|UniProtKB:P24855}.",NIEOKRESLONY
Rogdi,otoczka,True,True,False,True,nazwa,Rogdi,7153,43.0,0.238,0.218,0.261,-0.249,,,,,0.19,0.223,0.229,0.224,0.237,0.21,0.212,0.256,0.266,31.67,49.33,44.39,43.9,40.97,40.09,32.17,39.01,48.62,"SUBCELLULAR LOCATION: Nucleus envelope {ECO:0000250|UniProtKB:Q9GZN7}. Presynapse {ECO:0000250|UniProtKB:Q4V7D2}. Cell projection, axon {ECO:0000250|UniProtKB:Q4V7D2}. Perikaryon {ECO:0000250|UniProtKB:Q4V7D2}. Cell projection, dendrite {ECO:0000250|UniProtKB:Q4V7D2}. Cytoplasmic vesicle, secretory vesicle, synaptic vesicle {ECO:0000250|UniProtKB:Q4V7D2}. Cytoplasm {ECO:0000269|PubMed:40049412}. L","SUBCELLULAR LOCATION: Nucleus envelope {ECO:0000250|UniProtKB:Q9GZN7}. Presynapse {ECO:0000250|UniProtKB:Q4V7D2}. Cell projection, axon {ECO:0000250|UniProtKB:Q4V7D2}. Perikaryon {ECO:0000250|UniProtKB:Q4V7D2}. Cell projection, dendrite {ECO:0000250|UniProtKB:Q4V7D2}. Cytoplasmic vesicle, secretory vesicle, synaptic vesicle {ECO:0000250|UniProtKB:Q4V7D2}. Cytoplasm {ECO:0000269|PubMed:40049412}. Lysosome {ECO:0000269|PubMed:40049412}. Note=Detected primarily at presynaptic sites on axons, and to a lesser degree in soma and dendrites. Not detected at post-synaptic sites. {ECO:0000250|UniProtKB:Q4V7D2}.",NIEOKRESLONY
P2rx6,otoczka,True,True,False,True,nazwa,P2rx6,44,0.26,0.001,0.001,0.001,0.0,,,,,0.0,0.0,0.001,0.002,0.001,0.001,0.005,0.001,0.001,0.0,0.0,0.2,0.39,0.36,0.25,0.55,0.19,0.27,SUBCELLULAR LOCATION: Cell membrane {ECO:0000250|UniProtKB:O15547}; Multi-pass membrane protein {ECO:0000255}. Endoplasmic reticulum {ECO:0000250|UniProtKB:P51579}. Nucleus {ECO:0000269|PubMed:25874565}. Nucleus inner membrane {ECO:0000269|PubMed:25874565}; Multi-pass membrane protein {ECO:0000255}. Note=Monomers remain anchored to the endoplasmic reticulum (ER) membrane by the hydrophobic N-termi,"SUBCELLULAR LOCATION: Cell membrane {ECO:0000250|UniProtKB:O15547}; Multi-pass membrane protein {ECO:0000255}. Endoplasmic reticulum {ECO:0000250|UniProtKB:P51579}. Nucleus {ECO:0000269|PubMed:25874565}. Nucleus inner membrane {ECO:0000269|PubMed:25874565}; Multi-pass membrane protein {ECO:0000255}. Note=Monomers remain anchored to the endoplasmic reticulum (ER) membrane by the hydrophobic N-terminal end. The retention of P2RX6 subunit in the ER allows it to reach the nucleus. Heteromerization of P2RX6 subunits with either P2RX2 or P2RX4 subunits guides the P2RX6 subunit to the plasma membrane. In neurons, mainly expressed in the cell body of the hippocampal neurons. {ECO:0000250|UniProtKB:P51579}.",INM_niedostepny
Smpd4,otoczka,True,True,False,True,nazwa,Smpd4,6888,41.41,0.224,0.22,0.238,-0.109,,,,,0.163,0.258,0.186,0.247,0.208,0.27,0.211,0.229,0.247,29.1,52.0,38.97,44.4,37.89,48.95,34.38,36.99,46.06,"SUBCELLULAR LOCATION: Endoplasmic reticulum membrane {ECO:0000269|PubMed:25180167}; Single-pass membrane protein {ECO:0000255}. Golgi apparatus membrane {ECO:0000250|UniProtKB:Q9NXE4}; Single-pass membrane protein {ECO:0000255}. Nucleus envelope {ECO:0000269|PubMed:31142202}. Cell membrane, sarcolemma {ECO:0000269|PubMed:25180167}.","SUBCELLULAR LOCATION: Endoplasmic reticulum membrane {ECO:0000269|PubMed:25180167}; Single-pass membrane protein {ECO:0000255}. Golgi apparatus membrane {ECO:0000250|UniProtKB:Q9NXE4}; Single-pass membrane protein {ECO:0000255}. Nucleus envelope {ECO:0000269|PubMed:31142202}. Cell membrane, sarcolemma {ECO:0000269|PubMed:25180167}.",NIEOKRESLONY
Senp2,otoczka,True,True,False,True,nazwa,Senp2,14597,87.75,1.041,0.988,1.043,-0.077,,,,,0.932,0.83,1.036,0.987,1.153,0.989,0.99,1.024,1.062,82.8,92.0,89.68,88.4,88.34,86.49,82.54,82.67,89.87,"SUBCELLULAR LOCATION: [Isoform 1]: Nucleus, nuclear pore complex {ECO:0000250|UniProtKB:Q9HC62}. Nucleus membrane {ECO:0000250|UniProtKB:Q9HC62}; Peripheral membrane protein {ECO:0000250|UniProtKB:Q9HC62}; Nucleoplasmic side {ECO:0000250|UniProtKB:Q9HC62}. Note=Shuttles between cytoplasm and nucleus. {ECO:0000250|UniProtKB:Q9HC62}.; SUBCELLULAR LOCATION: [Isoform 2]: Cytoplasm {ECO:0000269|PubMed:","SUBCELLULAR LOCATION: [Isoform 1]: Nucleus, nuclear pore complex {ECO:0000250|UniProtKB:Q9HC62}. Nucleus membrane {ECO:0000250|UniProtKB:Q9HC62}; Peripheral membrane protein {ECO:0000250|UniProtKB:Q9HC62}; Nucleoplasmic side {ECO:0000250|UniProtKB:Q9HC62}. Note=Shuttles between cytoplasm and nucleus. {ECO:0000250|UniProtKB:Q9HC62}.; SUBCELLULAR LOCATION: [Isoform 2]: Cytoplasm {ECO:0000269|PubMed:11489887}. Cytoplasmic vesicle {ECO:0000269|PubMed:11489887}. Note=Found in the cytoplasm and in cytoplasmic vesicles, together with axin. {ECO:0000269|PubMed:11489887}.; SUBCELLULAR LOCATION: [Isoform 3]: Nucleus, PML body {ECO:0000269|PubMed:12419228}.",INM_niedostepny
Pla1a,otoczka,True,True,False,True,synonim,Lypla1,151,0.91,0.004,0.004,0.003,0.107,,,,,0.004,0.005,0.004,0.003,0.003,0.005,0.003,0.002,0.004,0.96,2.67,1.17,0.61,0.71,1.02,0.55,0.53,1.06,"SUBCELLULAR LOCATION: Cytoplasm {ECO:0000250|UniProtKB:O75608}. Cell membrane {ECO:0000250|UniProtKB:O75608}. Nucleus membrane {ECO:0000250|UniProtKB:O75608}. Endoplasmic reticulum {ECO:0000250|UniProtKB:O75608}. Note=Shows predominantly a cytoplasmic localization with a weak expression in the cell membrane, nuclear membrane and endoplasmic reticulum. {ECO:0000250|UniProtKB:O75608}.","SUBCELLULAR LOCATION: Cytoplasm {ECO:0000250|UniProtKB:O75608}. Cell membrane {ECO:0000250|UniProtKB:O75608}. Nucleus membrane {ECO:0000250|UniProtKB:O75608}. Endoplasmic reticulum {ECO:0000250|UniProtKB:O75608}. Note=Shows predominantly a cytoplasmic localization with a weak expression in the cell membrane, nuclear membrane and endoplasmic reticulum. {ECO:0000250|UniProtKB:O75608}.",NIEOKRESLONY
Itsn1,otoczka,True,True,False,True,nazwa,Itsn1,13427,80.72,0.765,0.796,0.825,-0.051,,,,,0.776,0.946,0.688,0.741,0.779,0.736,0.904,0.889,0.761,78.14,90.67,80.4,80.24,79.0,82.09,77.02,79.91,82.71,"SUBCELLULAR LOCATION: Endomembrane system {ECO:0000269|PubMed:16914641}. Synapse, synaptosome {ECO:0000250|UniProtKB:Q9WVE9}. Cell projection, lamellipodium {ECO:0000250|UniProtKB:Q15811}. Cell membrane {ECO:0000250|UniProtKB:Q15811}. Membrane, clathrin-coated pit {ECO:0000250|UniProtKB:Q15811}. Recycling endosome {ECO:0000250|UniProtKB:Q15811}. Endosome {ECO:0000269|PubMed:16914641}. Cytoplasmic ","SUBCELLULAR LOCATION: Endomembrane system {ECO:0000269|PubMed:16914641}. Synapse, synaptosome {ECO:0000250|UniProtKB:Q9WVE9}. Cell projection, lamellipodium {ECO:0000250|UniProtKB:Q15811}. Cell membrane {ECO:0000250|UniProtKB:Q15811}. Membrane, clathrin-coated pit {ECO:0000250|UniProtKB:Q15811}. Recycling endosome {ECO:0000250|UniProtKB:Q15811}. Endosome {ECO:0000269|PubMed:16914641}. Cytoplasmic vesicle {ECO:0000269|PubMed:16914641, ECO:0000269|PubMed:23633571}. Note=Colocalizes with SGIP1 at the plasma membrane in structures corresponding most probably to clathrin-coated pits. Colocalizes with RAB13 on cytoplasmic vesicles that are most likely recycling endosomes. {ECO:0000250|UniProtKB:Q15811}.; SUBCELLULAR LOCATION: [Isoform 2]: Cytoplasm {ECO:0000250|UniProtKB:Q15811}. Nucleus envelope {ECO:0000250|UniProtKB:Q15811}. Note=Shuttles between the cytoplasm and nucleus in an XPO1/CRM1-dependent manner. {ECO:0000250|UniProtKB:Q15811}.",NIEOKRESLONY
Slc22a3,otoczka,True,True,False,True,nazwa,Slc22a3,435,2.62,0.01,0.01,0.008,0.152,,,,,0.008,0.011,0.009,0.008,0.012,0.011,0.01,0.008,0.009,2.09,4.0,2.63,2.44,3.08,3.25,1.65,2.03,2.66,SUBCELLULAR LOCATION: Cell membrane {ECO:0000269|PubMed:27659446}; Multi-pass membrane protein {ECO:0000305}. Apical cell membrane {ECO:0000250|UniProtKB:O75751}; Multi-pass membrane protein {ECO:0000305}. Basolateral cell membrane {ECO:0000250|UniProtKB:O75751}; Multi-pass membrane protein {ECO:0000305}. Mitochondrion membrane {ECO:0000269|PubMed:27659446}. Endomembrane system {ECO:0000269|PubMed,"SUBCELLULAR LOCATION: Cell membrane {ECO:0000269|PubMed:27659446}; Multi-pass membrane protein {ECO:0000305}. Apical cell membrane {ECO:0000250|UniProtKB:O75751}; Multi-pass membrane protein {ECO:0000305}. Basolateral cell membrane {ECO:0000250|UniProtKB:O75751}; Multi-pass membrane protein {ECO:0000305}. Mitochondrion membrane {ECO:0000269|PubMed:27659446}. Endomembrane system {ECO:0000269|PubMed:27659446}. Nucleus membrane {ECO:0000305|PubMed:27659446}. Nucleus outer membrane {ECO:0000250|UniProtKB:O88446}. Note=Located to neuronal and glial endomembranes, including mitochondrial and nuclear membranes. {ECO:0000269|PubMed:27659446}.",ONM_dostepny
Lemd2,otoczka,True,True,False,True,nazwa,Lemd2,6311,37.94,0.199,0.232,0.182,0.334,,,,,0.202,0.366,0.207,0.21,0.205,0.194,0.238,0.176,0.187,33.28,50.67,41.52,41.07,37.22,39.96,35.48,30.18,37.79,"SUBCELLULAR LOCATION: Nucleus inner membrane {ECO:0000269|PubMed:16339967, ECO:0000269|PubMed:17062158}; Multi-pass membrane protein {ECO:0000269|PubMed:16339967}. Nucleus envelope {ECO:0000269|PubMed:36377660}. Cytoplasm, cytoskeleton, spindle {ECO:0000250|UniProtKB:Q8NC56}. Note=Lamina-associated protein residing in the inner nuclear membrane (INM) of the nuclear envelope (NE) (PubMed:16339967).","SUBCELLULAR LOCATION: Nucleus inner membrane {ECO:0000269|PubMed:16339967, ECO:0000269|PubMed:17062158}; Multi-pass membrane protein {ECO:0000269|PubMed:16339967}. Nucleus envelope {ECO:0000269|PubMed:36377660}. Cytoplasm, cytoskeleton, spindle {ECO:0000250|UniProtKB:Q8NC56}. Note=Lamina-associated protein residing in the inner nuclear membrane (INM) of the nuclear envelope (NE) (PubMed:16339967). The localization to the INM is dependent on LMNA (By similarity). Evenly distributed around the NE during interphase (PubMed:16339967). During metaphase, found in a reticular network (By similarity). Recruited to the reforming NE on chromatin disks in early anaphase (By similarity). In late anaphase, concentrates at the NE core proximal to spindle microtubules, and then broadening to a distributed nuclear rim pattern (By similarity). {ECO:0000250|UniProtKB:Q8NC56, ECO:0000269|PubMed:16339967}.",INM_niedostepny
Clic1,otoczka,True,True,False,True,nazwa,Clic1,577,3.47,0.014,0.015,0.012,0.184,,,,,0.016,0.007,0.012,0.016,0.015,0.024,0.015,0.008,0.015,2.73,2.67,3.16,4.22,3.62,4.84,3.12,1.64,3.89,SUBCELLULAR LOCATION: Nucleus {ECO:0000250|UniProtKB:O00299}. Nucleus membrane {ECO:0000250|UniProtKB:O00299}; Single-pass membrane protein {ECO:0000250|UniProtKB:O00299}. Cytoplasm {ECO:0000250|UniProtKB:O00299}. Cell membrane {ECO:0000250|UniProtKB:O00299}; Single-pass membrane protein {ECO:0000250|UniProtKB:O00299}. Endoplasmic reticulum {ECO:0000250|UniProtKB:Q6MG61}. Note=Mostly in the nucleu,"SUBCELLULAR LOCATION: Nucleus {ECO:0000250|UniProtKB:O00299}. Nucleus membrane {ECO:0000250|UniProtKB:O00299}; Single-pass membrane protein {ECO:0000250|UniProtKB:O00299}. Cytoplasm {ECO:0000250|UniProtKB:O00299}. Cell membrane {ECO:0000250|UniProtKB:O00299}; Single-pass membrane protein {ECO:0000250|UniProtKB:O00299}. Endoplasmic reticulum {ECO:0000250|UniProtKB:Q6MG61}. Note=Mostly in the nucleus including in the nuclear membrane. Small amount in the cytoplasm and the plasma membrane. Exists both as soluble cytoplasmic protein and as membrane protein with probably a single transmembrane domain (By similarity). Might not be present in the nucleus of cardiac cells (By similarity). {ECO:0000250|UniProtKB:O00299, ECO:0000250|UniProtKB:Q6MG61}.",NIEOKRESLONY
Nrm,otoczka,True,True,True,False,nazwa,Nrm,305,1.83,0.007,0.007,0.006,0.087,,,,,0.006,0.006,0.007,0.009,0.005,0.01,0.005,0.004,0.007,1.77,2.67,1.96,1.89,1.39,2.61,0.92,1.11,2.13,SUBCELLULAR LOCATION: Nucleus inner membrane {ECO:0000269|PubMed:28600179}; Multi-pass membrane protein {ECO:0000250|UniProtKB:Q8IXM6}.,SUBCELLULAR LOCATION: Nucleus inner membrane {ECO:0000269|PubMed:28600179}; Multi-pass membrane protein {ECO:0000250|UniProtKB:Q8IXM6}.,INM_niedostepny
Abcf1,otoczka,True,True,False,True,nazwa,Abcf1,8023,48.23,0.278,0.298,0.281,0.082,,,,,0.293,0.411,0.265,0.28,0.278,0.289,0.273,0.285,0.277,45.66,69.33,49.62,50.22,45.17,51.56,41.36,42.83,50.17,"SUBCELLULAR LOCATION: Cytoplasm {ECO:0000250|UniProtKB:Q8NE71}. Nucleus, nucleoplasm {ECO:0000250|UniProtKB:Q8NE71}. Nucleus envelope {ECO:0000250|UniProtKB:Q8NE71}.","SUBCELLULAR LOCATION: Cytoplasm {ECO:0000250|UniProtKB:Q8NE71}. Nucleus, nucleoplasm {ECO:0000250|UniProtKB:Q8NE71}. Nucleus envelope {ECO:0000250|UniProtKB:Q8NE71}.",NIEOKRESLONY
Vapa,otoczka,True,True,False,True,nazwa,Vapa,14499,87.16,1.102,1.123,1.065,0.076,,,,,0.938,1.369,1.071,1.119,1.126,1.238,0.998,0.975,1.154,80.87,94.67,88.79,89.07,84.32,89.87,79.41,80.88,90.43,"SUBCELLULAR LOCATION: Endoplasmic reticulum membrane {ECO:0000269|PubMed:10655491}; Single-pass type IV membrane protein {ECO:0000250|UniProtKB:Q9P0L0}. Cell membrane {ECO:0000250|UniProtKB:Q9P0L0}; Single-pass type IV membrane protein {ECO:0000305}. Cell junction, tight junction {ECO:0000250|UniProtKB:Q9P0L0}. Nucleus membrane {ECO:0000250|UniProtKB:Q9Z270}. Note=Present in the plasma membrane an","SUBCELLULAR LOCATION: Endoplasmic reticulum membrane {ECO:0000269|PubMed:10655491}; Single-pass type IV membrane protein {ECO:0000250|UniProtKB:Q9P0L0}. Cell membrane {ECO:0000250|UniProtKB:Q9P0L0}; Single-pass type IV membrane protein {ECO:0000305}. Cell junction, tight junction {ECO:0000250|UniProtKB:Q9P0L0}. Nucleus membrane {ECO:0000250|UniProtKB:Q9Z270}. Note=Present in the plasma membrane and in intracellular vesicles, together with SNARE proteins. May also associate with the cytoskeleton. Colocalizes with OCLN at the tight junction in polarized epithelial cells. {ECO:0000250|UniProtKB:Q9P0L0}.",NIEOKRESLONY
Spast,otoczka,True,True,False,True,nazwa,Spast,10032,60.31,0.413,0.411,0.418,-0.024,,,,,0.467,0.369,0.405,0.446,0.392,0.393,0.405,0.416,0.419,58.68,69.33,62.51,65.09,56.66,60.93,51.29,53.4,62.79,"SUBCELLULAR LOCATION: Membrane {ECO:0000255|HAMAP-Rule:MF_03021}; Peripheral membrane protein {ECO:0000255|HAMAP-Rule:MF_03021}. Endoplasmic reticulum {ECO:0000255|HAMAP-Rule:MF_03021}. Midbody {ECO:0000255|HAMAP-Rule:MF_03021}. Cytoplasm, cytoskeleton, microtubule organizing center, centrosome {ECO:0000255|HAMAP-Rule:MF_03021}. Cytoplasm, cytoskeleton {ECO:0000255|HAMAP-Rule:MF_03021}. Cytoplasm,","SUBCELLULAR LOCATION: Membrane {ECO:0000255|HAMAP-Rule:MF_03021}; Peripheral membrane protein {ECO:0000255|HAMAP-Rule:MF_03021}. Endoplasmic reticulum {ECO:0000255|HAMAP-Rule:MF_03021}. Midbody {ECO:0000255|HAMAP-Rule:MF_03021}. Cytoplasm, cytoskeleton, microtubule organizing center, centrosome {ECO:0000255|HAMAP-Rule:MF_03021}. Cytoplasm, cytoskeleton {ECO:0000255|HAMAP-Rule:MF_03021}. Cytoplasm, perinuclear region {ECO:0000255|HAMAP-Rule:MF_03021}. Nucleus {ECO:0000255|HAMAP-Rule:MF_03021}. Cytoplasm, cytoskeleton, spindle {ECO:0000255|HAMAP-Rule:MF_03021}. Cytoplasm {ECO:0000255|HAMAP-Rule:MF_03021}. Cell projection, axon {ECO:0000250|UniProtKB:Q9UBP0}. Note=Forms an intramembrane hairpin-like structure in the membrane. Localization to the centrosome is independent of microtubules. Localizes to the midbody of dividing cells, and this requires CHMP1B (By similarity). Enriched in the distal axons and branches of postmitotic neurons (By similarity). Evenly distributed along early axons and concentrates in the growth cone of the axons of late stage 3 neurons (PubMed:18234839). Mainly nuclear in interphase cells and becomes associated with the centrosomes, spindle microtubules, midzone and finally the midbody during cell division (By similarity). {ECO:0000250|UniProtKB:Q9UBP0, ECO:0000255|HAMAP-Rule:MF_03021, ECO:0000269|PubMed:18234839}.; SUBCELLULAR LOCATION: [Isoform 1]: Endoplasmic reticulum membrane {ECO:0000250|UniProtKB:Q9UBP0}; Peripheral membrane protein {ECO:0000250|UniProtKB:Q9UBP0}. Nucleus membrane {ECO:0000250|UniProtKB:Q9UBP0}. Lipid droplet {ECO:0000250|UniProtKB:Q9UBP0}. Cytoplasm, cytoskeleton {ECO:0000250|UniProtKB:Q9UBP0}. Endosome {ECO:0000250|UniProtKB:Q9UBP0}. Note=Forms an intramembrane hairpin-like structure in the membrane. Recruited to nuclear membrane by IST1 during late anaphase. Localizes to endoplasmic reticulum tubular network. {ECO:0000250|UniProtKB:Q9UBP0}.; SUBCELLULAR LOCATION: [Isoform 2]: Cytoplasm {ECO:0000250|UniProtKB:Q9UBP0}. Endosome {ECO:0000250|UniProtKB:Q9UBP0}. Nucleus membrane {ECO:0000250|UniProtKB:Q9UBP0}. Note=Constitutes the main endosomal form. Recruited to nuclear membrane by IST1 during late anaphase. {ECO:0000250|UniProtKB:Q9UBP0}.",NIEOKRESLONY
Lrpprc,otoczka,True,True,False,True,nazwa,Lrpprc,12635,75.96,0.657,0.656,0.696,-0.084,,,,,0.644,0.731,0.625,0.669,0.643,0.636,0.647,0.731,0.66,70.9,84.0,77.41,78.47,73.01,75.65,69.12,72.33,78.65,"SUBCELLULAR LOCATION: Mitochondrion {ECO:0000250}. Nucleus {ECO:0000269|PubMed:12071956}. Nucleus, nucleoplasm {ECO:0000250}. Nucleus inner membrane {ECO:0000250}. Nucleus outer membrane {ECO:0000250}.","SUBCELLULAR LOCATION: Mitochondrion {ECO:0000250}. Nucleus {ECO:0000269|PubMed:12071956}. Nucleus, nucleoplasm {ECO:0000250}. Nucleus inner membrane {ECO:0000250}. Nucleus outer membrane {ECO:0000250}.",ONM+INM_mieszany
Lmnb1,otoczka,True,True,True,False,nazwa,Lmnb1,4917,29.56,0.144,0.142,0.142,0.0,,,,,0.183,0.103,0.145,0.141,0.136,0.155,0.134,0.138,0.146,30.55,29.33,31.4,29.91,26.85,32.95,23.16,24.34,31.31,"SUBCELLULAR LOCATION: Nucleus lamina {ECO:0000269|PubMed:28241138, ECO:0000269|PubMed:39868537}. Note=Expressed in the posterior part of the nucleus during steps 9 to 12 of spermiogenesis, expression became more localized to the implantation fossa between steps 13 to 16 (PubMed:38870534). Expressed at the neck region in mature sperm (PubMed:38870534). {ECO:0000269|PubMed:38870534}.","SUBCELLULAR LOCATION: Nucleus lamina {ECO:0000269|PubMed:28241138, ECO:0000269|PubMed:39868537}. Note=Expressed in the posterior part of the nucleus during steps 9 to 12 of spermiogenesis, expression became more localized to the implantation fossa between steps 13 to 16 (PubMed:38870534). Expressed at the neck region in mature sperm (PubMed:38870534). {ECO:0000269|PubMed:38870534}.",INM_niedostepny
Iigp1,otoczka,True,True,False,True,nazwa,Iigp1,10,0.06,0.0,0.0,0.0,0.0,,,,,0.0,0.0,0.001,0.0,0.0,0.001,0.0,0.0,0.0,0.0,0.0,0.11,0.06,0.04,0.06,0.0,0.0,0.07,"SUBCELLULAR LOCATION: Cytoplasm. Nucleus membrane; Peripheral membrane protein. Endoplasmic reticulum membrane; Peripheral membrane protein. Golgi apparatus, Golgi stack membrane; Peripheral membrane protein. Parasitophorous vacuole membrane. Note=Localizes to the bacterial inclusions formed following C.trachomatis infection. Accumulates in a GTP-bound form on the parasitophorous vacuole membranes","SUBCELLULAR LOCATION: Cytoplasm. Nucleus membrane; Peripheral membrane protein. Endoplasmic reticulum membrane; Peripheral membrane protein. Golgi apparatus, Golgi stack membrane; Peripheral membrane protein. Parasitophorous vacuole membrane. Note=Localizes to the bacterial inclusions formed following C.trachomatis infection. Accumulates in a GTP-bound form on the parasitophorous vacuole membranes formed following T.gondii infection but exists in a GDP-bound form in uninfected cells.; SUBCELLULAR LOCATION: Parasitophorous vacuole membrane; Peripheral membrane protein {ECO:0000269|PubMed:24324375, ECO:0000269|PubMed:24390541}. Note=(Microbial infection).",NIEOKRESLONY
Seh1l,otoczka,True,True,False,True,nazwa,Seh1l,3658,21.99,0.1,0.102,0.096,0.079,,,,,0.151,0.071,0.092,0.107,0.099,0.113,0.084,0.094,0.097,23.15,25.33,21.89,24.47,21.22,26.07,15.07,17.48,22.8,"SUBCELLULAR LOCATION: Chromosome, centromere, kinetochore {ECO:0000250|UniProtKB:Q96EE3}. Nucleus, nuclear pore complex {ECO:0000250|UniProtKB:Q96EE3}. Lysosome membrane {ECO:0000250|UniProtKB:Q96EE3}.","SUBCELLULAR LOCATION: Chromosome, centromere, kinetochore {ECO:0000250|UniProtKB:Q96EE3}. Nucleus, nuclear pore complex {ECO:0000250|UniProtKB:Q96EE3}. Lysosome membrane {ECO:0000250|UniProtKB:Q96EE3}.",POR_niepewny
Banf1,otoczka,True,True,False,True,nazwa,Banf1,1877,11.28,0.048,0.059,0.042,0.408,,,,,0.037,0.1,0.052,0.05,0.052,0.055,0.065,0.04,0.043,8.04,22.67,12.27,12.82,11.57,13.0,11.03,7.73,11.05,"SUBCELLULAR LOCATION: Nucleus {ECO:0000250|UniProtKB:O75531}. Chromosome {ECO:0000250|UniProtKB:O75531}. Nucleus envelope {ECO:0000250|UniProtKB:O75531}. Cytoplasm {ECO:0000250|UniProtKB:O75531}. Note=Significantly enriched at the nuclear inner membrane, diffusely throughout the nucleus during interphase and concentrated at the chromosomes during the M-phase. The phosphorylated form (by VRK1) show","SUBCELLULAR LOCATION: Nucleus {ECO:0000250|UniProtKB:O75531}. Chromosome {ECO:0000250|UniProtKB:O75531}. Nucleus envelope {ECO:0000250|UniProtKB:O75531}. Cytoplasm {ECO:0000250|UniProtKB:O75531}. Note=Significantly enriched at the nuclear inner membrane, diffusely throughout the nucleus during interphase and concentrated at the chromosomes during the M-phase. The phosphorylated form (by VRK1) shows a cytoplasmic localization whereas the unphosphorylated form locates almost exclusively in the nucleus. May be included in HIV-1 virions via its interaction with viral GAG polyprotein. {ECO:0000250|UniProtKB:O75531}.",NIEOKRESLONY
Pla2g16,otoczka,True,True,False,True,synonim,Plaat3,704,4.23,0.017,0.017,0.017,0.0,,,,,0.013,0.027,0.018,0.019,0.016,0.017,0.008,0.017,0.017,2.89,8.0,4.86,4.88,3.8,4.02,1.84,3.77,4.4,"SUBCELLULAR LOCATION: Cell membrane {ECO:0000250|UniProtKB:P53817}; Single-pass membrane protein {ECO:0000255}. Cytoplasm {ECO:0000269|PubMed:18614531, ECO:0000269|PubMed:33854238}. Cytoplasm, cytosol {ECO:0000269|PubMed:33854238}. Cytoplasm, perinuclear region {ECO:0000269|PubMed:18614531}. Peroxisome membrane {ECO:0000269|PubMed:22134920}; Single-pass membrane protein {ECO:0000305}. Mitochondrio","SUBCELLULAR LOCATION: Cell membrane {ECO:0000250|UniProtKB:P53817}; Single-pass membrane protein {ECO:0000255}. Cytoplasm {ECO:0000269|PubMed:18614531, ECO:0000269|PubMed:33854238}. Cytoplasm, cytosol {ECO:0000269|PubMed:33854238}. Cytoplasm, perinuclear region {ECO:0000269|PubMed:18614531}. Peroxisome membrane {ECO:0000269|PubMed:22134920}; Single-pass membrane protein {ECO:0000305}. Mitochondrion membrane {ECO:0000269|PubMed:33854238}; Single-pass membrane protein {ECO:0000305}. Nucleus envelope {ECO:0000269|PubMed:33854238}. Lysosome membrane {ECO:0000269|PubMed:33854238}; Single-pass membrane protein {ECO:0000305}. Endoplasmic reticulum membrane {ECO:0000269|PubMed:33854238}; Single-pass membrane protein {ECO:0000305}. Note=During eye lens differentiation, recruited from the cytosol to various organelles, including mitochondria, endoplasmic reticulum, nuclear envelope and lysosomes, immediately before organelle degradation. This translocation is triggered by organelle membrane damage and requires the C-terminal transmembrane domain. {ECO:0000269|PubMed:33854238}.",NIEOKRESLONY
Nxf1,otoczka,True,True,False,True,nazwa,Nxf1,7336,44.1,0.247,0.257,0.241,0.089,,,,,0.289,0.234,0.242,0.256,0.25,0.235,0.295,0.241,0.241,44.53,48.0,45.35,46.56,42.14,45.51,44.3,37.04,45.87,"SUBCELLULAR LOCATION: Nucleus, nucleoplasm {ECO:0000250|UniProtKB:Q9UBU9}. Nucleus speckle {ECO:0000250|UniProtKB:Q9UBU9}. Cytoplasm {ECO:0000250|UniProtKB:Q9UBU9}. Nucleus, nuclear pore complex {ECO:0000250|UniProtKB:Q9UBU9}. Nucleus envelope {ECO:0000250|UniProtKB:Q9UBU9}. Cytoplasm, Stress granule {ECO:0000250|UniProtKB:Q9UBU9}. Note=Localized predominantly in the nucleoplasm and at both the nu","SUBCELLULAR LOCATION: Nucleus, nucleoplasm {ECO:0000250|UniProtKB:Q9UBU9}. Nucleus speckle {ECO:0000250|UniProtKB:Q9UBU9}. Cytoplasm {ECO:0000250|UniProtKB:Q9UBU9}. Nucleus, nuclear pore complex {ECO:0000250|UniProtKB:Q9UBU9}. Nucleus envelope {ECO:0000250|UniProtKB:Q9UBU9}. Cytoplasm, Stress granule {ECO:0000250|UniProtKB:Q9UBU9}. Note=Localized predominantly in the nucleoplasm and at both the nucleoplasmic and cytoplasmic faces of the nuclear pore complex. Shuttles between the nucleus and the cytoplasm. Travels to the cytoplasm as part of the exon junction complex (EJC) bound to mRNA. The association with the TREX complex seems to occur in regions surrounding nuclear speckles known as perispeckles. Nucleus; nuclear rim. {ECO:0000250|UniProtKB:Q9UBU9}.",POR_niepewny
Ints5,otoczka,True,True,False,True,nazwa,Ints5,1053,6.33,0.027,0.027,0.026,0.04,,,,,0.022,0.021,0.027,0.022,0.035,0.031,0.029,0.027,0.024,4.98,6.67,6.82,5.88,7.1,6.31,6.25,5.31,6.41,SUBCELLULAR LOCATION: Nucleus {ECO:0000250|UniProtKB:Q6P9B9}. Cytoplasm {ECO:0000250|UniProtKB:Q6P9B9}. Nucleus membrane {ECO:0000250|UniProtKB:Q6P9B9}; Multi-pass membrane protein {ECO:0000255}.,SUBCELLULAR LOCATION: Nucleus {ECO:0000250|UniProtKB:Q6P9B9}. Cytoplasm {ECO:0000250|UniProtKB:Q6P9B9}. Nucleus membrane {ECO:0000250|UniProtKB:Q6P9B9}; Multi-pass membrane protein {ECO:0000255}.,NIEOKRESLONY
Tmem109,otoczka,True,True,False,True,nazwa,Tmem109,1137,6.84,0.029,0.034,0.022,0.459,,,,,0.047,0.036,0.032,0.031,0.032,0.031,0.032,0.021,0.024,9.49,9.33,8.05,7.55,7.24,7.14,7.35,3.91,6.09,SUBCELLULAR LOCATION: Nucleus outer membrane {ECO:0000250|UniProtKB:O77751}; Multi-pass membrane protein {ECO:0000250|UniProtKB:O77751}. Endoplasmic reticulum membrane {ECO:0000250|UniProtKB:O77751}; Multi-pass membrane protein {ECO:0000250|UniProtKB:O77751}. Sarcoplasmic reticulum membrane {ECO:0000250|UniProtKB:O77751}; Multi-pass membrane protein {ECO:0000250|UniProtKB:O77751}.,SUBCELLULAR LOCATION: Nucleus outer membrane {ECO:0000250|UniProtKB:O77751}; Multi-pass membrane protein {ECO:0000250|UniProtKB:O77751}. Endoplasmic reticulum membrane {ECO:0000250|UniProtKB:O77751}; Multi-pass membrane protein {ECO:0000250|UniProtKB:O77751}. Sarcoplasmic reticulum membrane {ECO:0000250|UniProtKB:O77751}; Multi-pass membrane protein {ECO:0000250|UniProtKB:O77751}.,ONM_dostepny
Gnaq,otoczka,True,True,False,True,nazwa,Gnaq,16480,99.07,4.604,4.94,3.852,0.358,,,,,6.244,3.778,5.044,5.172,4.457,5.309,4.577,3.686,4.019,99.84,98.67,99.38,99.11,98.35,99.36,98.16,98.99,99.13,SUBCELLULAR LOCATION: Cell membrane {ECO:0000269|PubMed:19001095}; Peripheral membrane protein {ECO:0000269|PubMed:19001095}; Cytoplasmic side {ECO:0000269|PubMed:19001095}. Golgi apparatus {ECO:0000250|UniProtKB:P50148}. Nucleus {ECO:0000269|PubMed:18802028}. Nucleus membrane {ECO:0000269|PubMed:18802028}. Note=Associated to the plasma membrane via lipid-anchor (By similarity). Colocalizes with t,"SUBCELLULAR LOCATION: Cell membrane {ECO:0000269|PubMed:19001095}; Peripheral membrane protein {ECO:0000269|PubMed:19001095}; Cytoplasmic side {ECO:0000269|PubMed:19001095}. Golgi apparatus {ECO:0000250|UniProtKB:P50148}. Nucleus {ECO:0000269|PubMed:18802028}. Nucleus membrane {ECO:0000269|PubMed:18802028}. Note=Associated to the plasma membrane via lipid-anchor (By similarity). Colocalizes with the adrenergic receptors ADRA1A and ADRA1B at the nuclear membrane of cardiac myocytes (PubMed:18802028). {ECO:0000250|UniProtKB:P50148, ECO:0000269|PubMed:18802028}.",ONM_dostepny
Plpp6,otoczka,True,True,False,True,nazwa,Plpp6,5738,34.5,0.175,0.187,0.145,0.346,,,,,0.104,0.244,0.184,0.189,0.197,0.214,0.178,0.116,0.174,19.61,53.33,37.94,38.96,35.17,40.6,31.8,20.71,36.05,SUBCELLULAR LOCATION: Endoplasmic reticulum membrane {ECO:0000250|UniProtKB:Q8IY26}; Multi-pass membrane protein {ECO:0000250|UniProtKB:Q8IY26}. Nucleus envelope {ECO:0000250|UniProtKB:Q8IY26}. Nucleus inner membrane {ECO:0000250|UniProtKB:Q8IY26}.,SUBCELLULAR LOCATION: Endoplasmic reticulum membrane {ECO:0000250|UniProtKB:Q8IY26}; Multi-pass membrane protein {ECO:0000250|UniProtKB:Q8IY26}. Nucleus envelope {ECO:0000250|UniProtKB:Q8IY26}. Nucleus inner membrane {ECO:0000250|UniProtKB:Q8IY26}.,INM_niedostepny
Myof,otoczka,True,True,False,True,nazwa,Myof,117,0.7,0.003,0.003,0.003,0.0,,,,,0.002,0.0,0.003,0.004,0.002,0.002,0.006,0.002,0.004,0.32,0.0,0.62,1.0,0.63,0.51,1.1,0.48,0.89,"SUBCELLULAR LOCATION: Cell membrane {ECO:0000269|PubMed:16280346, ECO:0000269|PubMed:17702744}; Single-pass type IV membrane protein {ECO:0000305}. Nucleus membrane {ECO:0000250|UniProtKB:Q9NZM1}; Single-pass type IV membrane protein {ECO:0000305}. Cytoplasmic vesicle membrane {ECO:0000250|UniProtKB:Q9NZM1}; Single-pass type IV membrane protein {ECO:0000305}. Late endosome membrane {ECO:0000250|Un","SUBCELLULAR LOCATION: Cell membrane {ECO:0000269|PubMed:16280346, ECO:0000269|PubMed:17702744}; Single-pass type IV membrane protein {ECO:0000305}. Nucleus membrane {ECO:0000250|UniProtKB:Q9NZM1}; Single-pass type IV membrane protein {ECO:0000305}. Cytoplasmic vesicle membrane {ECO:0000250|UniProtKB:Q9NZM1}; Single-pass type IV membrane protein {ECO:0000305}. Late endosome membrane {ECO:0000250|UniProtKB:Q9NZM1}; Single-pass type IV membrane protein {ECO:0000305}. Note=Enriched in undifferentiated myoblasts near the plasma membrane in puncate structures (By similarity). Concentrated at the membrane sites of both myoblast-myoblast and myoblast-myotube fusions. Detected at the plasmalemma in endothelial cells lining intact blood vessels. {ECO:0000250|UniProtKB:Q9NZM1, ECO:0000269|PubMed:16280346, ECO:0000269|PubMed:17702744}.",NIEOKRESLONY
Rrp12,otoczka,True,True,True,False,nazwa,Rrp12,3957,23.79,0.108,0.111,0.11,0.012,,,,,0.091,0.146,0.107,0.108,0.105,0.12,0.103,0.111,0.108,16.72,36.0,24.83,25.31,22.25,26.64,19.67,20.28,25.12,"SUBCELLULAR LOCATION: Nucleus, nucleolus {ECO:0000250|UniProtKB:Q5JTH9}. Nucleus membrane {ECO:0000305}; Single-pass membrane protein {ECO:0000255}.","SUBCELLULAR LOCATION: Nucleus, nucleolus {ECO:0000250|UniProtKB:Q5JTH9}. Nucleus membrane {ECO:0000305}; Single-pass membrane protein {ECO:0000255}.",NIEOKRESLONY
Fam209,otoczka,True,True,True,False,nazwa,Fam209,2,0.01,0.0,0.0,0.0,0.0,,,,,0.0,0.0,0.0,0.0,0.0,0.0,0.0,0.0,0.0,0.0,0.0,0.03,0.0,0.04,0.0,0.0,0.0,0.0,SUBCELLULAR LOCATION: Nucleus inner membrane {ECO:0000269|PubMed:34471926}; Single-pass type I membrane protein {ECO:0000255}.,SUBCELLULAR LOCATION: Nucleus inner membrane {ECO:0000269|PubMed:34471926}; Single-pass type I membrane protein {ECO:0000255}.,INM_niedostepny
Ptgs2,otoczka,True,True,False,True,nazwa,Ptgs2,2,0.01,0.0,0.0,0.0,0.0,,,,,0.0,0.0,0.0,0.0,0.0,0.0,0.0,0.0,0.0,0.0,0.0,0.03,0.0,0.0,0.0,0.0,0.0,0.02,SUBCELLULAR LOCATION: Microsome membrane {ECO:0000269|PubMed:9545330}; Peripheral membrane protein. Endoplasmic reticulum membrane {ECO:0000269|PubMed:9545330}; Peripheral membrane protein. Nucleus inner membrane {ECO:0000305|PubMed:9545330}; Peripheral membrane protein. Nucleus outer membrane {ECO:0000305|PubMed:9545330}; Peripheral membrane protein. Note=Detected on the lumenal side of the endop,SUBCELLULAR LOCATION: Microsome membrane {ECO:0000269|PubMed:9545330}; Peripheral membrane protein. Endoplasmic reticulum membrane {ECO:0000269|PubMed:9545330}; Peripheral membrane protein. Nucleus inner membrane {ECO:0000305|PubMed:9545330}; Peripheral membrane protein. Nucleus outer membrane {ECO:0000305|PubMed:9545330}; Peripheral membrane protein. Note=Detected on the lumenal side of the endoplasmic reticulum and nuclear envelope. {ECO:0000250|UniProtKB:P35354}.,ONM+INM_mieszany
Tmco5,otoczka,True,True,False,True,synonim,Tmco5a,5,0.03,0.0,0.0,0.0,0.0,,,,,0.0,0.0,0.0,0.0,0.001,0.0,0.0,0.0,0.0,0.0,0.0,0.0,0.0,0.13,0.0,0.0,0.05,0.02,"SUBCELLULAR LOCATION: Endoplasmic reticulum membrane {ECO:0000250|UniProtKB:D3ZNV2}; Single-pass membrane protein {ECO:0000255}. Nucleus membrane {ECO:0000250|UniProtKB:D3ZNV2}; Single-pass membrane protein {ECO:0000255}. Cytoplasm, cytoskeleton {ECO:0000269|PubMed:31393949}. Note=Localizes to the manchette in elongating spermatids. {ECO:0000269|PubMed:31393949}.","SUBCELLULAR LOCATION: Endoplasmic reticulum membrane {ECO:0000250|UniProtKB:D3ZNV2}; Single-pass membrane protein {ECO:0000255}. Nucleus membrane {ECO:0000250|UniProtKB:D3ZNV2}; Single-pass membrane protein {ECO:0000255}. Cytoplasm, cytoskeleton {ECO:0000269|PubMed:31393949}. Note=Localizes to the manchette in elongating spermatids. {ECO:0000269|PubMed:31393949}.",NIEOKRESLONY
Sun5,otoczka,True,True,False,True,nazwa,Sun5,1,0.01,0.0,0.0,0.0,0.0,,,,,0.0,0.0,0.0,0.0,0.0,0.0,0.0,0.0,0.0,0.0,0.0,0.03,0.0,0.0,0.0,0.0,0.0,0.0,"SUBCELLULAR LOCATION: Nucleus inner membrane {ECO:0000269|PubMed:21159740, ECO:0000269|PubMed:25775128, ECO:0000269|PubMed:28945193, ECO:0000269|PubMed:29298896}; Single-pass membrane protein {ECO:0000269|PubMed:21159740}. Golgi apparatus {ECO:0000269|PubMed:25775128}. Note=During spermiogenesis, traffics through the Golgi apparatus before reaching the round spermatid inner membrane of the nuclear","SUBCELLULAR LOCATION: Nucleus inner membrane {ECO:0000269|PubMed:21159740, ECO:0000269|PubMed:25775128, ECO:0000269|PubMed:28945193, ECO:0000269|PubMed:29298896}; Single-pass membrane protein {ECO:0000269|PubMed:21159740}. Golgi apparatus {ECO:0000269|PubMed:25775128}. Note=During spermiogenesis, traffics through the Golgi apparatus before reaching the round spermatid inner membrane of the nuclear envelope and later migrates to the coupling apparatus of the sperm during sperm head elongation and differentiation (PubMed:21711156). Expressed at the sperm implantation fossa in spermatids from step 9 to 16 of spermiogenesis (PubMed:38870534). In mature spermatozoa, is localized to the coupling apparatus of the sperm head and tail in the implementation fossa. Expressed at the neck region in mature sperm (PubMed:38870534). {ECO:0000269|PubMed:21159740, ECO:0000269|PubMed:21711156, ECO:0000269|PubMed:25775128, ECO:0000269|PubMed:28945193, ECO:0000269|PubMed:38870534}.",INM_niedostepny
Ambp,otoczka,True,True,False,True,nazwa,Ambp,12,0.07,0.0,0.0,0.0,0.0,,,,,0.0,0.0,0.0,0.0,0.0,0.0,0.001,0.0,0.0,0.0,0.0,0.08,0.11,0.09,0.06,0.18,0.05,0.05,"SUBCELLULAR LOCATION: [Alpha-1-microglobulin]: Secreted {ECO:0000250|UniProtKB:P02760}. Endoplasmic reticulum {ECO:0000250|UniProtKB:P02760}. Cytoplasm, cytosol {ECO:0000250|UniProtKB:P02760}. Cell membrane {ECO:0000250|UniProtKB:P02760}; Peripheral membrane protein {ECO:0000250|UniProtKB:P02760}. Nucleus membrane {ECO:0000250|UniProtKB:P02760}; Peripheral membrane protein {ECO:0000250|UniProtKB:P","SUBCELLULAR LOCATION: [Alpha-1-microglobulin]: Secreted {ECO:0000250|UniProtKB:P02760}. Endoplasmic reticulum {ECO:0000250|UniProtKB:P02760}. Cytoplasm, cytosol {ECO:0000250|UniProtKB:P02760}. Cell membrane {ECO:0000250|UniProtKB:P02760}; Peripheral membrane protein {ECO:0000250|UniProtKB:P02760}. Nucleus membrane {ECO:0000250|UniProtKB:P02760}; Peripheral membrane protein {ECO:0000250|UniProtKB:P02760}. Mitochondrion inner membrane {ECO:0000250|UniProtKB:P02760}; Peripheral membrane protein {ECO:0000250|UniProtKB:P02760}. Secreted, extracellular space, extracellular matrix {ECO:0000250|UniProtKB:P02760}. Note=The cellular uptake occurs via a non-endocytotic pathway and allows for localization to various membrane structures. A specific binding to plasma membrane suggests the presence of a cell receptor, yet to be identified. Directly binds collagen fibers type I. {ECO:0000250|UniProtKB:P02760}.; SUBCELLULAR LOCATION: [Inter-alpha-trypsin inhibitor light chain]: Secreted {ECO:0000250|UniProtKB:P02760}.",NIEOKRESLONY
Oit3,otoczka,True,True,True,False,nazwa,Oit3,15,0.09,0.0,0.0,0.0,0.0,,,,,0.001,0.0,0.0,0.0,0.0,0.001,0.001,0.0,0.0,0.16,0.0,0.11,0.06,0.09,0.19,0.18,0.0,0.07,SUBCELLULAR LOCATION: Nucleus envelope {ECO:0000269|PubMed:15346761}. Note=Secreted into blood in a truncated form.,SUBCELLULAR LOCATION: Nucleus envelope {ECO:0000269|PubMed:15346761}. Note=Secreted into blood in a truncated form.,NIEOKRESLONY
